row,col,red_original_dist,red_corrected_dist,red_improvement,green_original_dist,green_corrected_dist,green_improvement,blue_original_dist,blue_corrected_dist,blue_improvement
0,0,20.223748416156685,0.0,100.0,18.708286933869708,0.0,100.0,11.224972160321824,0.0,100.0
0,1,14.696938456699069,0.0,100.0,11.224972160321824,0.0,100.0,16.401219466856727,0.0,100.0
0,2,14.966629547095765,0.0,100.0,4.358898943540674,0.0,100.0,13.0,0.0,100.0
0,3,5.0990195135927845,0.0,100.0,25.099800796022265,0.0,100.0,5.656854249492381,0.0,100.0
0,4,19.72308292331602,0.0,100.0,23.021728866442675,0.0,100.0,23.430749027719962,0.0,100.0
0,5,18.027756377319946,0.0,100.0,18.547236990991408,0.0,100.0,16.673332000533065,0.0,100.0
0,6,17.804493814764857,0.0,100.0,21.047565179849187,0.0,100.0,17.08800749063506,0.0,100.0
0,7,25.80697580112788,0.0,100.0,14.177446878757825,0.0,100.0,24.779023386727733,0.0,100.0
0,8,23.08679276123039,0.0,100.0,13.490737563232042,0.0,100.0,17.46424919657298,0.0,100.0
0,9,9.273618495495704,0.0,100.0,18.601075237738275,0.0,100.0,17.11724276862369,0.0,100.0
0,10,21.42428528562855,0.0,100.0,25.80697580112788,0.0,100.0,17.46424919657298,0.0,100.0
0,11,9.695359714832659,0.0,100.0,21.18962010041709,0.0,100.0,15.905973720586866,0.0,100.0
0,12,21.470910553583888,0.0,100.0,25.475478405713993,0.0,100.0,15.620499351813308,0.0,100.0
0,13,18.466185312619388,0.0,100.0,26.70205984563738,0.0,100.0,16.673332000533065,0.0,100.0
0,14,8.306623862918075,0.0,100.0,19.6468827043885,0.0,100.0,15.0996688705415,0.0,100.0
0,15,23.40939982143925,0.0,100.0,22.22611077089287,0.0,100.0,21.748563170931547,0.0,100.0
0,16,10.488088481701515,0.0,100.0,19.949937343260004,0.0,100.0,20.46948949045872,0.0,100.0
0,17,24.413111231467404,0.0,100.0,21.400934559032695,0.0,100.0,16.673332000533065,0.0,100.0
0,18,20.223748416156685,0.0,100.0,21.42428528562855,0.0,100.0,10.246950765959598,0.0,100.0
0,19,15.297058540778355,0.0,100.0,26.476404589747453,0.0,100.0,14.45683229480096,0.0,100.0
0,20,17.72004514666935,0.0,100.0,12.449899597988733,0.0,100.0,21.470910553583888,0.0,100.0
0,21,27.748873851023216,0.0,100.0,18.466185312619388,0.0,100.0,21.118712081942874,0.0,100.0
0,22,16.911534525287763,0.0,100.0,17.11724276862369,0.0,100.0,23.600847442411894,0.0,100.0
0,23,18.973665961010276,0.0,100.0,27.294688127912362,0.0,100.0,21.42428528562855,0.0,100.0
0,24,25.15949125081825,0.0,100.0,26.888659319497503,0.0,100.0,20.73644135332772,0.0,100.0
0,25,13.784048752090222,0.0,100.0,16.55294535724685,0.0,100.0,20.591260281974,0.0,100.0
0,26,21.633307652783937,0.0,100.0,23.40939982143925,0.0,100.0,11.74734012447073,0.0,100.0
0,27,25.39685019840059,0.0,100.0,21.18962010041709,0.0,100.0,27.16615541441225,0.0,100.0
0,28,16.64331697709324,0.0,100.0,17.549928774784245,0.0,100.0,19.026297590440446,0.0,100.0
0,29,26.720778431774775,0.0,100.0,16.186414056238647,0.0,100.0,27.367864366808018,0.0,100.0
0,30,23.173260452512935,0.0,100.0,21.97726097583591,0.0,100.0,16.0312195418814,0.0,100.0
0,31,23.790754506740637,0.0,100.0,13.490737563232042,0.0,100.0,24.919871588754223,0.0,100.0
0,32,18.275666882497067,0.0,100.0,13.601470508735444,0.0,100.0,12.36931687685298,0.0,100.0
0,33,17.029386365926403,0.0,100.0,19.6468827043885,0.0,100.0,20.42057785666214,0.0,100.0
0,34,14.7648230602334,0.0,100.0,18.275666882497067,0.0,100.0,21.213203435596427,0.0,100.0
0,35,19.82422760159901,0.0,100.0,23.430749027719962,0.0,100.0,3.605551275463989,0.0,100.0
0,36,19.28730152198591,0.0,100.0,26.076809620810597,0.0,100.0,20.223748416156685,0.0,100.0
0,37,20.024984394500787,0.0,100.0,20.73644135332772,0.0,100.0,13.490737563232042,0.0,100.0
0,38,16.15549442140351,0.0,100.0,15.297058540778355,0.0,100.0,15.231546211727817,0.0,100.0
0,39,25.67099530598687,0.0,100.0,19.849433241279208,0.0,100.0,18.788294228055936,0.0,100.0
0,40,20.83266665599966,0.0,100.0,14.177446878757825,0.0,100.0,8.660254037844387,0.0,100.0
0,41,18.81488772222678,0.0,100.0,11.180339887498949,0.0,100.0,21.283796653792763,0.0,100.0
0,42,17.72004514666935,0.0,100.0,23.53720459187964,0.0,100.0,25.25866188063018,0.0,100.0
0,43,15.84297951775486,0.0,100.0,23.853720883753127,0.0,100.0,19.72308292331602,0.0,100.0
0,44,21.95449840010015,0.0,100.0,22.64950330581225,0.0,100.0,22.02271554554524,0.0,100.0
0,45,24.124676163629637,0.0,100.0,19.4164878389476,0.0,100.0,6.48074069840786,0.0,100.0
0,46,19.131126469708992,0.0,100.0,12.727922061357855,0.0,100.0,20.049937655763422,0.0,100.0
0,47,22.825424421026653,0.0,100.0,20.12461179749811,0.0,100.0,16.911534525287763,0.0,100.0
0,48,28.372521918222215,0.0,100.0,19.849433241279208,0.0,100.0,12.0,0.0,100.0
0,49,24.351591323771842,0.0,100.0,20.591260281974,0.0,100.0,15.811388300841896,0.0,100.0
0,50,20.639767440550294,0.0,100.0,10.04987562112089,0.0,100.0,18.49324200890693,0.0,100.0
0,51,15.7797338380595,0.0,100.0,9.273618495495704,0.0,100.0,12.649110640673518,0.0,100.0
0,52,27.367864366808018,0.0,100.0,23.259406699226016,0.0,100.0,15.588457268119896,0.0,100.0
0,53,19.313207915827967,0.0,100.0,14.628738838327793,0.0,100.0,6.082762530298219,0.0,100.0
0,54,22.045407685048602,0.0,100.0,19.4164878389476,0.0,100.0,22.15851980616034,0.0,100.0
0,55,16.06237840420901,0.0,100.0,20.808652046684813,0.0,100.0,15.165750888103101,0.0,100.0
0,56,19.72308292331602,0.0,100.0,19.44222209522358,0.0,100.0,18.920887928424502,0.0,100.0
0,57,18.24828759089466,0.0,100.0,23.93741840717165,0.0,100.0,9.486832980505138,0.0,100.0
0,58,25.099800796022265,0.0,100.0,22.0,0.0,100.0,19.949937343260004,0.0,100.0
0,59,15.297058540778355,0.0,100.0,14.866068747318506,0.0,100.0,18.466185312619388,0.0,100.0
0,60,19.209372712298546,0.0,100.0,18.547236990991408,0.0,100.0,15.652475842498529,0.0,100.0
0,61,13.601470508735444,0.0,100.0,23.769728648009426,0.0,100.0,9.273618495495704,0.0,100.0
0,62,18.81488772222678,0.0,100.0,14.89966442575134,0.0,100.0,18.05547008526779,0.0,100.0
0,63,19.026297590440446,0.0,100.0,11.74734012447073,0.0,100.0,15.066519173319364,0.0,100.0
1,0,22.02271554554524,0.0,100.0,11.357816691600547,0.0,100.0,6.708203932499369,0.0,100.0
1,1,22.045407685048602,0.0,100.0,23.45207879911715,0.0,100.0,18.788294228055936,0.0,100.0
1,2,16.522711641858304,0.0,100.0,19.748417658131498,0.0,100.0,26.795522013948524,0.0,100.0
1,3,25.495097567963924,0.0,100.0,18.0,0.0,100.0,14.352700094407323,0.0,100.0
1,4,16.76305461424021,0.0,100.0,25.80697580112788,0.0,100.0,26.248809496813376,0.0,100.0
1,5,19.05255888325765,0.0,100.0,24.392621835300936,0.0,100.0,18.275666882497067,0.0,100.0
1,6,7.3484692283495345,0.0,100.0,24.392621835300936,0.0,100.0,8.366600265340756,0.0,100.0
1,7,23.853720883753127,0.0,100.0,21.118712081942874,0.0,100.0,14.142135623730951,0.0,100.0
1,8,26.324893162176366,0.0,100.0,14.177446878757825,0.0,100.0,5.744562646538029,0.0,100.0
1,9,16.15549442140351,0.0,100.0,22.15851980616034,0.0,100.0,20.322401432901575,0.0,100.0
1,10,14.177446878757825,0.0,100.0,12.68857754044952,0.0,100.0,18.788294228055936,0.0,100.0
1,11,19.026297590440446,0.0,100.0,17.578395831246947,0.0,100.0,14.422205101855956,0.0,100.0
1,12,24.939927826679853,0.0,100.0,19.748417658131498,0.0,100.0,26.19160170741759,0.0,100.0
1,13,11.0,0.0,100.0,20.92844953645635,0.0,100.0,17.46424919657298,0.0,100.0
1,14,17.804493814764857,0.0,100.0,17.029386365926403,0.0,100.0,23.790754506740637,0.0,100.0
1,15,21.633307652783937,0.0,100.0,18.601075237738275,0.0,100.0,26.94438717061496,0.0,100.0
1,16,22.315913604421397,0.0,100.0,25.0,0.0,100.0,26.324893162176366,0.0,100.0
1,17,26.94438717061496,0.0,100.0,23.45207879911715,0.0,100.0,20.615528128088304,0.0,100.0
1,18,25.019992006393608,0.0,100.0,9.219544457292887,0.0,100.0,29.58039891549808,0.0,100.0
1,19,20.8806130178211,0.0,100.0,16.401219466856727,0.0,100.0,20.615528128088304,0.0,100.0
1,20,23.68543856465402,0.0,100.0,22.561028345356956,0.0,100.0,31.796226191169293,0.0,100.0
1,21,15.297058540778355,0.0,100.0,25.099800796022265,0.0,100.0,24.677925358506133,0.0,100.0
1,22,17.74823934929885,0.0,100.0,23.345235059857504,0.0,100.0,14.247806848775006,0.0,100.0
1,23,25.37715508089904,0.0,100.0,15.394804318340652,0.0,100.0,16.431676725154983,0.0,100.0
1,24,15.0,0.0,100.0,27.147743920996454,0.0,100.0,18.384776310850235,0.0,100.0
1,25,25.019992006393608,0.0,100.0,12.68857754044952,0.0,100.0,18.027756377319946,0.0,100.0
1,26,12.409673645990857,0.0,100.0,15.427248620541512,0.0,100.0,17.832554500127006,0.0,100.0
1,27,18.2208671582886,0.0,100.0,28.583211855912904,0.0,100.0,17.029386365926403,0.0,100.0
1,28,19.8997487421324,0.0,100.0,26.94438717061496,0.0,100.0,21.656407827707714,0.0,100.0
1,29,18.81488772222678,0.0,100.0,25.39685019840059,0.0,100.0,7.211102550927978,0.0,100.0
1,30,26.19160170741759,0.0,100.0,26.645825188948457,0.0,100.0,23.021728866442675,0.0,100.0
1,31,22.22611077089287,0.0,100.0,20.54263858417414,0.0,100.0,9.1104335791443,0.0,100.0
1,32,15.427248620541512,0.0,100.0,16.55294535724685,0.0,100.0,24.535688292770594,0.0,100.0
1,33,16.911534525287763,0.0,100.0,18.601075237738275,0.0,100.0,16.911534525287763,0.0,100.0
1,34,21.97726097583591,0.0,100.0,15.297058540778355,0.0,100.0,22.40535650240808,0.0,100.0
1,35,27.367864366808018,0.0,100.0,15.165750888103101,0.0,100.0,10.770329614269007,0.0,100.0
1,36,18.027756377319946,0.0,100.0,8.48528137423857,0.0,100.0,30.298514815086232,0.0,100.0
1,37,25.88435821108957,0.0,100.0,26.419689627245813,0.0,100.0,26.77685567799177,0.0,100.0
1,38,22.02271554554524,0.0,100.0,14.7648230602334,0.0,100.0,20.54263858417414,0.0,100.0
1,39,6.782329983125268,0.0,100.0,15.588457268119896,0.0,100.0,23.345235059857504,0.0,100.0
1,40,13.416407864998739,0.0,100.0,10.862780491200215,0.0,100.0,22.759613353482084,0.0,100.0
1,41,21.470910553583888,0.0,100.0,16.522711641858304,0.0,100.0,27.53179979587241,0.0,100.0
1,42,17.72004514666935,0.0,100.0,22.11334438749598,0.0,100.0,25.514701644346147,0.0,100.0
1,43,17.46424919657298,0.0,100.0,23.043437243605826,0.0,100.0,23.68543856465402,0.0,100.0
1,44,15.811388300841896,0.0,100.0,18.920887928424502,0.0,100.0,18.708286933869708,0.0,100.0
1,45,13.74772708486752,0.0,100.0,10.816653826391969,0.0,100.0,12.041594578792296,0.0,100.0
1,46,15.588457268119896,0.0,100.0,19.235384061671343,0.0,100.0,27.80287754891569,0.0,100.0
1,47,19.621416870348583,0.0,100.0,4.358898943540674,0.0,100.0,19.544820285692065,0.0,100.0
1,48,18.681541692269406,0.0,100.0,30.166206257996713,0.0,100.0,5.477225575051661,0.0,100.0
1,49,22.715633383201094,0.0,100.0,18.411952639521967,0.0,100.0,18.193405398660254,0.0,100.0
1,50,18.973665961010276,0.0,100.0,23.430749027719962,0.0,100.0,17.944358444926362,0.0,100.0
1,51,14.177446878757825,0.0,100.0,30.773365106858236,0.0,100.0,24.392621835300936,0.0,100.0
1,52,21.047565179849187,0.0,100.0,17.291616465790582,0.0,100.0,27.367864366808018,0.0,100.0
1,53,15.811388300841896,0.0,100.0,22.9128784747792,0.0,100.0,20.248456731316587,0.0,100.0
1,54,10.344080432788601,0.0,100.0,21.6794833886788,0.0,100.0,24.228082879171435,0.0,100.0
1,55,20.904544960366874,0.0,100.0,21.118712081942874,0.0,100.0,26.476404589747453,0.0,100.0
1,56,24.372115213907882,0.0,100.0,17.804493814764857,0.0,100.0,16.401219466856727,0.0,100.0
1,57,13.379088160259652,0.0,100.0,9.16515138991168,0.0,100.0,7.0710678118654755,0.0,100.0
1,58,12.727922061357855,0.0,100.0,16.0312195418814,0.0,100.0,17.916472867168917,0.0,100.0
1,59,23.15167380558045,0.0,100.0,17.26267650163207,0.0,100.0,20.904544960366874,0.0,100.0
1,60,15.297058540778355,0.0,100.0,23.49468024894146,0.0,100.0,18.466185312619388,0.0,100.0
1,61,20.12461179749811,0.0,100.0,12.767145334803704,0.0,100.0,20.223748416156685,0.0,100.0
1,62,21.95449840010015,0.0,100.0,14.45683229480096,0.0,100.0,16.15549442140351,0.0,100.0
1,63,18.027756377319946,0.0,100.0,18.920887928424502,0.0,100.0,28.583211855912904,0.0,100.0
2,0,9.433981132056603,0.0,100.0,27.367864366808018,0.0,100.0,27.676705006196094,0.0,100.0
2,1,11.40175425099138,0.0,100.0,17.11724276862369,0.0,100.0,22.15851980616034,0.0,100.0
2,2,7.681145747868608,0.0,100.0,18.81488772222678,0.0,100.0,9.486832980505138,0.0,100.0
2,3,20.273134932713294,0.0,100.0,14.071247279470288,0.0,100.0,25.495097567963924,0.0,100.0
2,4,15.748015748023622,0.0,100.0,20.273134932713294,0.0,100.0,5.916079783099616,0.0,100.0
2,5,12.083045973594572,0.0,100.0,18.627936010197157,0.0,100.0,20.149441679609886,0.0,100.0
2,6,7.874007874011811,0.0,100.0,24.06241883103193,0.0,100.0,17.4928556845359,0.0,100.0
2,7,10.295630140987,0.0,100.0,18.275666882497067,0.0,100.0,23.515952032609693,0.0,100.0
2,8,28.6705423736629,0.0,100.0,14.317821063276353,0.0,100.0,22.11334438749598,0.0,100.0
2,9,9.9498743710662,0.0,100.0,20.663978319771825,0.0,100.0,21.95449840010015,0.0,100.0
2,10,12.449899597988733,0.0,100.0,13.19090595827292,0.0,100.0,9.9498743710662,0.0,100.0
2,11,19.72308292331602,0.0,100.0,12.84523257866513,0.0,100.0,27.294688127912362,0.0,100.0
2,12,24.124676163629637,0.0,100.0,23.366642891095847,0.0,100.0,19.924858845171276,0.0,100.0
2,13,13.152946437965905,0.0,100.0,15.652475842498529,0.0,100.0,16.1245154965971,0.0,100.0
2,14,15.033296378372908,0.0,100.0,8.602325267042627,0.0,100.0,14.866068747318506,0.0,100.0
2,15,27.53179979587241,0.0,100.0,16.73320053068151,0.0,100.0,23.021728866442675,0.0,100.0
2,16,19.82422760159901,0.0,100.0,27.202941017470888,0.0,100.0,26.324893162176366,0.0,100.0
2,17,18.05547008526779,0.0,100.0,21.840329667841555,0.0,100.0,5.830951894845301,0.0,100.0
2,18,7.874007874011811,0.0,100.0,21.02379604162864,0.0,100.0,17.233687939614086,0.0,100.0
2,19,24.839484696748443,0.0,100.0,12.84523257866513,0.0,100.0,20.149441679609886,0.0,100.0
2,20,23.68543856465402,0.0,100.0,27.874719729532707,0.0,100.0,18.867962264113206,0.0,100.0
2,21,14.866068747318506,0.0,100.0,11.445523142259598,0.0,100.0,16.24807680927192,0.0,100.0
2,22,20.591260281974,0.0,100.0,25.37715508089904,0.0,100.0,16.61324772583615,0.0,100.0
2,23,17.74823934929885,0.0,100.0,23.043437243605826,0.0,100.0,20.445048300260872,0.0,100.0
2,24,16.55294535724685,0.0,100.0,21.42428528562855,0.0,100.0,17.029386365926403,0.0,100.0
2,25,15.329709716755891,0.0,100.0,30.166206257996713,0.0,100.0,17.663521732655695,0.0,100.0
2,26,14.52583904633395,0.0,100.0,17.74823934929885,0.0,100.0,24.839484696748443,0.0,100.0
2,27,22.045407685048602,0.0,100.0,17.832554500127006,0.0,100.0,14.071247279470288,0.0,100.0
2,28,20.12461179749811,0.0,100.0,21.118712081942874,0.0,100.0,17.72004514666935,0.0,100.0
2,29,22.02271554554524,0.0,100.0,22.315913604421397,0.0,100.0,24.351591323771842,0.0,100.0
2,30,16.673332000533065,0.0,100.0,16.278820596099706,0.0,100.0,19.72308292331602,0.0,100.0
2,31,19.28730152198591,0.0,100.0,5.0,0.0,100.0,21.656407827707714,0.0,100.0
2,32,25.079872407968907,0.0,100.0,19.595917942265423,0.0,100.0,12.083045973594572,0.0,100.0
2,33,26.248809496813376,0.0,100.0,22.11334438749598,0.0,100.0,17.029386365926403,0.0,100.0
2,34,20.09975124224178,0.0,100.0,18.894443627691185,0.0,100.0,13.038404810405298,0.0,100.0
2,35,19.339079605813716,0.0,100.0,12.36931687685298,0.0,100.0,20.85665361461421,0.0,100.0
2,36,12.884098726725126,0.0,100.0,19.4164878389476,0.0,100.0,19.849433241279208,0.0,100.0
2,37,21.18962010041709,0.0,100.0,11.40175425099138,0.0,100.0,20.97617696340303,0.0,100.0
2,38,16.401219466856727,0.0,100.0,18.384776310850235,0.0,100.0,20.46948949045872,0.0,100.0
2,39,17.88854381999832,0.0,100.0,13.74772708486752,0.0,100.0,23.53720459187964,0.0,100.0
2,40,12.569805089976535,0.0,100.0,6.4031242374328485,0.0,100.0,22.67156809750927,0.0,100.0
2,41,16.401219466856727,0.0,100.0,15.427248620541512,0.0,100.0,27.874719729532707,0.0,100.0
2,42,13.856406460551018,0.0,100.0,19.390719429665317,0.0,100.0,17.029386365926403,0.0,100.0
2,43,14.45683229480096,0.0,100.0,6.0,0.0,100.0,17.46424919657298,0.0,100.0
2,44,16.401219466856727,0.0,100.0,20.73644135332772,0.0,100.0,30.610455730027933,0.0,100.0
2,45,31.796226191169293,0.0,100.0,20.71231517720798,0.0,100.0,25.80697580112788,0.0,100.0
2,46,19.544820285692065,0.0,100.0,26.324893162176366,0.0,100.0,21.118712081942874,0.0,100.0
2,47,27.76688675382964,0.0,100.0,12.727922061357855,0.0,100.0,21.42428528562855,0.0,100.0
2,48,25.079872407968907,0.0,100.0,22.02271554554524,0.0,100.0,9.273618495495704,0.0,100.0
2,49,19.261360284258224,0.0,100.0,13.379088160259652,0.0,100.0,19.8997487421324,0.0,100.0
2,50,18.627936010197157,0.0,100.0,13.892443989449804,0.0,100.0,8.12403840463596,0.0,100.0
2,51,12.206555615733702,0.0,100.0,28.0178514522438,0.0,100.0,16.24807680927192,0.0,100.0
2,52,18.57417562100671,0.0,100.0,17.11724276862369,0.0,100.0,21.494185260204677,0.0,100.0
2,53,23.043437243605826,0.0,100.0,22.38302928559939,0.0,100.0,23.62202362203543,0.0,100.0
2,54,23.2163735324878,0.0,100.0,20.049937655763422,0.0,100.0,21.656407827707714,0.0,100.0
2,55,22.360679774997898,0.0,100.0,15.362291495737216,0.0,100.0,30.066592756745816,0.0,100.0
2,56,24.596747752497688,0.0,100.0,22.67156809750927,0.0,100.0,18.681541692269406,0.0,100.0
2,57,13.152946437965905,0.0,100.0,20.639767440550294,0.0,100.0,12.24744871391589,0.0,100.0
2,58,8.12403840463596,0.0,100.0,12.12435565298214,0.0,100.0,19.026297590440446,0.0,100.0
2,59,20.591260281974,0.0,100.0,12.68857754044952,0.0,100.0,14.247806848775006,0.0,100.0
2,60,18.49324200890693,0.0,100.0,26.019223662515376,0.0,100.0,17.578395831246947,0.0,100.0
2,61,27.331300737432898,0.0,100.0,18.627936010197157,0.0,100.0,26.248809496813376,0.0,100.0
2,62,20.273134932713294,0.0,100.0,22.293496809607955,0.0,100.0,11.224972160321824,0.0,100.0
2,63,26.720778431774775,0.0,100.0,26.038433132583073,0.0,100.0,19.6468827043885,0.0,100.0
3,0,18.867962264113206,0.0,100.0,25.475478405713993,0.0,100.0,23.345235059857504,0.0,100.0
3,1,16.76305461424021,0.0,100.0,20.83266665599966,0.0,100.0,16.792855623746664,0.0,100.0
3,2,31.796226191169293,0.0,100.0,15.588457268119896,0.0,100.0,27.367864366808018,0.0,100.0
3,3,24.413111231467404,0.0,100.0,15.652475842498529,0.0,100.0,26.076809620810597,0.0,100.0
3,4,4.0,0.0,100.0,21.6794833886788,0.0,100.0,16.30950643030009,0.0,100.0
3,5,9.273618495495704,0.0,100.0,24.392621835300936,0.0,100.0,19.235384061671343,0.0,100.0
3,6,26.589471600616662,0.0,100.0,26.43860813280457,0.0,100.0,18.35755975068582,0.0,100.0
3,7,19.949937343260004,0.0,100.0,20.149441679609886,0.0,100.0,20.0,0.0,100.0
3,8,19.209372712298546,0.0,100.0,14.071247279470288,0.0,100.0,6.082762530298219,0.0,100.0
3,9,16.431676725154983,0.0,100.0,26.40075756488817,0.0,100.0,25.199206336708304,0.0,100.0
3,10,16.1245154965971,0.0,100.0,10.862780491200215,0.0,100.0,26.43860813280457,0.0,100.0
3,11,17.832554500127006,0.0,100.0,17.05872210923198,0.0,100.0,19.209372712298546,0.0,100.0
3,12,26.248809496813376,0.0,100.0,26.77685567799177,0.0,100.0,14.7648230602334,0.0,100.0
3,13,17.349351572897472,0.0,100.0,19.209372712298546,0.0,100.0,21.95449840010015,0.0,100.0
3,14,17.4928556845359,0.0,100.0,19.672315572906,0.0,100.0,19.339079605813716,0.0,100.0
3,15,14.866068747318506,0.0,100.0,9.1104335791443,0.0,100.0,10.723805294763608,0.0,100.0
3,16,20.223748416156685,0.0,100.0,21.047565179849187,0.0,100.0,14.798648586948742,0.0,100.0
3,17,19.209372712298546,0.0,100.0,22.9128784747792,0.0,100.0,16.278820596099706,0.0,100.0
3,18,7.615773105863909,0.0,100.0,21.633307652783937,0.0,100.0,24.228082879171435,0.0,100.0
3,19,19.949937343260004,0.0,100.0,14.035668847618199,0.0,100.0,7.810249675906654,0.0,100.0
3,20,22.20360331117452,0.0,100.0,21.470910553583888,0.0,100.0,16.73320053068151,0.0,100.0
3,21,14.866068747318506,0.0,100.0,23.45207879911715,0.0,100.0,26.248809496813376,0.0,100.0
3,22,5.0,0.0,100.0,19.131126469708992,0.0,100.0,8.54400374531753,0.0,100.0
3,23,20.09975124224178,0.0,100.0,25.729360660537214,0.0,100.0,25.238858928247925,0.0,100.0
3,24,21.95449840010015,0.0,100.0,29.086079144497972,0.0,100.0,23.021728866442675,0.0,100.0
3,25,25.019992006393608,0.0,100.0,21.37755832643195,0.0,100.0,8.366600265340756,0.0,100.0
3,26,13.416407864998739,0.0,100.0,21.840329667841555,0.0,100.0,21.6794833886788,0.0,100.0
3,27,20.54263858417414,0.0,100.0,25.019992006393608,0.0,100.0,7.3484692283495345,0.0,100.0
3,28,25.632011235952593,0.0,100.0,23.345235059857504,0.0,100.0,16.911534525287763,0.0,100.0
3,29,22.15851980616034,0.0,100.0,23.2163735324878,0.0,100.0,16.673332000533065,0.0,100.0
3,30,23.49468024894146,0.0,100.0,24.596747752497688,0.0,100.0,18.027756377319946,0.0,100.0
3,31,20.808652046684813,0.0,100.0,11.916375287812984,0.0,100.0,8.774964387392123,0.0,100.0
3,32,19.924858845171276,0.0,100.0,12.884098726725126,0.0,100.0,27.874719729532707,0.0,100.0
3,33,13.45362404707371,0.0,100.0,9.486832980505138,0.0,100.0,20.223748416156685,0.0,100.0
3,34,11.874342087037917,0.0,100.0,10.816653826391969,0.0,100.0,23.853720883753127,0.0,100.0
3,35,15.0,0.0,100.0,22.135943621178654,0.0,100.0,12.083045973594572,0.0,100.0
3,36,15.811388300841896,0.0,100.0,18.81488772222678,0.0,100.0,20.97617696340303,0.0,100.0
3,37,21.840329667841555,0.0,100.0,26.94438717061496,0.0,100.0,10.862780491200215,0.0,100.0
3,38,23.68543856465402,0.0,100.0,15.524174696260024,0.0,100.0,29.546573405388315,0.0,100.0
3,39,23.958297101421877,0.0,100.0,19.209372712298546,0.0,100.0,17.72004514666935,0.0,100.0
3,40,18.894443627691185,0.0,100.0,10.246950765959598,0.0,100.0,5.656854249492381,0.0,100.0
3,41,21.02379604162864,0.0,100.0,16.401219466856727,0.0,100.0,21.400934559032695,0.0,100.0
3,42,26.19160170741759,0.0,100.0,18.49324200890693,0.0,100.0,13.490737563232042,0.0,100.0
3,43,10.246950765959598,0.0,100.0,23.15167380558045,0.0,100.0,20.248456731316587,0.0,100.0
3,44,7.54983443527075,0.0,100.0,19.87460691435179,0.0,100.0,6.4031242374328485,0.0,100.0
3,45,22.847319317591726,0.0,100.0,17.97220075561143,0.0,100.0,29.546573405388315,0.0,100.0
3,46,13.19090595827292,0.0,100.0,24.515301344262525,0.0,100.0,25.768197453450252,0.0,100.0
3,47,26.94438717061496,0.0,100.0,14.696938456699069,0.0,100.0,5.0990195135927845,0.0,100.0
3,48,23.2163735324878,0.0,100.0,15.0996688705415,0.0,100.0,24.372115213907882,0.0,100.0
3,49,22.891046284519195,0.0,100.0,7.874007874011811,0.0,100.0,22.38302928559939,0.0,100.0
3,50,6.48074069840786,0.0,100.0,17.291616465790582,0.0,100.0,16.64331697709324,0.0,100.0
3,51,15.0996688705415,0.0,100.0,20.615528128088304,0.0,100.0,25.514701644346147,0.0,100.0
3,52,28.513154858766505,0.0,100.0,15.066519173319364,0.0,100.0,18.110770276274835,0.0,100.0
3,53,23.62202362203543,0.0,100.0,20.248456731316587,0.0,100.0,15.588457268119896,0.0,100.0
3,54,18.439088914585774,0.0,100.0,20.223748416156685,0.0,100.0,21.6794833886788,0.0,100.0
3,55,19.1049731745428,0.0,100.0,19.261360284258224,0.0,100.0,18.708286933869708,0.0,100.0
3,56,24.289915602982237,0.0,100.0,27.586228448267445,0.0,100.0,21.118712081942874,0.0,100.0
3,57,18.76166303929372,0.0,100.0,20.024984394500787,0.0,100.0,27.386127875258307,0.0,100.0
3,58,22.02271554554524,0.0,100.0,24.413111231467404,0.0,100.0,25.199206336708304,0.0,100.0
3,59,23.043437243605826,0.0,100.0,12.409673645990857,0.0,100.0,15.394804318340652,0.0,100.0
3,60,20.024984394500787,0.0,100.0,19.748417658131498,0.0,100.0,20.73644135332772,0.0,100.0
3,61,19.748417658131498,0.0,100.0,5.0,0.0,100.0,22.693611435820433,0.0,100.0
3,62,14.866068747318506,0.0,100.0,17.74823934929885,0.0,100.0,9.433981132056603,0.0,100.0
3,63,28.178005607210743,0.0,100.0,14.071247279470288,0.0,100.0,5.0,0.0,100.0
4,0,14.696938456699069,0.0,100.0,21.447610589527216,0.0,100.0,8.306623862918075,0.0,100.0
4,1,22.67156809750927,0.0,100.0,15.524174696260024,0.0,100.0,15.297058540778355,0.0,100.0
4,2,18.81488772222678,0.0,100.0,25.199206336708304,0.0,100.0,14.7648230602334,0.0,100.0
4,3,24.919871588754223,0.0,100.0,26.38181191654584,0.0,100.0,28.91366458960192,0.0,100.0
4,4,14.2828568570857,0.0,100.0,12.569805089976535,0.0,100.0,21.118712081942874,0.0,100.0
4,5,11.045361017187261,0.0,100.0,17.204650534085253,0.0,100.0,21.047565179849187,0.0,100.0
4,6,19.82422760159901,0.0,100.0,10.63014581273465,0.0,100.0,15.524174696260024,0.0,100.0
4,7,9.643650760992955,0.0,100.0,13.564659966250536,0.0,100.0,21.18962010041709,0.0,100.0
4,8,16.24807680927192,0.0,100.0,19.235384061671343,0.0,100.0,13.379088160259652,0.0,100.0
4,9,21.863211109075447,0.0,100.0,26.076809620810597,0.0,100.0,11.789826122551595,0.0,100.0
4,10,14.352700094407323,0.0,100.0,21.97726097583591,0.0,100.0,18.49324200890693,0.0,100.0
4,11,13.490737563232042,0.0,100.0,14.89966442575134,0.0,100.0,17.916472867168917,0.0,100.0
4,12,24.879710609249457,0.0,100.0,16.06237840420901,0.0,100.0,22.11334438749598,0.0,100.0
4,13,16.881943016134134,0.0,100.0,24.20743687382041,0.0,100.0,24.939927826679853,0.0,100.0
4,14,18.466185312619388,0.0,100.0,19.235384061671343,0.0,100.0,18.2208671582886,0.0,100.0
4,15,20.904544960366874,0.0,100.0,25.475478405713993,0.0,100.0,11.575836902790225,0.0,100.0
4,16,16.431676725154983,0.0,100.0,13.076696830622021,0.0,100.0,23.93741840717165,0.0,100.0
4,17,19.209372712298546,0.0,100.0,22.44994432064365,0.0,100.0,22.0,0.0,100.0
4,18,23.93741840717165,0.0,100.0,3.7416573867739413,0.0,100.0,18.894443627691185,0.0,100.0
4,19,25.15949125081825,0.0,100.0,24.351591323771842,0.0,100.0,20.223748416156685,0.0,100.0
4,20,26.153393661244042,0.0,100.0,18.601075237738275,0.0,100.0,24.186773244895647,0.0,100.0
4,21,29.8496231131986,0.0,100.0,20.09975124224178,0.0,100.0,13.379088160259652,0.0,100.0
4,22,21.470910553583888,0.0,100.0,15.7797338380595,0.0,100.0,11.704699910719626,0.0,100.0
4,23,16.1245154965971,0.0,100.0,16.76305461424021,0.0,100.0,19.6468827043885,0.0,100.0
4,24,18.867962264113206,0.0,100.0,17.916472867168917,0.0,100.0,25.88435821108957,0.0,100.0
4,25,25.37715508089904,0.0,100.0,23.53720459187964,0.0,100.0,21.118712081942874,0.0,100.0
4,26,15.684387141358123,0.0,100.0,25.553864678361276,0.0,100.0,18.35755975068582,0.0,100.0
4,27,15.556349186104045,0.0,100.0,21.633307652783937,0.0,100.0,19.261360284258224,0.0,100.0
4,28,13.416407864998739,0.0,100.0,21.400934559032695,0.0,100.0,12.041594578792296,0.0,100.0
4,29,30.675723300355934,0.0,100.0,16.3707055437449,0.0,100.0,24.289915602982237,0.0,100.0
4,30,19.026297590440446,0.0,100.0,18.973665961010276,0.0,100.0,26.038433132583073,0.0,100.0
4,31,30.331501776206203,0.0,100.0,24.351591323771842,0.0,100.0,24.269322199023193,0.0,100.0
4,32,22.38302928559939,0.0,100.0,19.87460691435179,0.0,100.0,21.61018278497431,0.0,100.0
4,33,12.68857754044952,0.0,100.0,17.60681686165901,0.0,100.0,16.30950643030009,0.0,100.0
4,34,19.026297590440446,0.0,100.0,16.15549442140351,0.0,100.0,6.48074069840786,0.0,100.0
4,35,22.11334438749598,0.0,100.0,25.019992006393608,0.0,100.0,17.578395831246947,0.0,100.0
4,36,17.72004514666935,0.0,100.0,16.278820596099706,0.0,100.0,21.79449471770337,0.0,100.0
4,37,15.297058540778355,0.0,100.0,30.099833886584822,0.0,100.0,16.34013463836819,0.0,100.0
4,38,16.97056274847714,0.0,100.0,26.019223662515376,0.0,100.0,10.344080432788601,0.0,100.0
4,39,18.35755975068582,0.0,100.0,16.06237840420901,0.0,100.0,23.53720459187964,0.0,100.0
4,40,20.808652046684813,0.0,100.0,3.0,0.0,100.0,19.924858845171276,0.0,100.0
4,41,29.546573405388315,0.0,100.0,21.61018278497431,0.0,100.0,25.709920264364882,0.0,100.0
4,42,20.46948949045872,0.0,100.0,25.199206336708304,0.0,100.0,18.601075237738275,0.0,100.0
4,43,18.466185312619388,0.0,100.0,2.449489742783178,0.0,100.0,21.470910553583888,0.0,100.0
4,44,19.949937343260004,0.0,100.0,19.0,0.0,100.0,13.490737563232042,0.0,100.0
4,45,19.1049731745428,0.0,100.0,20.54263858417414,0.0,100.0,10.488088481701515,0.0,100.0
4,46,13.152946437965905,0.0,100.0,16.61324772583615,0.0,100.0,8.06225774829855,0.0,100.0
4,47,12.206555615733702,0.0,100.0,17.204650534085253,0.0,100.0,20.71231517720798,0.0,100.0
4,48,15.132745950421556,0.0,100.0,24.859605789312106,0.0,100.0,30.166206257996713,0.0,100.0
4,49,24.61706725018234,0.0,100.0,16.0312195418814,0.0,100.0,18.027756377319946,0.0,100.0
4,50,17.804493814764857,0.0,100.0,25.80697580112788,0.0,100.0,17.11724276862369,0.0,100.0
4,51,27.184554438136374,0.0,100.0,15.937377450509228,0.0,100.0,22.293496809607955,0.0,100.0
4,52,11.874342087037917,0.0,100.0,16.492422502470642,0.0,100.0,20.904544960366874,0.0,100.0
4,53,22.67156809750927,0.0,100.0,20.149441679609886,0.0,100.0,23.874672772626646,0.0,100.0
4,54,20.024984394500787,0.0,100.0,15.394804318340652,0.0,100.0,18.411952639521967,0.0,100.0
4,55,21.118712081942874,0.0,100.0,25.826343140289914,0.0,100.0,19.672315572906,0.0,100.0
4,56,19.697715603592208,0.0,100.0,19.87460691435179,0.0,100.0,17.378147196982766,0.0,100.0
4,57,21.61018278497431,0.0,100.0,18.708286933869708,0.0,100.0,25.96150997149434,0.0,100.0
4,58,16.822603841260722,0.0,100.0,14.89966442575134,0.0,100.0,18.05547008526779,0.0,100.0
4,59,20.42057785666214,0.0,100.0,19.313207915827967,0.0,100.0,17.029386365926403,0.0,100.0
4,60,25.079872407968907,0.0,100.0,19.05255888325765,0.0,100.0,14.7648230602334,0.0,100.0
4,61,20.808652046684813,0.0,100.0,27.09243436828813,0.0,100.0,18.973665961010276,0.0,100.0
4,62,15.297058540778355,0.0,100.0,21.18962010041709,0.0,100.0,26.43860813280457,0.0,100.0
4,63,23.021728866442675,0.0,100.0,16.64331697709324,0.0,100.0,19.0,0.0,100.0
5,0,20.049937655763422,0.0,100.0,24.166091947189145,0.0,100.0,21.118712081942874,0.0,100.0
5,1,22.0,0.0,100.0,22.67156809750927,0.0,100.0,21.563858652847824,0.0,100.0
5,2,27.85677655436824,0.0,100.0,19.44222209522358,0.0,100.0,13.74772708486752,0.0,100.0
5,3,21.047565179849187,0.0,100.0,15.84297951775486,0.0,100.0,22.47220505424423,0.0,100.0
5,4,17.804493814764857,0.0,100.0,21.840329667841555,0.0,100.0,17.291616465790582,0.0,100.0
5,5,31.796226191169293,0.0,100.0,27.730849247724095,0.0,100.0,18.411952639521967,0.0,100.0
5,6,28.948229652260256,0.0,100.0,25.25866188063018,0.0,100.0,17.52141546793523,0.0,100.0
5,7,20.0,0.0,100.0,15.066519173319364,0.0,100.0,25.317977802344327,0.0,100.0
5,8,11.704699910719626,0.0,100.0,13.74772708486752,0.0,100.0,16.822603841260722,0.0,100.0
5,9,20.248456731316587,0.0,100.0,13.19090595827292,0.0,100.0,21.72556098240043,0.0,100.0
5,10,9.486832980505138,0.0,100.0,21.61018278497431,0.0,100.0,19.339079605813716,0.0,100.0
5,11,14.866068747318506,0.0,100.0,19.4164878389476,0.0,100.0,17.97220075561143,0.0,100.0
5,12,24.71841418861655,0.0,100.0,27.820855486487112,0.0,100.0,25.729360660537214,0.0,100.0
5,13,18.788294228055936,0.0,100.0,10.295630140987,0.0,100.0,29.58039891549808,0.0,100.0
5,14,18.57417562100671,0.0,100.0,14.89966442575134,0.0,100.0,23.430749027719962,0.0,100.0
5,15,19.949937343260004,0.0,100.0,6.708203932499369,0.0,100.0,21.118712081942874,0.0,100.0
5,16,12.041594578792296,0.0,100.0,18.867962264113206,0.0,100.0,25.573423705088842,0.0,100.0
5,17,29.68164415931166,0.0,100.0,9.848857801796104,0.0,100.0,20.615528128088304,0.0,100.0
5,18,16.401219466856727,0.0,100.0,16.30950643030009,0.0,100.0,24.919871588754223,0.0,100.0
5,19,16.522711641858304,0.0,100.0,14.45683229480096,0.0,100.0,24.939927826679853,0.0,100.0
5,20,20.615528128088304,0.0,100.0,15.394804318340652,0.0,100.0,20.639767440550294,0.0,100.0
5,21,17.72004514666935,0.0,100.0,17.204650534085253,0.0,100.0,15.0996688705415,0.0,100.0
5,22,24.413111231467404,0.0,100.0,22.93468988235943,0.0,100.0,18.33030277982336,0.0,100.0
5,23,13.038404810405298,0.0,100.0,19.79898987322333,0.0,100.0,13.076696830622021,0.0,100.0
5,24,20.445048300260872,0.0,100.0,21.470910553583888,0.0,100.0,21.93171219946131,0.0,100.0
5,25,20.639767440550294,0.0,100.0,17.804493814764857,0.0,100.0,24.041630560342615,0.0,100.0
5,26,24.124676163629637,0.0,100.0,18.05547008526779,0.0,100.0,17.804493814764857,0.0,100.0
5,27,5.0,0.0,100.0,20.518284528683193,0.0,100.0,17.549928774784245,0.0,100.0
5,28,24.1039415863879,0.0,100.0,27.586228448267445,0.0,100.0,21.93171219946131,0.0,100.0
5,29,18.2208671582886,0.0,100.0,15.556349186104045,0.0,100.0,26.343879744638983,0.0,100.0
5,30,20.83266665599966,0.0,100.0,14.142135623730951,0.0,100.0,18.384776310850235,0.0,100.0
5,31,20.024984394500787,0.0,100.0,22.9128784747792,0.0,100.0,10.392304845413264,0.0,100.0
5,32,15.524174696260024,0.0,100.0,11.704699910719626,0.0,100.0,24.372115213907882,0.0,100.0
5,33,16.186414056238647,0.0,100.0,22.47220505424423,0.0,100.0,23.430749027719962,0.0,100.0
5,34,18.920887928424502,0.0,100.0,25.45584412271571,0.0,100.0,9.273618495495704,0.0,100.0
5,35,26.13426869074396,0.0,100.0,20.024984394500787,0.0,100.0,9.486832980505138,0.0,100.0
5,36,16.97056274847714,0.0,100.0,14.966629547095765,0.0,100.0,22.58317958127243,0.0,100.0
5,37,17.60681686165901,0.0,100.0,27.65863337187866,0.0,100.0,23.08679276123039,0.0,100.0
5,38,29.546573405388315,0.0,100.0,20.049937655763422,0.0,100.0,18.49324200890693,0.0,100.0
5,39,6.708203932499369,0.0,100.0,17.46424919657298,0.0,100.0,23.108440016582687,0.0,100.0
5,40,19.6468827043885,0.0,100.0,5.916079783099616,0.0,100.0,18.81488772222678,0.0,100.0
5,41,16.881943016134134,0.0,100.0,13.341664064126334,0.0,100.0,15.652475842498529,0.0,100.0
5,42,20.591260281974,0.0,100.0,22.494443758403985,0.0,100.0,17.916472867168917,0.0,100.0
5,43,9.433981132056603,0.0,100.0,12.68857754044952,0.0,100.0,15.066519173319364,0.0,100.0
5,44,22.0,0.0,100.0,16.61324772583615,0.0,100.0,12.0,0.0,100.0
5,45,11.874342087037917,0.0,100.0,17.0,0.0,100.0,24.228082879171435,0.0,100.0
5,46,21.42428528562855,0.0,100.0,14.866068747318506,0.0,100.0,22.22611077089287,0.0,100.0
5,47,20.92844953645635,0.0,100.0,17.233687939614086,0.0,100.0,16.522711641858304,0.0,100.0
5,48,12.36931687685298,0.0,100.0,6.4031242374328485,0.0,100.0,10.295630140987,0.0,100.0
5,49,20.248456731316587,0.0,100.0,22.737634001804146,0.0,100.0,27.367864366808018,0.0,100.0
5,50,16.34013463836819,0.0,100.0,20.54263858417414,0.0,100.0,14.966629547095765,0.0,100.0
5,51,21.307275752662516,0.0,100.0,19.313207915827967,0.0,100.0,23.430749027719962,0.0,100.0
5,52,23.043437243605826,0.0,100.0,16.583123951777,0.0,100.0,20.591260281974,0.0,100.0
5,53,14.798648586948742,0.0,100.0,19.72308292331602,0.0,100.0,7.54983443527075,0.0,100.0
5,54,21.97726097583591,0.0,100.0,8.12403840463596,0.0,100.0,24.859605789312106,0.0,100.0
5,55,20.12461179749811,0.0,100.0,21.283796653792763,0.0,100.0,23.259406699226016,0.0,100.0
5,56,23.366642891095847,0.0,100.0,5.0990195135927845,0.0,100.0,20.615528128088304,0.0,100.0
5,57,22.869193252058544,0.0,100.0,17.146428199482248,0.0,100.0,21.72556098240043,0.0,100.0
5,58,19.28730152198591,0.0,100.0,14.352700094407323,0.0,100.0,20.322401432901575,0.0,100.0
5,59,23.366642891095847,0.0,100.0,11.489125293076057,0.0,100.0,20.639767440550294,0.0,100.0
5,60,18.57417562100671,0.0,100.0,20.346989949375804,0.0,100.0,16.401219466856727,0.0,100.0
5,61,19.261360284258224,0.0,100.0,18.894443627691185,0.0,100.0,11.916375287812984,0.0,100.0
5,62,22.693611435820433,0.0,100.0,12.727922061357855,0.0,100.0,28.792360097775937,0.0,100.0
5,63,18.138357147217054,0.0,100.0,9.16515138991168,0.0,100.0,14.866068747318506,0.0,100.0
6,0,24.596747752497688,0.0,100.0,17.52141546793523,0.0,100.0,5.916079783099616,0.0,100.0
6,1,16.15549442140351,0.0,100.0,18.384776310850235,0.0,100.0,25.0,0.0,100.0
6,2,17.378147196982766,0.0,100.0,21.37755832643195,0.0,100.0,19.339079605813716,0.0,100.0
6,3,17.378147196982766,0.0,100.0,15.427248620541512,0.0,100.0,14.071247279470288,0.0,100.0
6,4,23.08679276123039,0.0,100.0,9.0,0.0,100.0,16.15549442140351,0.0,100.0
6,5,26.720778431774775,0.0,100.0,22.516660498395403,0.0,100.0,3.605551275463989,0.0,100.0
6,6,14.0,0.0,100.0,13.152946437965905,0.0,100.0,13.74772708486752,0.0,100.0
6,7,18.466185312619388,0.0,100.0,17.46424919657298,0.0,100.0,14.89966442575134,0.0,100.0
6,8,8.06225774829855,0.0,100.0,22.93468988235943,0.0,100.0,19.6468827043885,0.0,100.0
6,9,19.672315572906,0.0,100.0,13.038404810405298,0.0,100.0,22.869193252058544,0.0,100.0
6,10,15.165750888103101,0.0,100.0,18.973665961010276,0.0,100.0,21.656407827707714,0.0,100.0
6,11,16.76305461424021,0.0,100.0,23.08679276123039,0.0,100.0,26.94438717061496,0.0,100.0
6,12,14.177446878757825,0.0,100.0,15.165750888103101,0.0,100.0,13.784048752090222,0.0,100.0
6,13,5.385164807134504,0.0,100.0,16.881943016134134,0.0,100.0,14.7648230602334,0.0,100.0
6,14,30.93541659651604,0.0,100.0,23.68543856465402,0.0,100.0,18.027756377319946,0.0,100.0
6,15,25.199206336708304,0.0,100.0,22.693611435820433,0.0,100.0,28.035691537752374,0.0,100.0
6,16,15.524174696260024,0.0,100.0,25.13961017995307,0.0,100.0,18.49324200890693,0.0,100.0
6,17,25.69046515733026,0.0,100.0,22.02271554554524,0.0,100.0,21.02379604162864,0.0,100.0
6,18,15.165750888103101,0.0,100.0,15.937377450509228,0.0,100.0,27.586228448267445,0.0,100.0
6,19,20.049937655763422,0.0,100.0,21.563858652847824,0.0,100.0,20.591260281974,0.0,100.0
6,20,20.024984394500787,0.0,100.0,27.16615541441225,0.0,100.0,25.98076211353316,0.0,100.0
6,21,21.283796653792763,0.0,100.0,7.615773105863909,0.0,100.0,21.840329667841555,0.0,100.0
6,22,26.343879744638983,0.0,100.0,5.0990195135927845,0.0,100.0,23.958297101421877,0.0,100.0
6,23,13.601470508735444,0.0,100.0,21.563858652847824,0.0,100.0,19.6468827043885,0.0,100.0
6,24,12.328828005937952,0.0,100.0,23.790754506740637,0.0,100.0,26.645825188948457,0.0,100.0
6,25,5.385164807134504,0.0,100.0,20.12461179749811,0.0,100.0,26.589471600616662,0.0,100.0
6,26,18.681541692269406,0.0,100.0,13.152946437965905,0.0,100.0,25.768197453450252,0.0,100.0
6,27,22.47220505424423,0.0,100.0,21.213203435596427,0.0,100.0,18.05547008526779,0.0,100.0
6,28,10.954451150103322,0.0,100.0,22.67156809750927,0.0,100.0,19.79898987322333,0.0,100.0
6,29,18.920887928424502,0.0,100.0,23.430749027719962,0.0,100.0,20.83266665599966,0.0,100.0
6,30,15.524174696260024,0.0,100.0,21.118712081942874,0.0,100.0,13.341664064126334,0.0,100.0
6,31,22.0,0.0,100.0,15.684387141358123,0.0,100.0,22.516660498395403,0.0,100.0
6,32,21.118712081942874,0.0,100.0,18.920887928424502,0.0,100.0,22.516660498395403,0.0,100.0
6,33,13.490737563232042,0.0,100.0,15.165750888103101,0.0,100.0,28.61817604250837,0.0,100.0
6,34,13.674794331177344,0.0,100.0,26.038433132583073,0.0,100.0,30.298514815086232,0.0,100.0
6,35,18.841443681416774,0.0,100.0,23.790754506740637,0.0,100.0,16.61324772583615,0.0,100.0
6,36,24.186773244895647,0.0,100.0,15.524174696260024,0.0,100.0,24.413111231467404,0.0,100.0
6,37,24.71841418861655,0.0,100.0,16.55294535724685,0.0,100.0,15.811388300841896,0.0,100.0
6,38,21.494185260204677,0.0,100.0,17.74823934929885,0.0,100.0,22.847319317591726,0.0,100.0
6,39,15.556349186104045,0.0,100.0,20.904544960366874,0.0,100.0,17.916472867168917,0.0,100.0
6,40,25.0,0.0,100.0,23.366642891095847,0.0,100.0,23.45207879911715,0.0,100.0
6,41,21.79449471770337,0.0,100.0,21.77154105707724,0.0,100.0,19.924858845171276,0.0,100.0
6,42,18.384776310850235,0.0,100.0,23.108440016582687,0.0,100.0,18.411952639521967,0.0,100.0
6,43,11.224972160321824,0.0,100.0,20.8806130178211,0.0,100.0,20.12461179749811,0.0,100.0
6,44,22.135943621178654,0.0,100.0,19.1049731745428,0.0,100.0,6.0,0.0,100.0
6,45,26.851443164195103,0.0,100.0,18.138357147217054,0.0,100.0,12.409673645990857,0.0,100.0
6,46,16.15549442140351,0.0,100.0,8.06225774829855,0.0,100.0,19.72308292331602,0.0,100.0
6,47,15.362291495737216,0.0,100.0,9.16515138991168,0.0,100.0,21.400934559032695,0.0,100.0
6,48,22.22611077089287,0.0,100.0,20.322401432901575,0.0,100.0,6.6332495807108,0.0,100.0
6,49,16.792855623746664,0.0,100.0,13.638181696985855,0.0,100.0,15.556349186104045,0.0,100.0
6,50,14.177446878757825,0.0,100.0,22.181073012818835,0.0,100.0,15.684387141358123,0.0,100.0
6,51,24.041630560342615,0.0,100.0,27.03701166919155,0.0,100.0,15.524174696260024,0.0,100.0
6,52,24.1039415863879,0.0,100.0,17.72004514666935,0.0,100.0,18.841443681416774,0.0,100.0
6,53,20.904544960366874,0.0,100.0,25.495097567963924,0.0,100.0,27.440845468024488,0.0,100.0
6,54,13.152946437965905,0.0,100.0,21.42428528562855,0.0,100.0,8.602325267042627,0.0,100.0
6,55,28.948229652260256,0.0,100.0,5.830951894845301,0.0,100.0,18.920887928424502,0.0,100.0
6,56,15.684387141358123,0.0,100.0,14.89966442575134,0.0,100.0,19.235384061671343,0.0,100.0
6,57,22.9128784747792,0.0,100.0,25.729360660537214,0.0,100.0,16.881943016134134,0.0,100.0
6,58,12.041594578792296,0.0,100.0,25.079872407968907,0.0,100.0,23.600847442411894,0.0,100.0
6,59,17.916472867168917,0.0,100.0,27.586228448267445,0.0,100.0,20.83266665599966,0.0,100.0
6,60,21.0,0.0,100.0,18.601075237738275,0.0,100.0,27.349588662354687,0.0,100.0
6,61,15.427248620541512,0.0,100.0,20.223748416156685,0.0,100.0,18.867962264113206,0.0,100.0
6,62,9.899494936611665,0.0,100.0,23.430749027719962,0.0,100.0,23.706539182259394,0.0,100.0
6,63,11.180339887498949,0.0,100.0,20.12461179749811,0.0,100.0,18.24828759089466,0.0,100.0
7,0,8.06225774829855,0.0,100.0,22.20360331117452,0.0,100.0,15.811388300841896,0.0,100.0
7,1,17.291616465790582,0.0,100.0,19.4164878389476,0.0,100.0,22.516660498395403,0.0,100.0
7,2,26.019223662515376,0.0,100.0,23.366642891095847,0.0,100.0,27.367864366808018,0.0,100.0
7,3,22.67156809750927,0.0,100.0,21.118712081942874,0.0,100.0,13.45362404707371,0.0,100.0
7,4,19.949937343260004,0.0,100.0,19.339079605813716,0.0,100.0,19.621416870348583,0.0,100.0
7,5,22.40535650240808,0.0,100.0,26.13426869074396,0.0,100.0,23.68543856465402,0.0,100.0
7,6,19.849433241279208,0.0,100.0,17.11724276862369,0.0,100.0,15.165750888103101,0.0,100.0
7,7,29.03446228191595,0.0,100.0,7.14142842854285,0.0,100.0,18.05547008526779,0.0,100.0
7,8,22.825424421026653,0.0,100.0,18.2208671582886,0.0,100.0,22.80350850198276,0.0,100.0
7,9,15.620499351813308,0.0,100.0,14.866068747318506,0.0,100.0,26.77685567799177,0.0,100.0
7,10,24.0,0.0,100.0,28.61817604250837,0.0,100.0,17.69180601295413,0.0,100.0
7,11,18.0,0.0,100.0,18.788294228055936,0.0,100.0,30.675723300355934,0.0,100.0
7,12,15.937377450509228,0.0,100.0,26.324893162176366,0.0,100.0,21.213203435596427,0.0,100.0
7,13,20.223748416156685,0.0,100.0,21.02379604162864,0.0,100.0,10.677078252031311,0.0,100.0
7,14,19.261360284258224,0.0,100.0,14.730919862656235,0.0,100.0,23.0,0.0,100.0
7,15,20.024984394500787,0.0,100.0,17.60681686165901,0.0,100.0,20.518284528683193,0.0,100.0
7,16,19.44222209522358,0.0,100.0,11.357816691600547,0.0,100.0,19.519221295943137,0.0,100.0
7,17,3.7416573867739413,0.0,100.0,4.242640687119285,0.0,100.0,24.06241883103193,0.0,100.0
7,18,18.627936010197157,0.0,100.0,16.792855623746664,0.0,100.0,26.870057685088806,0.0,100.0
7,19,23.323807579381203,0.0,100.0,17.72004514666935,0.0,100.0,17.11724276862369,0.0,100.0
7,20,24.819347291981714,0.0,100.0,6.0,0.0,100.0,13.92838827718412,0.0,100.0
7,21,23.853720883753127,0.0,100.0,14.628738838327793,0.0,100.0,17.663521732655695,0.0,100.0
7,22,17.804493814764857,0.0,100.0,26.038433132583073,0.0,100.0,24.351591323771842,0.0,100.0
7,23,14.7648230602334,0.0,100.0,11.445523142259598,0.0,100.0,28.705400188814647,0.0,100.0
7,24,26.19160170741759,0.0,100.0,23.727621035409346,0.0,100.0,13.038404810405298,0.0,100.0
7,25,12.165525060596439,0.0,100.0,16.673332000533065,0.0,100.0,11.575836902790225,0.0,100.0
7,26,14.7648230602334,0.0,100.0,22.293496809607955,0.0,100.0,27.477263328068172,0.0,100.0
7,27,6.782329983125268,0.0,100.0,25.514701644346147,0.0,100.0,21.118712081942874,0.0,100.0
7,28,19.82422760159901,0.0,100.0,19.4164878389476,0.0,100.0,20.639767440550294,0.0,100.0
7,29,19.621416870348583,0.0,100.0,17.578395831246947,0.0,100.0,7.280109889280518,0.0,100.0
7,30,12.884098726725126,0.0,100.0,11.445523142259598,0.0,100.0,15.748015748023622,0.0,100.0
7,31,20.71231517720798,0.0,100.0,23.366642891095847,0.0,100.0,21.42428528562855,0.0,100.0
7,32,18.16590212458495,0.0,100.0,23.45207879911715,0.0,100.0,14.730919862656235,0.0,100.0
7,33,20.149441679609886,0.0,100.0,16.76305461424021,0.0,100.0,24.041630560342615,0.0,100.0
7,34,10.246950765959598,0.0,100.0,20.223748416156685,0.0,100.0,4.58257569495584,0.0,100.0
7,35,20.024984394500787,0.0,100.0,24.919871588754223,0.0,100.0,11.180339887498949,0.0,100.0
7,36,16.73320053068151,0.0,100.0,20.615528128088304,0.0,100.0,21.633307652783937,0.0,100.0
7,37,17.029386365926403,0.0,100.0,14.696938456699069,0.0,100.0,12.449899597988733,0.0,100.0
7,38,15.066519173319364,0.0,100.0,15.684387141358123,0.0,100.0,17.804493814764857,0.0,100.0
7,39,24.289915602982237,0.0,100.0,23.53720459187964,0.0,100.0,24.351591323771842,0.0,100.0
7,40,12.727922061357855,0.0,100.0,15.264337522473747,0.0,100.0,25.03996805109783,0.0,100.0
7,41,8.06225774829855,0.0,100.0,18.681541692269406,0.0,100.0,25.079872407968907,0.0,100.0
7,42,29.427877939124322,0.0,100.0,24.61706725018234,0.0,100.0,25.80697580112788,0.0,100.0
7,43,24.939927826679853,0.0,100.0,12.24744871391589,0.0,100.0,20.46948949045872,0.0,100.0
7,44,19.748417658131498,0.0,100.0,17.320508075688775,0.0,100.0,21.470910553583888,0.0,100.0
7,45,18.138357147217054,0.0,100.0,27.85677655436824,0.0,100.0,17.60681686165901,0.0,100.0
7,46,17.72004514666935,0.0,100.0,18.547236990991408,0.0,100.0,19.339079605813716,0.0,100.0
7,47,23.790754506740637,0.0,100.0,20.615528128088304,0.0,100.0,14.071247279470288,0.0,100.0
7,48,20.322401432901575,0.0,100.0,13.638181696985855,0.0,100.0,15.684387141358123,0.0,100.0
7,49,16.673332000533065,0.0,100.0,15.264337522473747,0.0,100.0,10.198039027185569,0.0,100.0
7,50,15.556349186104045,0.0,100.0,20.149441679609886,0.0,100.0,12.206555615733702,0.0,100.0
7,51,24.1039415863879,0.0,100.0,22.825424421026653,0.0,100.0,5.385164807134504,0.0,100.0
7,52,19.6468827043885,0.0,100.0,16.278820596099706,0.0,100.0,10.723805294763608,0.0,100.0
7,53,28.30194339616981,0.0,100.0,18.24828759089466,0.0,100.0,22.293496809607955,0.0,100.0
7,54,17.52141546793523,0.0,100.0,24.413111231467404,0.0,100.0,23.769728648009426,0.0,100.0
7,55,24.1039415863879,0.0,100.0,19.339079605813716,0.0,100.0,17.435595774162696,0.0,100.0
7,56,15.427248620541512,0.0,100.0,16.06237840420901,0.0,100.0,9.695359714832659,0.0,100.0
7,57,12.041594578792296,0.0,100.0,23.62202362203543,0.0,100.0,12.328828005937952,0.0,100.0
7,58,28.653097563788805,0.0,100.0,27.76688675382964,0.0,100.0,24.20743687382041,0.0,100.0
7,59,20.46948949045872,0.0,100.0,24.186773244895647,0.0,100.0,27.730849247724095,0.0,100.0
7,60,15.297058540778355,0.0,100.0,23.0,0.0,100.0,10.344080432788601,0.0,100.0
7,61,16.76305461424021,0.0,100.0,19.209372712298546,0.0,100.0,20.42057785666214,0.0,100.0
7,62,13.152946437965905,0.0,100.0,23.895606290697042,0.0,100.0,13.19090595827292,0.0,100.0
7,63,14.594519519326424,0.0,100.0,28.178005607210743,0.0,100.0,8.602325267042627,0.0,100.0
8,0,19.261360284258224,0.0,100.0,22.58317958127243,0.0,100.0,19.261360284258224,0.0,100.0
8,1,19.390719429665317,0.0,100.0,18.49324200890693,0.0,100.0,26.68332812825267,0.0,100.0
8,2,27.712812921102035,0.0,100.0,9.899494936611665,0.0,100.0,13.490737563232042,0.0,100.0
8,3,16.64331697709324,0.0,100.0,25.15949125081825,0.0,100.0,21.18962010041709,0.0,100.0
8,4,12.165525060596439,0.0,100.0,15.684387141358123,0.0,100.0,20.248456731316587,0.0,100.0
8,5,25.079872407968907,0.0,100.0,9.273618495495704,0.0,100.0,17.11724276862369,0.0,100.0
8,6,15.811388300841896,0.0,100.0,20.904544960366874,0.0,100.0,18.894443627691185,0.0,100.0
8,7,8.306623862918075,0.0,100.0,20.518284528683193,0.0,100.0,19.235384061671343,0.0,100.0
8,8,10.344080432788601,0.0,100.0,24.779023386727733,0.0,100.0,8.06225774829855,0.0,100.0
8,9,6.082762530298219,0.0,100.0,24.677925358506133,0.0,100.0,23.45207879911715,0.0,100.0
8,10,10.44030650891055,0.0,100.0,24.919871588754223,0.0,100.0,12.68857754044952,0.0,100.0
8,11,24.596747752497688,0.0,100.0,20.85665361461421,0.0,100.0,17.663521732655695,0.0,100.0
8,12,20.904544960366874,0.0,100.0,23.558437978779494,0.0,100.0,4.898979485566356,0.0,100.0
8,13,20.12461179749811,0.0,100.0,19.849433241279208,0.0,100.0,20.615528128088304,0.0,100.0
8,14,19.339079605813716,0.0,100.0,22.80350850198276,0.0,100.0,8.18535277187245,0.0,100.0
8,15,16.431676725154983,0.0,100.0,18.411952639521967,0.0,100.0,26.43860813280457,0.0,100.0
8,16,17.72004514666935,0.0,100.0,9.486832980505138,0.0,100.0,16.401219466856727,0.0,100.0
8,17,15.297058540778355,0.0,100.0,27.367864366808018,0.0,100.0,27.748873851023216,0.0,100.0
8,18,19.621416870348583,0.0,100.0,13.076696830622021,0.0,100.0,22.315913604421397,0.0,100.0
8,19,9.055385138137417,0.0,100.0,25.573423705088842,0.0,100.0,17.291616465790582,0.0,100.0
8,20,19.924858845171276,0.0,100.0,18.138357147217054,0.0,100.0,18.841443681416774,0.0,100.0
8,21,18.788294228055936,0.0,100.0,20.049937655763422,0.0,100.0,19.519221295943137,0.0,100.0
8,22,18.867962264113206,0.0,100.0,23.08679276123039,0.0,100.0,18.138357147217054,0.0,100.0
8,23,23.93741840717165,0.0,100.0,23.15167380558045,0.0,100.0,20.09975124224178,0.0,100.0
8,24,16.583123951777,0.0,100.0,12.96148139681572,0.0,100.0,12.68857754044952,0.0,100.0
8,25,16.1245154965971,0.0,100.0,23.366642891095847,0.0,100.0,12.328828005937952,0.0,100.0
8,26,16.0312195418814,0.0,100.0,21.37755832643195,0.0,100.0,22.64950330581225,0.0,100.0
8,27,29.68164415931166,0.0,100.0,11.575836902790225,0.0,100.0,12.884098726725126,0.0,100.0
8,28,11.445523142259598,0.0,100.0,21.93171219946131,0.0,100.0,22.11334438749598,0.0,100.0
8,29,21.095023109728988,0.0,100.0,23.430749027719962,0.0,100.0,9.273618495495704,0.0,100.0
8,30,25.03996805109783,0.0,100.0,5.744562646538029,0.0,100.0,15.165750888103101,0.0,100.0
8,31,25.826343140289914,0.0,100.0,16.76305461424021,0.0,100.0,25.80697580112788,0.0,100.0
8,32,10.63014581273465,0.0,100.0,19.519221295943137,0.0,100.0,16.61324772583615,0.0,100.0
8,33,20.149441679609886,0.0,100.0,22.561028345356956,0.0,100.0,17.146428199482248,0.0,100.0
8,34,21.840329667841555,0.0,100.0,24.779023386727733,0.0,100.0,16.0,0.0,100.0
8,35,12.24744871391589,0.0,100.0,26.324893162176366,0.0,100.0,13.45362404707371,0.0,100.0
8,36,17.0,0.0,100.0,24.351591323771842,0.0,100.0,17.233687939614086,0.0,100.0
8,37,12.041594578792296,0.0,100.0,21.047565179849187,0.0,100.0,13.601470508735444,0.0,100.0
8,38,5.916079783099616,0.0,100.0,15.394804318340652,0.0,100.0,15.684387141358123,0.0,100.0
8,39,26.095976701399778,0.0,100.0,24.779023386727733,0.0,100.0,17.26267650163207,0.0,100.0
8,40,22.15851980616034,0.0,100.0,15.7797338380595,0.0,100.0,10.246950765959598,0.0,100.0
8,41,18.81488772222678,0.0,100.0,24.289915602982237,0.0,100.0,18.49324200890693,0.0,100.0
8,42,14.628738838327793,0.0,100.0,13.152946437965905,0.0,100.0,10.099504938362077,0.0,100.0
8,43,18.466185312619388,0.0,100.0,22.737634001804146,0.0,100.0,13.96424004376894,0.0,100.0
8,44,22.561028345356956,0.0,100.0,8.12403840463596,0.0,100.0,22.891046284519195,0.0,100.0
8,45,20.346989949375804,0.0,100.0,17.72004514666935,0.0,100.0,19.4164878389476,0.0,100.0
8,46,18.110770276274835,0.0,100.0,28.372521918222215,0.0,100.0,14.7648230602334,0.0,100.0
8,47,13.19090595827292,0.0,100.0,25.0,0.0,100.0,25.942243542145693,0.0,100.0
8,48,15.937377450509228,0.0,100.0,15.811388300841896,0.0,100.0,22.825424421026653,0.0,100.0
8,49,13.490737563232042,0.0,100.0,26.476404589747453,0.0,100.0,21.93171219946131,0.0,100.0
8,50,17.916472867168917,0.0,100.0,17.663521732655695,0.0,100.0,13.0,0.0,100.0
8,51,22.293496809607955,0.0,100.0,22.15851980616034,0.0,100.0,25.337718918639855,0.0,100.0
8,52,26.888659319497503,0.0,100.0,23.515952032609693,0.0,100.0,14.177446878757825,0.0,100.0
8,53,19.467922333931785,0.0,100.0,12.806248474865697,0.0,100.0,21.42428528562855,0.0,100.0
8,54,21.6794833886788,0.0,100.0,10.723805294763608,0.0,100.0,27.367864366808018,0.0,100.0
8,55,22.825424421026653,0.0,100.0,22.9128784747792,0.0,100.0,9.899494936611665,0.0,100.0
8,56,13.638181696985855,0.0,100.0,21.840329667841555,0.0,100.0,9.273618495495704,0.0,100.0
8,57,19.261360284258224,0.0,100.0,25.826343140289914,0.0,100.0,7.54983443527075,0.0,100.0
8,58,21.02379604162864,0.0,100.0,12.041594578792296,0.0,100.0,15.652475842498529,0.0,100.0
8,59,25.69046515733026,0.0,100.0,9.1104335791443,0.0,100.0,22.293496809607955,0.0,100.0
8,60,22.494443758403985,0.0,100.0,16.3707055437449,0.0,100.0,20.46948949045872,0.0,100.0
8,61,23.83275057562597,0.0,100.0,24.677925358506133,0.0,100.0,25.25866188063018,0.0,100.0
8,62,29.017236257093817,0.0,100.0,20.346989949375804,0.0,100.0,18.466185312619388,0.0,100.0
8,63,26.248809496813376,0.0,100.0,21.0,0.0,100.0,21.236760581595302,0.0,100.0
9,0,15.165750888103101,0.0,100.0,15.684387141358123,0.0,100.0,16.76305461424021,0.0,100.0
9,1,12.569805089976535,0.0,100.0,29.8496231131986,0.0,100.0,12.041594578792296,0.0,100.0
9,2,20.248456731316587,0.0,100.0,13.96424004376894,0.0,100.0,20.615528128088304,0.0,100.0
9,3,13.341664064126334,0.0,100.0,15.748015748023622,0.0,100.0,12.041594578792296,0.0,100.0
9,4,5.744562646538029,0.0,100.0,8.660254037844387,0.0,100.0,28.0178514522438,0.0,100.0
9,5,18.411952639521967,0.0,100.0,15.7797338380595,0.0,100.0,15.811388300841896,0.0,100.0
9,6,5.0990195135927845,0.0,100.0,21.42428528562855,0.0,100.0,22.045407685048602,0.0,100.0
9,7,11.180339887498949,0.0,100.0,21.79449471770337,0.0,100.0,13.076696830622021,0.0,100.0
9,8,17.291616465790582,0.0,100.0,18.49324200890693,0.0,100.0,27.331300737432898,0.0,100.0
9,9,26.70205984563738,0.0,100.0,24.939927826679853,0.0,100.0,16.1245154965971,0.0,100.0
9,10,24.61706725018234,0.0,100.0,24.73863375370596,0.0,100.0,20.639767440550294,0.0,100.0
9,11,11.224972160321824,0.0,100.0,14.866068747318506,0.0,100.0,17.916472867168917,0.0,100.0
9,12,22.293496809607955,0.0,100.0,24.879710609249457,0.0,100.0,20.322401432901575,0.0,100.0
9,13,8.660254037844387,0.0,100.0,22.67156809750927,0.0,100.0,32.93933818400121,0.0,100.0
9,14,13.490737563232042,0.0,100.0,21.656407827707714,0.0,100.0,18.0,0.0,100.0
9,15,14.071247279470288,0.0,100.0,17.233687939614086,0.0,100.0,23.790754506740637,0.0,100.0
9,16,28.653097563788805,0.0,100.0,22.516660498395403,0.0,100.0,13.19090595827292,0.0,100.0
9,17,19.519221295943137,0.0,100.0,21.0,0.0,100.0,13.152946437965905,0.0,100.0
9,18,14.45683229480096,0.0,100.0,15.066519173319364,0.0,100.0,12.36931687685298,0.0,100.0
9,19,19.621416870348583,0.0,100.0,24.0,0.0,100.0,24.372115213907882,0.0,100.0
9,20,25.67099530598687,0.0,100.0,23.043437243605826,0.0,100.0,23.021728866442675,0.0,100.0
9,21,13.74772708486752,0.0,100.0,21.118712081942874,0.0,100.0,23.40939982143925,0.0,100.0
9,22,9.433981132056603,0.0,100.0,23.68543856465402,0.0,100.0,7.681145747868608,0.0,100.0
9,23,16.1245154965971,0.0,100.0,25.337718918639855,0.0,100.0,5.196152422706632,0.0,100.0
9,24,22.15851980616034,0.0,100.0,6.6332495807108,0.0,100.0,14.594519519326424,0.0,100.0
9,25,11.874342087037917,0.0,100.0,18.138357147217054,0.0,100.0,9.16515138991168,0.0,100.0
9,26,14.45683229480096,0.0,100.0,17.4928556845359,0.0,100.0,4.47213595499958,0.0,100.0
9,27,27.586228448267445,0.0,100.0,25.0,0.0,100.0,20.639767440550294,0.0,100.0
9,28,23.065125189341593,0.0,100.0,22.360679774997898,0.0,100.0,25.98076211353316,0.0,100.0
9,29,16.30950643030009,0.0,100.0,9.486832980505138,0.0,100.0,21.307275752662516,0.0,100.0
9,30,23.68543856465402,0.0,100.0,10.816653826391969,0.0,100.0,19.6468827043885,0.0,100.0
9,31,24.1039415863879,0.0,100.0,3.605551275463989,0.0,100.0,19.72308292331602,0.0,100.0
9,32,18.681541692269406,0.0,100.0,22.715633383201094,0.0,100.0,16.76305461424021,0.0,100.0
9,33,22.693611435820433,0.0,100.0,25.495097567963924,0.0,100.0,27.60434748368452,0.0,100.0
9,34,22.516660498395403,0.0,100.0,9.0,0.0,100.0,21.118712081942874,0.0,100.0
9,35,17.4928556845359,0.0,100.0,22.22611077089287,0.0,100.0,17.916472867168917,0.0,100.0
9,36,18.81488772222678,0.0,100.0,23.706539182259394,0.0,100.0,19.44222209522358,0.0,100.0
9,37,16.06237840420901,0.0,100.0,20.639767440550294,0.0,100.0,24.55605831561735,0.0,100.0
9,38,6.082762530298219,0.0,100.0,20.248456731316587,0.0,100.0,21.400934559032695,0.0,100.0
9,39,21.118712081942874,0.0,100.0,18.867962264113206,0.0,100.0,25.019992006393608,0.0,100.0
9,40,11.180339887498949,0.0,100.0,17.72004514666935,0.0,100.0,19.519221295943137,0.0,100.0
9,41,26.94438717061496,0.0,100.0,19.72308292331602,0.0,100.0,17.97220075561143,0.0,100.0
9,42,22.338307903688676,0.0,100.0,23.45207879911715,0.0,100.0,4.242640687119285,0.0,100.0
9,43,17.233687939614086,0.0,100.0,18.05547008526779,0.0,100.0,15.0,0.0,100.0
9,44,19.748417658131498,0.0,100.0,11.0,0.0,100.0,20.83266665599966,0.0,100.0
9,45,26.13426869074396,0.0,100.0,24.596747752497688,0.0,100.0,22.02271554554524,0.0,100.0
9,46,21.0,0.0,100.0,15.937377450509228,0.0,100.0,13.92838827718412,0.0,100.0
9,47,20.808652046684813,0.0,100.0,20.808652046684813,0.0,100.0,22.64950330581225,0.0,100.0
9,48,18.49324200890693,0.0,100.0,13.114877048604,0.0,100.0,16.186414056238647,0.0,100.0
9,49,15.362291495737216,0.0,100.0,15.524174696260024,0.0,100.0,24.819347291981714,0.0,100.0
9,50,23.021728866442675,0.0,100.0,17.804493814764857,0.0,100.0,11.575836902790225,0.0,100.0
9,51,19.748417658131498,0.0,100.0,13.74772708486752,0.0,100.0,13.341664064126334,0.0,100.0
9,52,20.049937655763422,0.0,100.0,15.362291495737216,0.0,100.0,28.035691537752374,0.0,100.0
9,53,17.916472867168917,0.0,100.0,9.643650760992955,0.0,100.0,17.69180601295413,0.0,100.0
9,54,23.043437243605826,0.0,100.0,16.431676725154983,0.0,100.0,21.840329667841555,0.0,100.0
9,55,18.681541692269406,0.0,100.0,20.92844953645635,0.0,100.0,20.808652046684813,0.0,100.0
9,56,15.0996688705415,0.0,100.0,14.89966442575134,0.0,100.0,21.42428528562855,0.0,100.0
9,57,25.079872407968907,0.0,100.0,23.108440016582687,0.0,100.0,15.394804318340652,0.0,100.0
9,58,16.401219466856727,0.0,100.0,19.339079605813716,0.0,100.0,7.483314773547883,0.0,100.0
9,59,25.573423705088842,0.0,100.0,15.524174696260024,0.0,100.0,29.546573405388315,0.0,100.0
9,60,22.9128784747792,0.0,100.0,16.278820596099706,0.0,100.0,19.87460691435179,0.0,100.0
9,61,23.280893453645632,0.0,100.0,24.1039415863879,0.0,100.0,14.560219778561036,0.0,100.0
9,62,25.199206336708304,0.0,100.0,21.307275752662516,0.0,100.0,14.45683229480096,0.0,100.0
9,63,14.866068747318506,0.0,100.0,21.118712081942874,0.0,100.0,28.61817604250837,0.0,100.0
10,0,11.661903789690601,0.0,100.0,8.831760866327848,0.0,100.0,15.524174696260024,0.0,100.0
10,1,19.261360284258224,0.0,100.0,13.892443989449804,0.0,100.0,11.180339887498949,0.0,100.0
10,2,21.748563170931547,0.0,100.0,8.774964387392123,0.0,100.0,30.166206257996713,0.0,100.0
10,3,12.083045973594572,0.0,100.0,23.93741840717165,0.0,100.0,15.937377450509228,0.0,100.0
10,4,9.273618495495704,0.0,100.0,19.44222209522358,0.0,100.0,20.12461179749811,0.0,100.0
10,5,9.486832980505138,0.0,100.0,22.825424421026653,0.0,100.0,19.1049731745428,0.0,100.0
10,6,17.663521732655695,0.0,100.0,29.478805945967352,0.0,100.0,25.632011235952593,0.0,100.0
10,7,7.280109889280518,0.0,100.0,14.177446878757825,0.0,100.0,15.620499351813308,0.0,100.0
10,8,18.027756377319946,0.0,100.0,19.131126469708992,0.0,100.0,17.72004514666935,0.0,100.0
10,9,22.20360331117452,0.0,100.0,10.862780491200215,0.0,100.0,24.124676163629637,0.0,100.0
10,10,19.87460691435179,0.0,100.0,5.0990195135927845,0.0,100.0,15.7797338380595,0.0,100.0
10,11,9.695359714832659,0.0,100.0,17.72004514666935,0.0,100.0,15.524174696260024,0.0,100.0
10,12,18.05547008526779,0.0,100.0,9.539392014169456,0.0,100.0,17.0,0.0,100.0
10,13,19.748417658131498,0.0,100.0,19.05255888325765,0.0,100.0,22.58317958127243,0.0,100.0
10,14,19.697715603592208,0.0,100.0,17.549928774784245,0.0,100.0,16.64331697709324,0.0,100.0
10,15,17.4928556845359,0.0,100.0,21.213203435596427,0.0,100.0,9.38083151964686,0.0,100.0
10,16,15.297058540778355,0.0,100.0,14.89966442575134,0.0,100.0,22.891046284519195,0.0,100.0
10,17,21.18962010041709,0.0,100.0,21.563858652847824,0.0,100.0,19.544820285692065,0.0,100.0
10,18,18.627936010197157,0.0,100.0,25.475478405713993,0.0,100.0,21.563858652847824,0.0,100.0
10,19,13.638181696985855,0.0,100.0,15.033296378372908,0.0,100.0,24.1039415863879,0.0,100.0
10,20,20.024984394500787,0.0,100.0,12.727922061357855,0.0,100.0,23.790754506740637,0.0,100.0
10,21,6.164414002968976,0.0,100.0,20.615528128088304,0.0,100.0,11.575836902790225,0.0,100.0
10,22,23.021728866442675,0.0,100.0,15.588457268119896,0.0,100.0,12.083045973594572,0.0,100.0
10,23,19.026297590440446,0.0,100.0,19.209372712298546,0.0,100.0,25.495097567963924,0.0,100.0
10,24,21.77154105707724,0.0,100.0,20.615528128088304,0.0,100.0,13.601470508735444,0.0,100.0
10,25,14.52583904633395,0.0,100.0,15.066519173319364,0.0,100.0,19.672315572906,0.0,100.0
10,26,23.021728866442675,0.0,100.0,21.118712081942874,0.0,100.0,20.615528128088304,0.0,100.0
10,27,23.043437243605826,0.0,100.0,15.937377450509228,0.0,100.0,15.0,0.0,100.0
10,28,20.615528128088304,0.0,100.0,21.840329667841555,0.0,100.0,26.870057685088806,0.0,100.0
10,29,22.693611435820433,0.0,100.0,19.078784028338912,0.0,100.0,18.788294228055936,0.0,100.0
10,30,23.323807579381203,0.0,100.0,22.869193252058544,0.0,100.0,19.209372712298546,0.0,100.0
10,31,17.349351572897472,0.0,100.0,21.118712081942874,0.0,100.0,14.071247279470288,0.0,100.0
10,32,14.966629547095765,0.0,100.0,17.4928556845359,0.0,100.0,21.77154105707724,0.0,100.0
10,33,18.193405398660254,0.0,100.0,24.779023386727733,0.0,100.0,14.594519519326424,0.0,100.0
10,34,12.884098726725126,0.0,100.0,22.315913604421397,0.0,100.0,20.615528128088304,0.0,100.0
10,35,20.54263858417414,0.0,100.0,21.047565179849187,0.0,100.0,23.62202362203543,0.0,100.0
10,36,20.615528128088304,0.0,100.0,19.026297590440446,0.0,100.0,8.06225774829855,0.0,100.0
10,37,7.3484692283495345,0.0,100.0,9.433981132056603,0.0,100.0,7.3484692283495345,0.0,100.0
10,38,26.248809496813376,0.0,100.0,13.341664064126334,0.0,100.0,18.708286933869708,0.0,100.0
10,39,22.02271554554524,0.0,100.0,24.919871588754223,0.0,100.0,20.54263858417414,0.0,100.0
10,40,23.0,0.0,100.0,15.684387141358123,0.0,100.0,17.72004514666935,0.0,100.0
10,41,19.748417658131498,0.0,100.0,20.322401432901575,0.0,100.0,21.863211109075447,0.0,100.0
10,42,18.027756377319946,0.0,100.0,17.029386365926403,0.0,100.0,11.575836902790225,0.0,100.0
10,43,11.180339887498949,0.0,100.0,22.9128784747792,0.0,100.0,21.840329667841555,0.0,100.0
10,44,18.57417562100671,0.0,100.0,13.152946437965905,0.0,100.0,23.874672772626646,0.0,100.0
10,45,21.494185260204677,0.0,100.0,17.029386365926403,0.0,100.0,26.095976701399778,0.0,100.0
10,46,18.681541692269406,0.0,100.0,23.08679276123039,0.0,100.0,25.03996805109783,0.0,100.0
10,47,17.029386365926403,0.0,100.0,28.948229652260256,0.0,100.0,20.904544960366874,0.0,100.0
10,48,26.476404589747453,0.0,100.0,8.306623862918075,0.0,100.0,12.36931687685298,0.0,100.0
10,49,19.72308292331602,0.0,100.0,14.317821063276353,0.0,100.0,19.209372712298546,0.0,100.0
10,50,8.660254037844387,0.0,100.0,23.280893453645632,0.0,100.0,5.916079783099616,0.0,100.0
10,51,23.345235059857504,0.0,100.0,20.445048300260872,0.0,100.0,20.322401432901575,0.0,100.0
10,52,17.46424919657298,0.0,100.0,12.328828005937952,0.0,100.0,22.67156809750927,0.0,100.0
10,53,24.372115213907882,0.0,100.0,27.712812921102035,0.0,100.0,12.041594578792296,0.0,100.0
10,54,16.431676725154983,0.0,100.0,29.086079144497972,0.0,100.0,17.0,0.0,100.0
10,55,21.18962010041709,0.0,100.0,24.413111231467404,0.0,100.0,25.98076211353316,0.0,100.0
10,56,11.704699910719626,0.0,100.0,30.610455730027933,0.0,100.0,13.114877048604,0.0,100.0
10,57,21.400934559032695,0.0,100.0,23.790754506740637,0.0,100.0,17.578395831246947,0.0,100.0
10,58,30.610455730027933,0.0,100.0,18.867962264113206,0.0,100.0,7.0,0.0,100.0
10,59,19.621416870348583,0.0,100.0,22.22611077089287,0.0,100.0,21.118712081942874,0.0,100.0
10,60,20.493901531919196,0.0,100.0,20.46948949045872,0.0,100.0,16.15549442140351,0.0,100.0
10,61,7.3484692283495345,0.0,100.0,21.61018278497431,0.0,100.0,25.099800796022265,0.0,100.0
10,62,21.61018278497431,0.0,100.0,14.177446878757825,0.0,100.0,21.79449471770337,0.0,100.0
10,63,11.789826122551595,0.0,100.0,10.04987562112089,0.0,100.0,23.83275057562597,0.0,100.0
11,0,18.138357147217054,0.0,100.0,13.784048752090222,0.0,100.0,29.068883707497267,0.0,100.0
11,1,27.440845468024488,0.0,100.0,13.076696830622021,0.0,100.0,23.280893453645632,0.0,100.0
11,2,17.4928556845359,0.0,100.0,29.58039891549808,0.0,100.0,31.76476034853718,0.0,100.0
11,3,22.045407685048602,0.0,100.0,24.124676163629637,0.0,100.0,21.563858652847824,0.0,100.0
11,4,12.36931687685298,0.0,100.0,25.317977802344327,0.0,100.0,13.416407864998739,0.0,100.0
11,5,15.811388300841896,0.0,100.0,22.561028345356956,0.0,100.0,14.89966442575134,0.0,100.0
11,6,4.58257569495584,0.0,100.0,11.874342087037917,0.0,100.0,21.95449840010015,0.0,100.0
11,7,20.346989949375804,0.0,100.0,23.727621035409346,0.0,100.0,27.477263328068172,0.0,100.0
11,8,22.045407685048602,0.0,100.0,26.645825188948457,0.0,100.0,20.85665361461421,0.0,100.0
11,9,21.97726097583591,0.0,100.0,20.049937655763422,0.0,100.0,25.337718918639855,0.0,100.0
11,10,12.36931687685298,0.0,100.0,18.466185312619388,0.0,100.0,23.430749027719962,0.0,100.0
11,11,19.313207915827967,0.0,100.0,30.643106892089126,0.0,100.0,5.477225575051661,0.0,100.0
11,12,13.379088160259652,0.0,100.0,11.40175425099138,0.0,100.0,14.628738838327793,0.0,100.0
11,13,18.466185312619388,0.0,100.0,19.72308292331602,0.0,100.0,6.4031242374328485,0.0,100.0
11,14,18.547236990991408,0.0,100.0,29.29163703175362,0.0,100.0,13.784048752090222,0.0,100.0
11,15,17.52141546793523,0.0,100.0,20.46948949045872,0.0,100.0,13.638181696985855,0.0,100.0
11,16,17.46424919657298,0.0,100.0,8.12403840463596,0.0,100.0,18.788294228055936,0.0,100.0
11,17,25.25866188063018,0.0,100.0,15.84297951775486,0.0,100.0,27.748873851023216,0.0,100.0
11,18,15.684387141358123,0.0,100.0,20.92844953645635,0.0,100.0,19.026297590440446,0.0,100.0
11,19,14.594519519326424,0.0,100.0,14.142135623730951,0.0,100.0,21.61018278497431,0.0,100.0
11,20,22.869193252058544,0.0,100.0,26.019223662515376,0.0,100.0,19.313207915827967,0.0,100.0
11,21,26.43860813280457,0.0,100.0,16.09347693943108,0.0,100.0,29.68164415931166,0.0,100.0
11,22,28.6705423736629,0.0,100.0,13.92838827718412,0.0,100.0,18.16590212458495,0.0,100.0
11,23,26.248809496813376,0.0,100.0,21.93171219946131,0.0,100.0,11.0,0.0,100.0
11,24,16.1245154965971,0.0,100.0,21.77154105707724,0.0,100.0,11.489125293076057,0.0,100.0
11,25,15.066519173319364,0.0,100.0,19.05255888325765,0.0,100.0,20.904544960366874,0.0,100.0
11,26,17.72004514666935,0.0,100.0,20.248456731316587,0.0,100.0,24.08318915758459,0.0,100.0
11,27,16.186414056238647,0.0,100.0,21.93171219946131,0.0,100.0,22.11334438749598,0.0,100.0
11,28,27.748873851023216,0.0,100.0,11.045361017187261,0.0,100.0,18.894443627691185,0.0,100.0
11,29,15.937377450509228,0.0,100.0,13.038404810405298,0.0,100.0,15.033296378372908,0.0,100.0
11,30,9.16515138991168,0.0,100.0,30.331501776206203,0.0,100.0,22.561028345356956,0.0,100.0
11,31,17.69180601295413,0.0,100.0,22.9128784747792,0.0,100.0,20.024984394500787,0.0,100.0
11,32,20.024984394500787,0.0,100.0,16.401219466856727,0.0,100.0,29.8496231131986,0.0,100.0
11,33,18.867962264113206,0.0,100.0,10.862780491200215,0.0,100.0,18.24828759089466,0.0,100.0
11,34,16.09347693943108,0.0,100.0,24.269322199023193,0.0,100.0,11.916375287812984,0.0,100.0
11,35,16.15549442140351,0.0,100.0,21.283796653792763,0.0,100.0,14.2828568570857,0.0,100.0
11,36,15.297058540778355,0.0,100.0,9.695359714832659,0.0,100.0,13.152946437965905,0.0,100.0
11,37,19.519221295943137,0.0,100.0,12.96148139681572,0.0,100.0,19.44222209522358,0.0,100.0
11,38,24.20743687382041,0.0,100.0,22.847319317591726,0.0,100.0,14.52583904633395,0.0,100.0
11,39,12.727922061357855,0.0,100.0,20.615528128088304,0.0,100.0,15.84297951775486,0.0,100.0
11,40,17.11724276862369,0.0,100.0,19.467922333931785,0.0,100.0,16.792855623746664,0.0,100.0
11,41,22.15851980616034,0.0,100.0,19.026297590440446,0.0,100.0,25.573423705088842,0.0,100.0
11,42,11.180339887498949,0.0,100.0,17.0,0.0,100.0,17.804493814764857,0.0,100.0
11,43,30.495901363953813,0.0,100.0,22.869193252058544,0.0,100.0,9.273618495495704,0.0,100.0
11,44,21.047565179849187,0.0,100.0,13.601470508735444,0.0,100.0,15.165750888103101,0.0,100.0
11,45,24.939927826679853,0.0,100.0,10.816653826391969,0.0,100.0,14.866068747318506,0.0,100.0
11,46,11.74734012447073,0.0,100.0,9.486832980505138,0.0,100.0,14.45683229480096,0.0,100.0
11,47,17.944358444926362,0.0,100.0,21.18962010041709,0.0,100.0,16.73320053068151,0.0,100.0
11,48,24.919871588754223,0.0,100.0,24.515301344262525,0.0,100.0,21.93171219946131,0.0,100.0
11,49,20.074859899884732,0.0,100.0,21.97726097583591,0.0,100.0,10.295630140987,0.0,100.0
11,50,14.45683229480096,0.0,100.0,22.847319317591726,0.0,100.0,23.853720883753127,0.0,100.0
11,51,21.93171219946131,0.0,100.0,18.57417562100671,0.0,100.0,17.204650534085253,0.0,100.0
11,52,24.08318915758459,0.0,100.0,24.515301344262525,0.0,100.0,20.199009876724155,0.0,100.0
11,53,17.146428199482248,0.0,100.0,19.72308292331602,0.0,100.0,24.859605789312106,0.0,100.0
11,54,15.937377450509228,0.0,100.0,25.495097567963924,0.0,100.0,26.076809620810597,0.0,100.0
11,55,29.58039891549808,0.0,100.0,23.108440016582687,0.0,100.0,12.041594578792296,0.0,100.0
11,56,16.186414056238647,0.0,100.0,17.46424919657298,0.0,100.0,19.8997487421324,0.0,100.0
11,57,19.4164878389476,0.0,100.0,16.492422502470642,0.0,100.0,23.430749027719962,0.0,100.0
11,58,22.494443758403985,0.0,100.0,23.2163735324878,0.0,100.0,17.4928556845359,0.0,100.0
11,59,22.315913604421397,0.0,100.0,18.05547008526779,0.0,100.0,19.261360284258224,0.0,100.0
11,60,25.98076211353316,0.0,100.0,27.964262908219126,0.0,100.0,19.0,0.0,100.0
11,61,18.81488772222678,0.0,100.0,18.384776310850235,0.0,100.0,29.8496231131986,0.0,100.0
11,62,17.291616465790582,0.0,100.0,22.715633383201094,0.0,100.0,25.03996805109783,0.0,100.0
11,63,20.223748416156685,0.0,100.0,18.027756377319946,0.0,100.0,13.416407864998739,0.0,100.0
12,0,26.476404589747453,0.0,100.0,23.345235059857504,0.0,100.0,14.352700094407323,0.0,100.0
12,1,24.819347291981714,0.0,100.0,16.583123951777,0.0,100.0,6.782329983125268,0.0,100.0
12,2,25.573423705088842,0.0,100.0,17.4928556845359,0.0,100.0,21.79449471770337,0.0,100.0
12,3,24.166091947189145,0.0,100.0,29.086079144497972,0.0,100.0,16.401219466856727,0.0,100.0
12,4,12.206555615733702,0.0,100.0,30.298514815086232,0.0,100.0,20.73644135332772,0.0,100.0
12,5,12.806248474865697,0.0,100.0,16.15549442140351,0.0,100.0,10.295630140987,0.0,100.0
12,6,3.3166247903554,0.0,100.0,20.322401432901575,0.0,100.0,19.849433241279208,0.0,100.0
12,7,26.570660511172846,0.0,100.0,22.22611077089287,0.0,100.0,19.1049731745428,0.0,100.0
12,8,30.099833886584822,0.0,100.0,24.269322199023193,0.0,100.0,15.937377450509228,0.0,100.0
12,9,23.53720459187964,0.0,100.0,21.95449840010015,0.0,100.0,9.539392014169456,0.0,100.0
12,10,19.026297590440446,0.0,100.0,25.98076211353316,0.0,100.0,18.411952639521967,0.0,100.0
12,11,22.045407685048602,0.0,100.0,18.894443627691185,0.0,100.0,21.400934559032695,0.0,100.0
12,12,12.84523257866513,0.0,100.0,17.549928774784245,0.0,100.0,24.71841418861655,0.0,100.0
12,13,20.149441679609886,0.0,100.0,21.095023109728988,0.0,100.0,17.804493814764857,0.0,100.0
12,14,19.748417658131498,0.0,100.0,26.888659319497503,0.0,100.0,14.52583904633395,0.0,100.0
12,15,9.797958971132712,0.0,100.0,25.942243542145693,0.0,100.0,15.165750888103101,0.0,100.0
12,16,14.628738838327793,0.0,100.0,11.445523142259598,0.0,100.0,18.24828759089466,0.0,100.0
12,17,26.870057685088806,0.0,100.0,15.033296378372908,0.0,100.0,17.349351572897472,0.0,100.0
12,18,21.61018278497431,0.0,100.0,19.748417658131498,0.0,100.0,8.831760866327848,0.0,100.0
12,19,25.65151067676132,0.0,100.0,31.20897306865447,0.0,100.0,20.83266665599966,0.0,100.0
12,20,22.825424421026653,0.0,100.0,16.0312195418814,0.0,100.0,19.621416870348583,0.0,100.0
12,21,19.949937343260004,0.0,100.0,20.615528128088304,0.0,100.0,8.306623862918075,0.0,100.0
12,22,28.948229652260256,0.0,100.0,22.737634001804146,0.0,100.0,24.20743687382041,0.0,100.0
12,23,13.152946437965905,0.0,100.0,26.095976701399778,0.0,100.0,20.346989949375804,0.0,100.0
12,24,26.851443164195103,0.0,100.0,14.866068747318506,0.0,100.0,25.632011235952593,0.0,100.0
12,25,23.874672772626646,0.0,100.0,22.494443758403985,0.0,100.0,26.19160170741759,0.0,100.0
12,26,20.71231517720798,0.0,100.0,17.832554500127006,0.0,100.0,15.524174696260024,0.0,100.0
12,27,21.118712081942874,0.0,100.0,16.15549442140351,0.0,100.0,22.22611077089287,0.0,100.0
12,28,14.071247279470288,0.0,100.0,6.4031242374328485,0.0,100.0,8.602325267042627,0.0,100.0
12,29,23.769728648009426,0.0,100.0,19.519221295943137,0.0,100.0,18.35755975068582,0.0,100.0
12,30,10.246950765959598,0.0,100.0,15.524174696260024,0.0,100.0,15.0,0.0,100.0
12,31,16.522711641858304,0.0,100.0,26.90724809414742,0.0,100.0,21.400934559032695,0.0,100.0
12,32,16.1245154965971,0.0,100.0,19.44222209522358,0.0,100.0,21.18962010041709,0.0,100.0
12,33,27.676705006196094,0.0,100.0,19.209372712298546,0.0,100.0,16.97056274847714,0.0,100.0
12,34,20.73644135332772,0.0,100.0,18.384776310850235,0.0,100.0,13.784048752090222,0.0,100.0
12,35,14.352700094407323,0.0,100.0,24.73863375370596,0.0,100.0,20.639767440550294,0.0,100.0
12,36,20.54263858417414,0.0,100.0,21.470910553583888,0.0,100.0,27.586228448267445,0.0,100.0
12,37,14.035668847618199,0.0,100.0,26.267851073127396,0.0,100.0,18.708286933869708,0.0,100.0
12,38,15.937377450509228,0.0,100.0,16.278820596099706,0.0,100.0,21.656407827707714,0.0,100.0
12,39,24.515301344262525,0.0,100.0,21.400934559032695,0.0,100.0,6.164414002968976,0.0,100.0
12,40,21.494185260204677,0.0,100.0,23.15167380558045,0.0,100.0,14.491376746189438,0.0,100.0
12,41,20.54263858417414,0.0,100.0,18.027756377319946,0.0,100.0,19.0,0.0,100.0
12,42,17.11724276862369,0.0,100.0,21.18962010041709,0.0,100.0,10.246950765959598,0.0,100.0
12,43,20.808652046684813,0.0,100.0,20.808652046684813,0.0,100.0,22.315913604421397,0.0,100.0
12,44,13.0,0.0,100.0,11.445523142259598,0.0,100.0,19.6468827043885,0.0,100.0
12,45,18.841443681416774,0.0,100.0,16.15549442140351,0.0,100.0,19.261360284258224,0.0,100.0
12,46,18.466185312619388,0.0,100.0,21.213203435596427,0.0,100.0,24.06241883103193,0.0,100.0
12,47,19.72308292331602,0.0,100.0,15.811388300841896,0.0,100.0,11.40175425099138,0.0,100.0
12,48,16.401219466856727,0.0,100.0,21.656407827707714,0.0,100.0,18.193405398660254,0.0,100.0
12,49,21.656407827707714,0.0,100.0,14.45683229480096,0.0,100.0,18.894443627691185,0.0,100.0
12,50,12.806248474865697,0.0,100.0,20.904544960366874,0.0,100.0,20.12461179749811,0.0,100.0
12,51,16.0312195418814,0.0,100.0,23.57965224510319,0.0,100.0,18.973665961010276,0.0,100.0
12,52,23.366642891095847,0.0,100.0,21.840329667841555,0.0,100.0,23.043437243605826,0.0,100.0
12,53,18.81488772222678,0.0,100.0,14.247806848775006,0.0,100.0,9.273618495495704,0.0,100.0
12,54,21.354156504062622,0.0,100.0,17.4928556845359,0.0,100.0,15.811388300841896,0.0,100.0
12,55,15.905973720586866,0.0,100.0,20.12461179749811,0.0,100.0,18.138357147217054,0.0,100.0
12,56,15.811388300841896,0.0,100.0,20.83266665599966,0.0,100.0,19.519221295943137,0.0,100.0
12,57,29.427877939124322,0.0,100.0,8.54400374531753,0.0,100.0,22.516660498395403,0.0,100.0
12,58,18.49324200890693,0.0,100.0,6.324555320336759,0.0,100.0,27.367864366808018,0.0,100.0
12,59,22.02271554554524,0.0,100.0,15.524174696260024,0.0,100.0,17.578395831246947,0.0,100.0
12,60,19.748417658131498,0.0,100.0,17.029386365926403,0.0,100.0,6.4031242374328485,0.0,100.0
12,61,21.118712081942874,0.0,100.0,21.97726097583591,0.0,100.0,19.313207915827967,0.0,100.0
12,62,23.853720883753127,0.0,100.0,26.851443164195103,0.0,100.0,26.476404589747453,0.0,100.0
12,63,17.74823934929885,0.0,100.0,24.1039415863879,0.0,100.0,24.1039415863879,0.0,100.0
13,0,13.152946437965905,0.0,100.0,7.280109889280518,0.0,100.0,10.770329614269007,0.0,100.0
13,1,10.295630140987,0.0,100.0,20.322401432901575,0.0,100.0,20.591260281974,0.0,100.0
13,2,15.652475842498529,0.0,100.0,18.49324200890693,0.0,100.0,17.944358444926362,0.0,100.0
13,3,20.12461179749811,0.0,100.0,9.539392014169456,0.0,100.0,15.556349186104045,0.0,100.0
13,4,25.39685019840059,0.0,100.0,13.601470508735444,0.0,100.0,23.600847442411894,0.0,100.0
13,5,26.60826939130014,0.0,100.0,17.832554500127006,0.0,100.0,22.9128784747792,0.0,100.0
13,6,16.278820596099706,0.0,100.0,12.24744871391589,0.0,100.0,13.674794331177344,0.0,100.0
13,7,14.177446878757825,0.0,100.0,17.029386365926403,0.0,100.0,20.639767440550294,0.0,100.0
13,8,22.11334438749598,0.0,100.0,15.066519173319364,0.0,100.0,11.090536506409418,0.0,100.0
13,9,6.48074069840786,0.0,100.0,26.095976701399778,0.0,100.0,9.9498743710662,0.0,100.0
13,10,18.867962264113206,0.0,100.0,20.46948949045872,0.0,100.0,22.090722034374522,0.0,100.0
13,11,18.05547008526779,0.0,100.0,20.46948949045872,0.0,100.0,20.223748416156685,0.0,100.0
13,12,11.874342087037917,0.0,100.0,27.349588662354687,0.0,100.0,13.74772708486752,0.0,100.0
13,13,17.46424919657298,0.0,100.0,19.949937343260004,0.0,100.0,12.206555615733702,0.0,100.0
13,14,20.273134932713294,0.0,100.0,16.522711641858304,0.0,100.0,14.89966442575134,0.0,100.0
13,15,25.45584412271571,0.0,100.0,24.1039415863879,0.0,100.0,9.9498743710662,0.0,100.0
13,16,15.297058540778355,0.0,100.0,12.409673645990857,0.0,100.0,26.758176320519304,0.0,100.0
13,17,21.840329667841555,0.0,100.0,19.72308292331602,0.0,100.0,6.0,0.0,100.0
13,18,21.470910553583888,0.0,100.0,13.601470508735444,0.0,100.0,15.165750888103101,0.0,100.0
13,19,18.920887928424502,0.0,100.0,26.60826939130014,0.0,100.0,22.40535650240808,0.0,100.0
13,20,17.916472867168917,0.0,100.0,24.61706725018234,0.0,100.0,21.42428528562855,0.0,100.0
13,21,15.033296378372908,0.0,100.0,15.132745950421556,0.0,100.0,20.808652046684813,0.0,100.0
13,22,21.18962010041709,0.0,100.0,22.516660498395403,0.0,100.0,26.70205984563738,0.0,100.0
13,23,26.43860813280457,0.0,100.0,27.09243436828813,0.0,100.0,21.42428528562855,0.0,100.0
13,24,15.937377450509228,0.0,100.0,16.278820596099706,0.0,100.0,12.727922061357855,0.0,100.0
13,25,24.372115213907882,0.0,100.0,21.563858652847824,0.0,100.0,21.470910553583888,0.0,100.0
13,26,5.0,0.0,100.0,22.315913604421397,0.0,100.0,17.291616465790582,0.0,100.0
13,27,27.964262908219126,0.0,100.0,22.516660498395403,0.0,100.0,15.84297951775486,0.0,100.0
13,28,19.026297590440446,0.0,100.0,25.079872407968907,0.0,100.0,8.717797887081348,0.0,100.0
13,29,22.494443758403985,0.0,100.0,18.627936010197157,0.0,100.0,16.401219466856727,0.0,100.0
13,30,13.601470508735444,0.0,100.0,24.06241883103193,0.0,100.0,18.439088914585774,0.0,100.0
13,31,22.561028345356956,0.0,100.0,13.45362404707371,0.0,100.0,15.264337522473747,0.0,100.0
13,32,10.344080432788601,0.0,100.0,22.135943621178654,0.0,100.0,29.58039891549808,0.0,100.0
13,33,17.97220075561143,0.0,100.0,14.0,0.0,100.0,26.851443164195103,0.0,100.0
13,34,23.874672772626646,0.0,100.0,13.96424004376894,0.0,100.0,19.82422760159901,0.0,100.0
13,35,12.083045973594572,0.0,100.0,13.92838827718412,0.0,100.0,11.045361017187261,0.0,100.0
13,36,15.0996688705415,0.0,100.0,23.790754506740637,0.0,100.0,9.695359714832659,0.0,100.0
13,37,20.615528128088304,0.0,100.0,19.026297590440446,0.0,100.0,19.313207915827967,0.0,100.0
13,38,11.874342087037917,0.0,100.0,13.74772708486752,0.0,100.0,24.515301344262525,0.0,100.0
13,39,23.08679276123039,0.0,100.0,24.372115213907882,0.0,100.0,20.71231517720798,0.0,100.0
13,40,20.248456731316587,0.0,100.0,17.46424919657298,0.0,100.0,19.72308292331602,0.0,100.0
13,41,20.248456731316587,0.0,100.0,25.37715508089904,0.0,100.0,18.920887928424502,0.0,100.0
13,42,24.124676163629637,0.0,100.0,14.071247279470288,0.0,100.0,28.231188426986208,0.0,100.0
13,43,24.351591323771842,0.0,100.0,25.729360660537214,0.0,100.0,6.48074069840786,0.0,100.0
13,44,5.385164807134504,0.0,100.0,16.401219466856727,0.0,100.0,20.54263858417414,0.0,100.0
13,45,10.44030650891055,0.0,100.0,9.16515138991168,0.0,100.0,27.76688675382964,0.0,100.0
13,46,26.076809620810597,0.0,100.0,9.219544457292887,0.0,100.0,8.246211251235321,0.0,100.0
13,47,24.939927826679853,0.0,100.0,23.280893453645632,0.0,100.0,13.038404810405298,0.0,100.0
13,48,19.1049731745428,0.0,100.0,20.615528128088304,0.0,100.0,16.401219466856727,0.0,100.0
13,49,17.578395831246947,0.0,100.0,25.475478405713993,0.0,100.0,19.849433241279208,0.0,100.0
13,50,19.313207915827967,0.0,100.0,27.85677655436824,0.0,100.0,20.85665361461421,0.0,100.0
13,51,27.65863337187866,0.0,100.0,16.30950643030009,0.0,100.0,12.806248474865697,0.0,100.0
13,52,10.246950765959598,0.0,100.0,22.978250586152114,0.0,100.0,12.206555615733702,0.0,100.0
13,53,23.727621035409346,0.0,100.0,28.583211855912904,0.0,100.0,20.12461179749811,0.0,100.0
13,54,25.495097567963924,0.0,100.0,18.57417562100671,0.0,100.0,20.346989949375804,0.0,100.0
13,55,12.68857754044952,0.0,100.0,17.029386365926403,0.0,100.0,28.372521918222215,0.0,100.0
13,56,7.681145747868608,0.0,100.0,16.431676725154983,0.0,100.0,25.98076211353316,0.0,100.0
13,57,23.345235059857504,0.0,100.0,16.24807680927192,0.0,100.0,19.748417658131498,0.0,100.0
13,58,9.899494936611665,0.0,100.0,23.366642891095847,0.0,100.0,20.024984394500787,0.0,100.0
13,59,16.522711641858304,0.0,100.0,15.394804318340652,0.0,100.0,17.204650534085253,0.0,100.0
13,60,20.42057785666214,0.0,100.0,17.146428199482248,0.0,100.0,22.494443758403985,0.0,100.0
13,61,31.272991542223778,0.0,100.0,21.307275752662516,0.0,100.0,19.849433241279208,0.0,100.0
13,62,22.67156809750927,0.0,100.0,14.177446878757825,0.0,100.0,23.430749027719962,0.0,100.0
13,63,13.076696830622021,0.0,100.0,21.18962010041709,0.0,100.0,20.223748416156685,0.0,100.0
14,0,14.628738838327793,0.0,100.0,17.46424919657298,0.0,100.0,22.561028345356956,0.0,100.0
14,1,20.42057785666214,0.0,100.0,11.090536506409418,0.0,100.0,9.0,0.0,100.0
14,2,23.600847442411894,0.0,100.0,16.431676725154983,0.0,100.0,18.439088914585774,0.0,100.0
14,3,8.12403840463596,0.0,100.0,13.379088160259652,0.0,100.0,17.72004514666935,0.0,100.0
14,4,23.853720883753127,0.0,100.0,18.0,0.0,100.0,26.38181191654584,0.0,100.0
14,5,28.178005607210743,0.0,100.0,23.49468024894146,0.0,100.0,24.351591323771842,0.0,100.0
14,6,16.09347693943108,0.0,100.0,29.58039891549808,0.0,100.0,19.339079605813716,0.0,100.0
14,7,15.033296378372908,0.0,100.0,25.41653005427767,0.0,100.0,26.324893162176366,0.0,100.0
14,8,18.24828759089466,0.0,100.0,18.2208671582886,0.0,100.0,9.433981132056603,0.0,100.0
14,9,18.708286933869708,0.0,100.0,17.11724276862369,0.0,100.0,18.138357147217054,0.0,100.0
14,10,29.58039891549808,0.0,100.0,17.46424919657298,0.0,100.0,12.206555615733702,0.0,100.0
14,11,17.72004514666935,0.0,100.0,21.18962010041709,0.0,100.0,19.131126469708992,0.0,100.0
14,12,22.561028345356956,0.0,100.0,18.49324200890693,0.0,100.0,10.63014581273465,0.0,100.0
14,13,22.494443758403985,0.0,100.0,21.77154105707724,0.0,100.0,19.621416870348583,0.0,100.0
14,14,10.677078252031311,0.0,100.0,17.549928774784245,0.0,100.0,16.522711641858304,0.0,100.0
14,15,20.615528128088304,0.0,100.0,19.4164878389476,0.0,100.0,16.24807680927192,0.0,100.0
14,16,27.477263328068172,0.0,100.0,20.639767440550294,0.0,100.0,22.58317958127243,0.0,100.0
14,17,19.390719429665317,0.0,100.0,8.06225774829855,0.0,100.0,15.652475842498529,0.0,100.0
14,18,15.556349186104045,0.0,100.0,23.68543856465402,0.0,100.0,13.038404810405298,0.0,100.0
14,19,8.306623862918075,0.0,100.0,25.768197453450252,0.0,100.0,18.466185312619388,0.0,100.0
14,20,15.937377450509228,0.0,100.0,23.15167380558045,0.0,100.0,18.16590212458495,0.0,100.0
14,21,20.73644135332772,0.0,100.0,24.372115213907882,0.0,100.0,21.656407827707714,0.0,100.0
14,22,18.466185312619388,0.0,100.0,17.029386365926403,0.0,100.0,16.278820596099706,0.0,100.0
14,23,20.615528128088304,0.0,100.0,19.261360284258224,0.0,100.0,24.859605789312106,0.0,100.0
14,24,17.4928556845359,0.0,100.0,1.4142135623730951,0.0,100.0,27.386127875258307,0.0,100.0
14,25,20.09975124224178,0.0,100.0,23.280893453645632,0.0,100.0,21.307275752662516,0.0,100.0
14,26,21.047565179849187,0.0,100.0,18.894443627691185,0.0,100.0,19.209372712298546,0.0,100.0
14,27,18.867962264113206,0.0,100.0,23.021728866442675,0.0,100.0,21.0,0.0,100.0
14,28,25.475478405713993,0.0,100.0,13.19090595827292,0.0,100.0,3.605551275463989,0.0,100.0
14,29,27.09243436828813,0.0,100.0,24.677925358506133,0.0,100.0,15.652475842498529,0.0,100.0
14,30,18.466185312619388,0.0,100.0,17.69180601295413,0.0,100.0,19.748417658131498,0.0,100.0
14,31,19.339079605813716,0.0,100.0,24.413111231467404,0.0,100.0,18.384776310850235,0.0,100.0
14,32,14.45683229480096,0.0,100.0,29.478805945967352,0.0,100.0,16.911534525287763,0.0,100.0
14,33,13.638181696985855,0.0,100.0,20.024984394500787,0.0,100.0,20.248456731316587,0.0,100.0
14,34,22.47220505424423,0.0,100.0,16.76305461424021,0.0,100.0,21.283796653792763,0.0,100.0
14,35,20.71231517720798,0.0,100.0,15.0996688705415,0.0,100.0,19.519221295943137,0.0,100.0
14,36,15.84297951775486,0.0,100.0,15.684387141358123,0.0,100.0,10.954451150103322,0.0,100.0
14,37,13.92838827718412,0.0,100.0,22.891046284519195,0.0,100.0,25.495097567963924,0.0,100.0
14,38,11.0,0.0,100.0,25.475478405713993,0.0,100.0,18.708286933869708,0.0,100.0
14,39,15.811388300841896,0.0,100.0,18.05547008526779,0.0,100.0,9.486832980505138,0.0,100.0
14,40,24.61706725018234,0.0,100.0,10.0,0.0,100.0,18.920887928424502,0.0,100.0
14,41,9.899494936611665,0.0,100.0,22.561028345356956,0.0,100.0,24.269322199023193,0.0,100.0
14,42,24.228082879171435,0.0,100.0,10.63014581273465,0.0,100.0,19.131126469708992,0.0,100.0
14,43,19.05255888325765,0.0,100.0,13.416407864998739,0.0,100.0,22.20360331117452,0.0,100.0
14,44,20.049937655763422,0.0,100.0,16.673332000533065,0.0,100.0,6.708203932499369,0.0,100.0
14,45,15.84297951775486,0.0,100.0,20.639767440550294,0.0,100.0,17.291616465790582,0.0,100.0
14,46,16.76305461424021,0.0,100.0,24.372115213907882,0.0,100.0,22.759613353482084,0.0,100.0
14,47,18.49324200890693,0.0,100.0,11.224972160321824,0.0,100.0,13.601470508735444,0.0,100.0
14,48,15.394804318340652,0.0,100.0,19.026297590440446,0.0,100.0,27.85677655436824,0.0,100.0
14,49,22.80350850198276,0.0,100.0,14.52583904633395,0.0,100.0,27.294688127912362,0.0,100.0
14,50,18.894443627691185,0.0,100.0,9.273618495495704,0.0,100.0,14.247806848775006,0.0,100.0
14,51,8.660254037844387,0.0,100.0,19.131126469708992,0.0,100.0,14.177446878757825,0.0,100.0
14,52,16.0312195418814,0.0,100.0,10.246950765959598,0.0,100.0,9.539392014169456,0.0,100.0
14,53,18.05547008526779,0.0,100.0,21.0,0.0,100.0,13.416407864998739,0.0,100.0
14,54,24.779023386727733,0.0,100.0,21.307275752662516,0.0,100.0,15.297058540778355,0.0,100.0
14,55,24.186773244895647,0.0,100.0,22.22611077089287,0.0,100.0,13.416407864998739,0.0,100.0
14,56,23.790754506740637,0.0,100.0,17.4928556845359,0.0,100.0,25.019992006393608,0.0,100.0
14,57,13.379088160259652,0.0,100.0,23.021728866442675,0.0,100.0,12.569805089976535,0.0,100.0
14,58,4.47213595499958,0.0,100.0,25.39685019840059,0.0,100.0,23.600847442411894,0.0,100.0
14,59,14.071247279470288,0.0,100.0,22.11334438749598,0.0,100.0,9.433981132056603,0.0,100.0
14,60,17.69180601295413,0.0,100.0,29.546573405388315,0.0,100.0,11.74734012447073,0.0,100.0
14,61,20.688160865577203,0.0,100.0,21.656407827707714,0.0,100.0,23.2163735324878,0.0,100.0
14,62,17.11724276862369,0.0,100.0,22.40535650240808,0.0,100.0,21.213203435596427,0.0,100.0
14,63,19.748417658131498,0.0,100.0,15.905973720586866,0.0,100.0,18.0,0.0,100.0
15,0,8.366600265340756,0.0,100.0,17.832554500127006,0.0,100.0,18.384776310850235,0.0,100.0
15,1,17.72004514666935,0.0,100.0,16.583123951777,0.0,100.0,25.67099530598687,0.0,100.0
15,2,22.64950330581225,0.0,100.0,18.973665961010276,0.0,100.0,11.575836902790225,0.0,100.0
15,3,19.1049731745428,0.0,100.0,13.74772708486752,0.0,100.0,12.36931687685298,0.0,100.0
15,4,17.233687939614086,0.0,100.0,17.26267650163207,0.0,100.0,21.18962010041709,0.0,100.0
15,5,17.72004514666935,0.0,100.0,21.840329667841555,0.0,100.0,11.445523142259598,0.0,100.0
15,6,18.920887928424502,0.0,100.0,13.038404810405298,0.0,100.0,21.236760581595302,0.0,100.0
15,7,16.0312195418814,0.0,100.0,20.149441679609886,0.0,100.0,13.601470508735444,0.0,100.0
15,8,22.15851980616034,0.0,100.0,20.0,0.0,100.0,21.61018278497431,0.0,100.0
15,9,15.524174696260024,0.0,100.0,17.60681686165901,0.0,100.0,14.866068747318506,0.0,100.0
15,10,21.118712081942874,0.0,100.0,17.146428199482248,0.0,100.0,22.561028345356956,0.0,100.0
15,11,10.392304845413264,0.0,100.0,26.589471600616662,0.0,100.0,21.656407827707714,0.0,100.0
15,12,19.339079605813716,0.0,100.0,19.235384061671343,0.0,100.0,11.357816691600547,0.0,100.0
15,13,15.033296378372908,0.0,100.0,24.020824298928627,0.0,100.0,20.223748416156685,0.0,100.0
15,14,12.727922061357855,0.0,100.0,18.788294228055936,0.0,100.0,28.0178514522438,0.0,100.0
15,15,29.086079144497972,0.0,100.0,23.790754506740637,0.0,100.0,20.0,0.0,100.0
15,16,21.563858652847824,0.0,100.0,19.026297590440446,0.0,100.0,13.601470508735444,0.0,100.0
15,17,25.079872407968907,0.0,100.0,17.233687939614086,0.0,100.0,20.615528128088304,0.0,100.0
15,18,16.0,0.0,100.0,20.808652046684813,0.0,100.0,20.248456731316587,0.0,100.0
15,19,30.083217912982647,0.0,100.0,17.378147196982766,0.0,100.0,19.209372712298546,0.0,100.0
15,20,23.62202362203543,0.0,100.0,16.15549442140351,0.0,100.0,23.323807579381203,0.0,100.0
15,21,21.2602916254693,0.0,100.0,10.63014581273465,0.0,100.0,21.047565179849187,0.0,100.0
15,22,15.165750888103101,0.0,100.0,27.09243436828813,0.0,100.0,18.138357147217054,0.0,100.0
15,23,31.827660925679098,0.0,100.0,19.72308292331602,0.0,100.0,27.51363298439521,0.0,100.0
15,24,17.72004514666935,0.0,100.0,13.892443989449804,0.0,100.0,19.0,0.0,100.0
15,25,18.275666882497067,0.0,100.0,26.248809496813376,0.0,100.0,18.138357147217054,0.0,100.0
15,26,9.9498743710662,0.0,100.0,19.209372712298546,0.0,100.0,19.849433241279208,0.0,100.0
15,27,13.74772708486752,0.0,100.0,19.209372712298546,0.0,100.0,12.569805089976535,0.0,100.0
15,28,10.246950765959598,0.0,100.0,21.470910553583888,0.0,100.0,21.97726097583591,0.0,100.0
15,29,11.704699910719626,0.0,100.0,20.445048300260872,0.0,100.0,25.573423705088842,0.0,100.0
15,30,19.72308292331602,0.0,100.0,20.639767440550294,0.0,100.0,14.0,0.0,100.0
15,31,18.466185312619388,0.0,100.0,15.7797338380595,0.0,100.0,18.973665961010276,0.0,100.0
15,32,9.486832980505138,0.0,100.0,23.600847442411894,0.0,100.0,15.165750888103101,0.0,100.0
15,33,21.236760581595302,0.0,100.0,14.317821063276353,0.0,100.0,16.0312195418814,0.0,100.0
15,34,20.904544960366874,0.0,100.0,28.61817604250837,0.0,100.0,21.61018278497431,0.0,100.0
15,35,15.556349186104045,0.0,100.0,17.233687939614086,0.0,100.0,10.295630140987,0.0,100.0
15,36,16.673332000533065,0.0,100.0,12.165525060596439,0.0,100.0,6.4031242374328485,0.0,100.0
15,37,11.357816691600547,0.0,100.0,23.727621035409346,0.0,100.0,10.246950765959598,0.0,100.0
15,38,7.3484692283495345,0.0,100.0,17.74823934929885,0.0,100.0,25.709920264364882,0.0,100.0
15,39,19.313207915827967,0.0,100.0,16.881943016134134,0.0,100.0,25.632011235952593,0.0,100.0
15,40,21.42428528562855,0.0,100.0,21.307275752662516,0.0,100.0,24.1039415863879,0.0,100.0
15,41,18.138357147217054,0.0,100.0,11.704699910719626,0.0,100.0,29.68164415931166,0.0,100.0
15,42,21.93171219946131,0.0,100.0,16.0312195418814,0.0,100.0,25.03996805109783,0.0,100.0
15,43,14.594519519326424,0.0,100.0,20.518284528683193,0.0,100.0,19.87460691435179,0.0,100.0
15,44,16.431676725154983,0.0,100.0,18.35755975068582,0.0,100.0,16.278820596099706,0.0,100.0
15,45,21.095023109728988,0.0,100.0,10.04987562112089,0.0,100.0,16.792855623746664,0.0,100.0
15,46,14.317821063276353,0.0,100.0,16.30950643030009,0.0,100.0,13.0,0.0,100.0
15,47,11.40175425099138,0.0,100.0,8.12403840463596,0.0,100.0,20.904544960366874,0.0,100.0
15,48,18.681541692269406,0.0,100.0,19.72308292331602,0.0,100.0,17.378147196982766,0.0,100.0
15,49,8.602325267042627,0.0,100.0,16.911534525287763,0.0,100.0,23.08679276123039,0.0,100.0
15,50,20.46948949045872,0.0,100.0,18.466185312619388,0.0,100.0,27.440845468024488,0.0,100.0
15,51,18.81488772222678,0.0,100.0,17.578395831246947,0.0,100.0,13.038404810405298,0.0,100.0
15,52,20.904544960366874,0.0,100.0,2.23606797749979,0.0,100.0,16.583123951777,0.0,100.0
15,53,15.556349186104045,0.0,100.0,17.549928774784245,0.0,100.0,12.041594578792296,0.0,100.0
15,54,19.235384061671343,0.0,100.0,23.173260452512935,0.0,100.0,24.1039415863879,0.0,100.0
15,55,16.401219466856727,0.0,100.0,18.275666882497067,0.0,100.0,17.69180601295413,0.0,100.0
15,56,8.774964387392123,0.0,100.0,25.495097567963924,0.0,100.0,11.445523142259598,0.0,100.0
15,57,5.916079783099616,0.0,100.0,17.11724276862369,0.0,100.0,24.49489742783178,0.0,100.0
15,58,8.06225774829855,0.0,100.0,15.066519173319364,0.0,100.0,15.264337522473747,0.0,100.0
15,59,22.516660498395403,0.0,100.0,13.92838827718412,0.0,100.0,23.366642891095847,0.0,100.0
15,60,21.470910553583888,0.0,100.0,20.83266665599966,0.0,100.0,15.427248620541512,0.0,100.0
15,61,11.74734012447073,0.0,100.0,23.366642891095847,0.0,100.0,20.024984394500787,0.0,100.0
15,62,24.08318915758459,0.0,100.0,16.881943016134134,0.0,100.0,21.93171219946131,0.0,100.0
15,63,6.324555320336759,0.0,100.0,19.209372712298546,0.0,100.0,25.80697580112788,0.0,100.0
16,0,12.68857754044952,0.0,100.0,15.264337522473747,0.0,100.0,16.30950643030009,0.0,100.0
16,1,19.6468827043885,0.0,100.0,19.6468827043885,0.0,100.0,21.748563170931547,0.0,100.0
16,2,14.035668847618199,0.0,100.0,17.72004514666935,0.0,100.0,21.95449840010015,0.0,100.0
16,3,22.561028345356956,0.0,100.0,11.532562594670797,0.0,100.0,18.466185312619388,0.0,100.0
16,4,17.291616465790582,0.0,100.0,24.166091947189145,0.0,100.0,13.379088160259652,0.0,100.0
16,5,4.58257569495584,0.0,100.0,28.879058156387302,0.0,100.0,12.68857754044952,0.0,100.0
16,6,21.447610589527216,0.0,100.0,17.916472867168917,0.0,100.0,22.67156809750927,0.0,100.0
16,7,24.166091947189145,0.0,100.0,17.916472867168917,0.0,100.0,19.339079605813716,0.0,100.0
16,8,10.677078252031311,0.0,100.0,14.7648230602334,0.0,100.0,17.72004514666935,0.0,100.0
16,9,19.82422760159901,0.0,100.0,21.307275752662516,0.0,100.0,25.768197453450252,0.0,100.0
16,10,17.578395831246947,0.0,100.0,20.591260281974,0.0,100.0,16.673332000533065,0.0,100.0
16,11,20.149441679609886,0.0,100.0,31.272991542223778,0.0,100.0,17.233687939614086,0.0,100.0
16,12,8.602325267042627,0.0,100.0,23.15167380558045,0.0,100.0,15.7797338380595,0.0,100.0
16,13,15.394804318340652,0.0,100.0,21.0,0.0,100.0,12.24744871391589,0.0,100.0
16,14,25.03996805109783,0.0,100.0,18.466185312619388,0.0,100.0,23.430749027719962,0.0,100.0
16,15,8.306623862918075,0.0,100.0,20.0,0.0,100.0,18.466185312619388,0.0,100.0
16,16,15.033296378372908,0.0,100.0,18.466185312619388,0.0,100.0,24.779023386727733,0.0,100.0
16,17,25.573423705088842,0.0,100.0,18.384776310850235,0.0,100.0,27.586228448267445,0.0,100.0
16,18,19.313207915827967,0.0,100.0,16.76305461424021,0.0,100.0,24.596747752497688,0.0,100.0
16,19,26.645825188948457,0.0,100.0,12.727922061357855,0.0,100.0,13.45362404707371,0.0,100.0
16,20,12.24744871391589,0.0,100.0,21.37755832643195,0.0,100.0,13.152946437965905,0.0,100.0
16,21,18.627936010197157,0.0,100.0,17.578395831246947,0.0,100.0,21.77154105707724,0.0,100.0
16,22,3.0,0.0,100.0,19.235384061671343,0.0,100.0,21.18962010041709,0.0,100.0
16,23,17.0,0.0,100.0,20.92844953645635,0.0,100.0,22.22611077089287,0.0,100.0
16,24,11.74734012447073,0.0,100.0,26.019223662515376,0.0,100.0,23.430749027719962,0.0,100.0
16,25,22.22611077089287,0.0,100.0,20.223748416156685,0.0,100.0,24.61706725018234,0.0,100.0
16,26,22.045407685048602,0.0,100.0,25.019992006393608,0.0,100.0,14.212670403551895,0.0,100.0
16,27,23.769728648009426,0.0,100.0,7.280109889280518,0.0,100.0,17.72004514666935,0.0,100.0
16,28,9.486832980505138,0.0,100.0,20.346989949375804,0.0,100.0,28.39013913315678,0.0,100.0
16,29,32.341923257592455,0.0,100.0,23.958297101421877,0.0,100.0,23.323807579381203,0.0,100.0
16,30,13.92838827718412,0.0,100.0,25.019992006393608,0.0,100.0,17.52141546793523,0.0,100.0
16,31,16.673332000533065,0.0,100.0,24.041630560342615,0.0,100.0,21.93171219946131,0.0,100.0
16,32,8.246211251235321,0.0,100.0,14.560219778561036,0.0,100.0,21.047565179849187,0.0,100.0
16,33,24.124676163629637,0.0,100.0,16.55294535724685,0.0,100.0,12.68857754044952,0.0,100.0
16,34,19.026297590440446,0.0,100.0,23.958297101421877,0.0,100.0,8.12403840463596,0.0,100.0
16,35,12.84523257866513,0.0,100.0,18.466185312619388,0.0,100.0,12.84523257866513,0.0,100.0
16,36,26.343879744638983,0.0,100.0,13.490737563232042,0.0,100.0,15.7797338380595,0.0,100.0
16,37,25.15949125081825,0.0,100.0,14.89966442575134,0.0,100.0,30.773365106858236,0.0,100.0
16,38,22.759613353482084,0.0,100.0,13.45362404707371,0.0,100.0,27.147743920996454,0.0,100.0
16,39,25.199206336708304,0.0,100.0,14.177446878757825,0.0,100.0,24.71841418861655,0.0,100.0
16,40,14.696938456699069,0.0,100.0,22.67156809750927,0.0,100.0,26.60826939130014,0.0,100.0
16,41,18.81488772222678,0.0,100.0,9.899494936611665,0.0,100.0,17.804493814764857,0.0,100.0
16,42,24.859605789312106,0.0,100.0,13.30413469565007,0.0,100.0,22.715633383201094,0.0,100.0
16,43,16.431676725154983,0.0,100.0,22.67156809750927,0.0,100.0,29.03446228191595,0.0,100.0
16,44,26.13426869074396,0.0,100.0,26.476404589747453,0.0,100.0,17.08800749063506,0.0,100.0
16,45,22.045407685048602,0.0,100.0,8.12403840463596,0.0,100.0,26.248809496813376,0.0,100.0
16,46,16.30950643030009,0.0,100.0,13.152946437965905,0.0,100.0,15.165750888103101,0.0,100.0
16,47,17.4928556845359,0.0,100.0,22.11334438749598,0.0,100.0,18.138357147217054,0.0,100.0
16,48,18.466185312619388,0.0,100.0,4.358898943540674,0.0,100.0,19.79898987322333,0.0,100.0
16,49,21.307275752662516,0.0,100.0,25.337718918639855,0.0,100.0,19.390719429665317,0.0,100.0
16,50,21.95449840010015,0.0,100.0,22.20360331117452,0.0,100.0,20.71231517720798,0.0,100.0
16,51,16.24807680927192,0.0,100.0,10.816653826391969,0.0,100.0,25.337718918639855,0.0,100.0
16,52,20.346989949375804,0.0,100.0,16.431676725154983,0.0,100.0,16.186414056238647,0.0,100.0
16,53,23.727621035409346,0.0,100.0,15.231546211727817,0.0,100.0,24.041630560342615,0.0,100.0
16,54,20.54263858417414,0.0,100.0,24.61706725018234,0.0,100.0,22.15851980616034,0.0,100.0
16,55,20.639767440550294,0.0,100.0,25.199206336708304,0.0,100.0,17.291616465790582,0.0,100.0
16,56,11.40175425099138,0.0,100.0,24.515301344262525,0.0,100.0,9.695359714832659,0.0,100.0
16,57,22.58317958127243,0.0,100.0,23.706539182259394,0.0,100.0,23.45207879911715,0.0,100.0
16,58,23.366642891095847,0.0,100.0,20.445048300260872,0.0,100.0,22.891046284519195,0.0,100.0
16,59,16.881943016134134,0.0,100.0,21.42428528562855,0.0,100.0,22.360679774997898,0.0,100.0
16,60,14.45683229480096,0.0,100.0,16.0312195418814,0.0,100.0,17.916472867168917,0.0,100.0
16,61,13.638181696985855,0.0,100.0,13.784048752090222,0.0,100.0,19.949937343260004,0.0,100.0
16,62,20.46948949045872,0.0,100.0,17.72004514666935,0.0,100.0,18.138357147217054,0.0,100.0
16,63,6.708203932499369,0.0,100.0,15.524174696260024,0.0,100.0,25.768197453450252,0.0,100.0
17,0,17.916472867168917,0.0,100.0,21.95449840010015,0.0,100.0,11.0,0.0,100.0
17,1,18.193405398660254,0.0,100.0,15.165750888103101,0.0,100.0,13.601470508735444,0.0,100.0
17,2,17.029386365926403,0.0,100.0,27.018512172212592,0.0,100.0,24.919871588754223,0.0,100.0
17,3,11.789826122551595,0.0,100.0,23.664319132398465,0.0,100.0,18.16590212458495,0.0,100.0
17,4,14.696938456699069,0.0,100.0,19.339079605813716,0.0,100.0,17.60681686165901,0.0,100.0
17,5,25.238858928247925,0.0,100.0,18.601075237738275,0.0,100.0,14.142135623730951,0.0,100.0
17,6,14.560219778561036,0.0,100.0,22.825424421026653,0.0,100.0,4.47213595499958,0.0,100.0
17,7,21.95449840010015,0.0,100.0,16.673332000533065,0.0,100.0,16.0312195418814,0.0,100.0
17,8,23.194827009486403,0.0,100.0,16.61324772583615,0.0,100.0,19.44222209522358,0.0,100.0
17,9,5.196152422706632,0.0,100.0,22.67156809750927,0.0,100.0,21.79449471770337,0.0,100.0
17,10,18.466185312619388,0.0,100.0,10.488088481701515,0.0,100.0,8.06225774829855,0.0,100.0
17,11,17.72004514666935,0.0,100.0,9.695359714832659,0.0,100.0,27.349588662354687,0.0,100.0
17,12,21.118712081942874,0.0,100.0,26.720778431774775,0.0,100.0,11.789826122551595,0.0,100.0
17,13,20.8806130178211,0.0,100.0,18.681541692269406,0.0,100.0,27.147743920996454,0.0,100.0
17,14,20.904544960366874,0.0,100.0,17.08800749063506,0.0,100.0,9.055385138137417,0.0,100.0
17,15,25.768197453450252,0.0,100.0,16.278820596099706,0.0,100.0,19.4164878389476,0.0,100.0
17,16,20.904544960366874,0.0,100.0,22.759613353482084,0.0,100.0,19.05255888325765,0.0,100.0
17,17,18.841443681416774,0.0,100.0,20.12461179749811,0.0,100.0,16.55294535724685,0.0,100.0
17,18,20.445048300260872,0.0,100.0,12.569805089976535,0.0,100.0,7.0710678118654755,0.0,100.0
17,19,21.840329667841555,0.0,100.0,12.569805089976535,0.0,100.0,9.486832980505138,0.0,100.0
17,20,19.209372712298546,0.0,100.0,20.615528128088304,0.0,100.0,30.166206257996713,0.0,100.0
17,21,21.400934559032695,0.0,100.0,15.0,0.0,100.0,17.146428199482248,0.0,100.0
17,22,27.367864366808018,0.0,100.0,14.071247279470288,0.0,100.0,23.021728866442675,0.0,100.0
17,23,21.470910553583888,0.0,100.0,16.09347693943108,0.0,100.0,23.345235059857504,0.0,100.0
17,24,19.209372712298546,0.0,100.0,17.029386365926403,0.0,100.0,18.35755975068582,0.0,100.0
17,25,23.2163735324878,0.0,100.0,26.720778431774775,0.0,100.0,23.108440016582687,0.0,100.0
17,26,12.68857754044952,0.0,100.0,18.138357147217054,0.0,100.0,16.73320053068151,0.0,100.0
17,27,20.248456731316587,0.0,100.0,21.307275752662516,0.0,100.0,9.486832980505138,0.0,100.0
17,28,26.019223662515376,0.0,100.0,16.15549442140351,0.0,100.0,21.307275752662516,0.0,100.0
17,29,21.400934559032695,0.0,100.0,21.633307652783937,0.0,100.0,24.289915602982237,0.0,100.0
17,30,21.563858652847824,0.0,100.0,11.916375287812984,0.0,100.0,13.490737563232042,0.0,100.0
17,31,24.0,0.0,100.0,10.099504938362077,0.0,100.0,21.587033144922902,0.0,100.0
17,32,25.80697580112788,0.0,100.0,14.7648230602334,0.0,100.0,28.372521918222215,0.0,100.0
17,33,16.401219466856727,0.0,100.0,18.0,0.0,100.0,12.36931687685298,0.0,100.0
17,34,13.601470508735444,0.0,100.0,13.74772708486752,0.0,100.0,20.12461179749811,0.0,100.0
17,35,11.661903789690601,0.0,100.0,15.165750888103101,0.0,100.0,17.944358444926362,0.0,100.0
17,36,9.486832980505138,0.0,100.0,15.297058540778355,0.0,100.0,24.228082879171435,0.0,100.0
17,37,18.466185312619388,0.0,100.0,6.0,0.0,100.0,27.294688127912362,0.0,100.0
17,38,17.97220075561143,0.0,100.0,16.61324772583615,0.0,100.0,16.881943016134134,0.0,100.0
17,39,19.82422760159901,0.0,100.0,11.0,0.0,100.0,26.476404589747453,0.0,100.0
17,40,26.019223662515376,0.0,100.0,21.236760581595302,0.0,100.0,16.431676725154983,0.0,100.0
17,41,18.547236990991408,0.0,100.0,20.273134932713294,0.0,100.0,21.79449471770337,0.0,100.0
17,42,13.601470508735444,0.0,100.0,18.411952639521967,0.0,100.0,14.7648230602334,0.0,100.0
17,43,14.45683229480096,0.0,100.0,17.0,0.0,100.0,21.236760581595302,0.0,100.0
17,44,24.20743687382041,0.0,100.0,21.047565179849187,0.0,100.0,23.790754506740637,0.0,100.0
17,45,10.723805294763608,0.0,100.0,16.55294535724685,0.0,100.0,19.6468827043885,0.0,100.0
17,46,12.727922061357855,0.0,100.0,17.46424919657298,0.0,100.0,18.466185312619388,0.0,100.0
17,47,21.0,0.0,100.0,23.958297101421877,0.0,100.0,24.919871588754223,0.0,100.0
17,48,21.840329667841555,0.0,100.0,26.153393661244042,0.0,100.0,18.05547008526779,0.0,100.0
17,49,17.291616465790582,0.0,100.0,21.118712081942874,0.0,100.0,22.847319317591726,0.0,100.0
17,50,22.02271554554524,0.0,100.0,21.118712081942874,0.0,100.0,12.206555615733702,0.0,100.0
17,51,7.54983443527075,0.0,100.0,18.33030277982336,0.0,100.0,15.033296378372908,0.0,100.0
17,52,20.396078054371138,0.0,100.0,24.454038521274967,0.0,100.0,25.337718918639855,0.0,100.0
17,53,23.45207879911715,0.0,100.0,21.470910553583888,0.0,100.0,16.15549442140351,0.0,100.0
17,54,14.696938456699069,0.0,100.0,14.422205101855956,0.0,100.0,10.392304845413264,0.0,100.0
17,55,9.219544457292887,0.0,100.0,22.20360331117452,0.0,100.0,12.84523257866513,0.0,100.0
17,56,24.919871588754223,0.0,100.0,24.779023386727733,0.0,100.0,16.15549442140351,0.0,100.0
17,57,16.881943016134134,0.0,100.0,20.346989949375804,0.0,100.0,27.568097504180443,0.0,100.0
17,58,19.44222209522358,0.0,100.0,11.789826122551595,0.0,100.0,24.939927826679853,0.0,100.0
17,59,25.0,0.0,100.0,18.867962264113206,0.0,100.0,24.392621835300936,0.0,100.0
17,60,23.366642891095847,0.0,100.0,25.475478405713993,0.0,100.0,9.219544457292887,0.0,100.0
17,61,9.899494936611665,0.0,100.0,16.0,0.0,100.0,21.95449840010015,0.0,100.0
17,62,19.87460691435179,0.0,100.0,13.92838827718412,0.0,100.0,10.295630140987,0.0,100.0
17,63,21.840329667841555,0.0,100.0,16.278820596099706,0.0,100.0,29.03446228191595,0.0,100.0
18,0,17.72004514666935,0.0,100.0,25.475478405713993,0.0,100.0,16.15549442140351,0.0,100.0
18,1,24.269322199023193,0.0,100.0,18.601075237738275,0.0,100.0,20.73644135332772,0.0,100.0
18,2,5.0,0.0,100.0,18.138357147217054,0.0,100.0,11.180339887498949,0.0,100.0
18,3,21.748563170931547,0.0,100.0,25.96150997149434,0.0,100.0,16.822603841260722,0.0,100.0
18,4,20.92844953645635,0.0,100.0,1.4142135623730951,0.0,100.0,15.937377450509228,0.0,100.0
18,5,24.596747752497688,0.0,100.0,17.916472867168917,0.0,100.0,18.49324200890693,0.0,100.0
18,6,15.937377450509228,0.0,100.0,19.672315572906,0.0,100.0,20.273134932713294,0.0,100.0
18,7,10.770329614269007,0.0,100.0,17.549928774784245,0.0,100.0,24.372115213907882,0.0,100.0
18,8,24.879710609249457,0.0,100.0,19.82422760159901,0.0,100.0,20.346989949375804,0.0,100.0
18,9,19.949937343260004,0.0,100.0,23.68543856465402,0.0,100.0,12.727922061357855,0.0,100.0
18,10,23.853720883753127,0.0,100.0,24.041630560342615,0.0,100.0,15.524174696260024,0.0,100.0
18,11,17.74823934929885,0.0,100.0,25.45584412271571,0.0,100.0,11.789826122551595,0.0,100.0
18,12,13.19090595827292,0.0,100.0,30.033314835362415,0.0,100.0,13.601470508735444,0.0,100.0
18,13,9.219544457292887,0.0,100.0,20.615528128088304,0.0,100.0,14.730919862656235,0.0,100.0
18,14,25.317977802344327,0.0,100.0,19.390719429665317,0.0,100.0,24.61706725018234,0.0,100.0
18,15,16.0312195418814,0.0,100.0,17.4928556845359,0.0,100.0,25.099800796022265,0.0,100.0
18,16,28.035691537752374,0.0,100.0,24.535688292770594,0.0,100.0,8.48528137423857,0.0,100.0
18,17,20.322401432901575,0.0,100.0,19.949937343260004,0.0,100.0,14.45683229480096,0.0,100.0
18,18,14.52583904633395,0.0,100.0,21.18962010041709,0.0,100.0,18.627936010197157,0.0,100.0
18,19,15.165750888103101,0.0,100.0,18.81488772222678,0.0,100.0,19.1049731745428,0.0,100.0
18,20,17.46424919657298,0.0,100.0,11.916375287812984,0.0,100.0,12.409673645990857,0.0,100.0
18,21,22.045407685048602,0.0,100.0,12.884098726725126,0.0,100.0,27.349588662354687,0.0,100.0
18,22,21.6794833886788,0.0,100.0,16.401219466856727,0.0,100.0,20.322401432901575,0.0,100.0
18,23,26.888659319497503,0.0,100.0,19.6468827043885,0.0,100.0,25.80697580112788,0.0,100.0
18,24,16.55294535724685,0.0,100.0,20.223748416156685,0.0,100.0,17.291616465790582,0.0,100.0
18,25,20.46948949045872,0.0,100.0,21.213203435596427,0.0,100.0,13.892443989449804,0.0,100.0
18,26,26.248809496813376,0.0,100.0,12.24744871391589,0.0,100.0,3.605551275463989,0.0,100.0
18,27,25.39685019840059,0.0,100.0,18.601075237738275,0.0,100.0,20.518284528683193,0.0,100.0
18,28,14.52583904633395,0.0,100.0,17.204650534085253,0.0,100.0,9.695359714832659,0.0,100.0
18,29,22.825424421026653,0.0,100.0,21.02379604162864,0.0,100.0,25.534290669607408,0.0,100.0
18,30,16.522711641858304,0.0,100.0,12.36931687685298,0.0,100.0,22.494443758403985,0.0,100.0
18,31,9.9498743710662,0.0,100.0,24.61706725018234,0.0,100.0,16.30950643030009,0.0,100.0
18,32,9.433981132056603,0.0,100.0,25.019992006393608,0.0,100.0,24.839484696748443,0.0,100.0
18,33,7.681145747868608,0.0,100.0,18.788294228055936,0.0,100.0,19.44222209522358,0.0,100.0
18,34,18.708286933869708,0.0,100.0,22.38302928559939,0.0,100.0,10.392304845413264,0.0,100.0
18,35,15.0,0.0,100.0,23.08679276123039,0.0,100.0,19.05255888325765,0.0,100.0
18,36,14.594519519326424,0.0,100.0,18.138357147217054,0.0,100.0,13.601470508735444,0.0,100.0
18,37,24.228082879171435,0.0,100.0,13.601470508735444,0.0,100.0,18.2208671582886,0.0,100.0
18,38,17.944358444926362,0.0,100.0,18.466185312619388,0.0,100.0,17.233687939614086,0.0,100.0
18,39,19.44222209522358,0.0,100.0,12.36931687685298,0.0,100.0,25.37715508089904,0.0,100.0
18,40,22.090722034374522,0.0,100.0,14.730919862656235,0.0,100.0,15.0,0.0,100.0
18,41,21.0,0.0,100.0,10.770329614269007,0.0,100.0,17.832554500127006,0.0,100.0
18,42,16.24807680927192,0.0,100.0,17.146428199482248,0.0,100.0,15.524174696260024,0.0,100.0
18,43,17.029386365926403,0.0,100.0,26.13426869074396,0.0,100.0,21.61018278497431,0.0,100.0
18,44,22.561028345356956,0.0,100.0,22.561028345356956,0.0,100.0,23.62202362203543,0.0,100.0
18,45,9.0,0.0,100.0,22.22611077089287,0.0,100.0,16.0312195418814,0.0,100.0
18,46,13.0,0.0,100.0,18.466185312619388,0.0,100.0,20.46948949045872,0.0,100.0
18,47,9.695359714832659,0.0,100.0,16.278820596099706,0.0,100.0,25.553864678361276,0.0,100.0
18,48,14.491376746189438,0.0,100.0,15.84297951775486,0.0,100.0,15.7797338380595,0.0,100.0
18,49,18.411952639521967,0.0,100.0,27.85677655436824,0.0,100.0,23.769728648009426,0.0,100.0
18,50,23.53720459187964,0.0,100.0,20.615528128088304,0.0,100.0,13.19090595827292,0.0,100.0
18,51,25.337718918639855,0.0,100.0,24.939927826679853,0.0,100.0,23.790754506740637,0.0,100.0
18,52,24.392621835300936,0.0,100.0,25.337718918639855,0.0,100.0,20.639767440550294,0.0,100.0
18,53,8.94427190999916,0.0,100.0,18.384776310850235,0.0,100.0,14.177446878757825,0.0,100.0
18,54,20.518284528683193,0.0,100.0,18.138357147217054,0.0,100.0,20.615528128088304,0.0,100.0
18,55,16.55294535724685,0.0,100.0,21.118712081942874,0.0,100.0,24.20743687382041,0.0,100.0
18,56,8.774964387392123,0.0,100.0,20.615528128088304,0.0,100.0,20.591260281974,0.0,100.0
18,57,14.696938456699069,0.0,100.0,10.677078252031311,0.0,100.0,23.323807579381203,0.0,100.0
18,58,25.495097567963924,0.0,100.0,25.709920264364882,0.0,100.0,21.470910553583888,0.0,100.0
18,59,20.074859899884732,0.0,100.0,16.73320053068151,0.0,100.0,13.341664064126334,0.0,100.0
18,60,16.401219466856727,0.0,100.0,13.784048752090222,0.0,100.0,8.06225774829855,0.0,100.0
18,61,21.77154105707724,0.0,100.0,13.038404810405298,0.0,100.0,18.708286933869708,0.0,100.0
18,62,18.81488772222678,0.0,100.0,21.540659228538015,0.0,100.0,22.825424421026653,0.0,100.0
18,63,15.684387141358123,0.0,100.0,22.737634001804146,0.0,100.0,11.74734012447073,0.0,100.0
19,0,12.083045973594572,0.0,100.0,18.867962264113206,0.0,100.0,20.248456731316587,0.0,100.0
19,1,23.40939982143925,0.0,100.0,16.911534525287763,0.0,100.0,9.433981132056603,0.0,100.0
19,2,12.409673645990857,0.0,100.0,22.40535650240808,0.0,100.0,7.810249675906654,0.0,100.0
19,3,20.808652046684813,0.0,100.0,18.0,0.0,100.0,10.677078252031311,0.0,100.0
19,4,25.099800796022265,0.0,100.0,19.748417658131498,0.0,100.0,11.575836902790225,0.0,100.0
19,5,14.45683229480096,0.0,100.0,17.204650534085253,0.0,100.0,19.949937343260004,0.0,100.0
19,6,16.673332000533065,0.0,100.0,23.515952032609693,0.0,100.0,25.199206336708304,0.0,100.0
19,7,8.06225774829855,0.0,100.0,10.816653826391969,0.0,100.0,19.209372712298546,0.0,100.0
19,8,18.027756377319946,0.0,100.0,15.620499351813308,0.0,100.0,15.297058540778355,0.0,100.0
19,9,15.652475842498529,0.0,100.0,13.19090595827292,0.0,100.0,25.80697580112788,0.0,100.0
19,10,21.118712081942874,0.0,100.0,16.911534525287763,0.0,100.0,25.67099530598687,0.0,100.0
19,11,10.04987562112089,0.0,100.0,19.6468827043885,0.0,100.0,20.049937655763422,0.0,100.0
19,12,22.825424421026653,0.0,100.0,12.206555615733702,0.0,100.0,23.259406699226016,0.0,100.0
19,13,4.242640687119285,0.0,100.0,21.18962010041709,0.0,100.0,19.339079605813716,0.0,100.0
19,14,9.899494936611665,0.0,100.0,15.937377450509228,0.0,100.0,24.06241883103193,0.0,100.0
19,15,22.494443758403985,0.0,100.0,16.431676725154983,0.0,100.0,17.663521732655695,0.0,100.0
19,16,17.69180601295413,0.0,100.0,24.758836806279895,0.0,100.0,25.317977802344327,0.0,100.0
19,17,17.74823934929885,0.0,100.0,19.131126469708992,0.0,100.0,26.476404589747453,0.0,100.0
19,18,25.495097567963924,0.0,100.0,11.180339887498949,0.0,100.0,18.708286933869708,0.0,100.0
19,19,16.24807680927192,0.0,100.0,16.401219466856727,0.0,100.0,16.15549442140351,0.0,100.0
19,20,11.224972160321824,0.0,100.0,21.494185260204677,0.0,100.0,22.40535650240808,0.0,100.0
19,21,16.278820596099706,0.0,100.0,16.15549442140351,0.0,100.0,24.515301344262525,0.0,100.0
19,22,23.0,0.0,100.0,17.146428199482248,0.0,100.0,17.72004514666935,0.0,100.0
19,23,20.71231517720798,0.0,100.0,8.306623862918075,0.0,100.0,21.95449840010015,0.0,100.0
19,24,20.808652046684813,0.0,100.0,18.027756377319946,0.0,100.0,18.24828759089466,0.0,100.0
19,25,21.18962010041709,0.0,100.0,25.96150997149434,0.0,100.0,16.30950643030009,0.0,100.0
19,26,16.278820596099706,0.0,100.0,19.8997487421324,0.0,100.0,14.317821063276353,0.0,100.0
19,27,14.317821063276353,0.0,100.0,23.345235059857504,0.0,100.0,24.372115213907882,0.0,100.0
19,28,19.44222209522358,0.0,100.0,22.045407685048602,0.0,100.0,18.027756377319946,0.0,100.0
19,29,22.293496809607955,0.0,100.0,18.138357147217054,0.0,100.0,27.09243436828813,0.0,100.0
19,30,9.848857801796104,0.0,100.0,21.2602916254693,0.0,100.0,13.564659966250536,0.0,100.0
19,31,26.77685567799177,0.0,100.0,18.138357147217054,0.0,100.0,22.22611077089287,0.0,100.0
19,32,15.165750888103101,0.0,100.0,19.44222209522358,0.0,100.0,23.45207879911715,0.0,100.0
19,33,22.9128784747792,0.0,100.0,12.569805089976535,0.0,100.0,13.416407864998739,0.0,100.0
19,34,20.71231517720798,0.0,100.0,21.236760581595302,0.0,100.0,15.394804318340652,0.0,100.0
19,35,11.661903789690601,0.0,100.0,19.748417658131498,0.0,100.0,7.615773105863909,0.0,100.0
19,36,22.825424421026653,0.0,100.0,14.491376746189438,0.0,100.0,21.93171219946131,0.0,100.0
19,37,18.466185312619388,0.0,100.0,21.633307652783937,0.0,100.0,17.74823934929885,0.0,100.0
19,38,20.12461179749811,0.0,100.0,22.22611077089287,0.0,100.0,5.830951894845301,0.0,100.0
19,39,18.05547008526779,0.0,100.0,19.82422760159901,0.0,100.0,13.152946437965905,0.0,100.0
19,40,17.0,0.0,100.0,10.488088481701515,0.0,100.0,20.46948949045872,0.0,100.0
19,41,22.759613353482084,0.0,100.0,26.476404589747453,0.0,100.0,21.18962010041709,0.0,100.0
19,42,13.152946437965905,0.0,100.0,19.390719429665317,0.0,100.0,13.564659966250536,0.0,100.0
19,43,17.11724276862369,0.0,100.0,21.18962010041709,0.0,100.0,12.041594578792296,0.0,100.0
19,44,24.779023386727733,0.0,100.0,17.11724276862369,0.0,100.0,19.87460691435179,0.0,100.0
19,45,25.37715508089904,0.0,100.0,15.297058540778355,0.0,100.0,20.54263858417414,0.0,100.0
19,46,12.529964086141668,0.0,100.0,7.810249675906654,0.0,100.0,15.297058540778355,0.0,100.0
19,47,26.248809496813376,0.0,100.0,22.293496809607955,0.0,100.0,15.427248620541512,0.0,100.0
19,48,14.696938456699069,0.0,100.0,16.76305461424021,0.0,100.0,22.67156809750927,0.0,100.0
19,49,23.727621035409346,0.0,100.0,19.82422760159901,0.0,100.0,18.275666882497067,0.0,100.0
19,50,25.495097567963924,0.0,100.0,23.430749027719962,0.0,100.0,20.71231517720798,0.0,100.0
19,51,10.44030650891055,0.0,100.0,18.466185312619388,0.0,100.0,17.88854381999832,0.0,100.0
19,52,21.118712081942874,0.0,100.0,20.615528128088304,0.0,100.0,13.038404810405298,0.0,100.0
19,53,22.090722034374522,0.0,100.0,11.357816691600547,0.0,100.0,7.14142842854285,0.0,100.0
19,54,18.49324200890693,0.0,100.0,30.166206257996713,0.0,100.0,22.11334438749598,0.0,100.0
19,55,22.825424421026653,0.0,100.0,27.874719729532707,0.0,100.0,19.0,0.0,100.0
19,56,19.79898987322333,0.0,100.0,18.49324200890693,0.0,100.0,23.45207879911715,0.0,100.0
19,57,19.72308292331602,0.0,100.0,19.6468827043885,0.0,100.0,21.18962010041709,0.0,100.0
19,58,8.246211251235321,0.0,100.0,22.825424421026653,0.0,100.0,23.2163735324878,0.0,100.0
19,59,29.0516780926679,0.0,100.0,17.146428199482248,0.0,100.0,27.386127875258307,0.0,100.0
19,60,25.787593916455254,0.0,100.0,20.639767440550294,0.0,100.0,4.358898943540674,0.0,100.0
19,61,21.494185260204677,0.0,100.0,16.792855623746664,0.0,100.0,19.235384061671343,0.0,100.0
19,62,17.88854381999832,0.0,100.0,13.341664064126334,0.0,100.0,16.15549442140351,0.0,100.0
19,63,30.083217912982647,0.0,100.0,18.05547008526779,0.0,100.0,26.095976701399778,0.0,100.0
20,0,8.602325267042627,0.0,100.0,19.05255888325765,0.0,100.0,16.97056274847714,0.0,100.0
20,1,20.615528128088304,0.0,100.0,26.645825188948457,0.0,100.0,25.475478405713993,0.0,100.0
20,2,12.806248474865697,0.0,100.0,28.035691537752374,0.0,100.0,30.675723300355934,0.0,100.0
20,3,21.400934559032695,0.0,100.0,19.949937343260004,0.0,100.0,16.76305461424021,0.0,100.0
20,4,17.549928774784245,0.0,100.0,24.73863375370596,0.0,100.0,14.177446878757825,0.0,100.0
20,5,24.71841418861655,0.0,100.0,9.848857801796104,0.0,100.0,23.15167380558045,0.0,100.0
20,6,8.06225774829855,0.0,100.0,22.22611077089287,0.0,100.0,19.87460691435179,0.0,100.0
20,7,17.72004514666935,0.0,100.0,24.49489742783178,0.0,100.0,21.18962010041709,0.0,100.0
20,8,21.118712081942874,0.0,100.0,23.15167380558045,0.0,100.0,18.05547008526779,0.0,100.0
20,9,19.261360284258224,0.0,100.0,20.273134932713294,0.0,100.0,12.206555615733702,0.0,100.0
20,10,16.73320053068151,0.0,100.0,24.919871588754223,0.0,100.0,22.20360331117452,0.0,100.0
20,11,26.248809496813376,0.0,100.0,20.808652046684813,0.0,100.0,20.518284528683193,0.0,100.0
20,12,22.15851980616034,0.0,100.0,9.9498743710662,0.0,100.0,27.331300737432898,0.0,100.0
20,13,20.445048300260872,0.0,100.0,13.416407864998739,0.0,100.0,15.937377450509228,0.0,100.0
20,14,15.362291495737216,0.0,100.0,17.11724276862369,0.0,100.0,23.62202362203543,0.0,100.0
20,15,16.278820596099706,0.0,100.0,14.247806848775006,0.0,100.0,27.294688127912362,0.0,100.0
20,16,20.85665361461421,0.0,100.0,23.706539182259394,0.0,100.0,23.280893453645632,0.0,100.0
20,17,21.540659228538015,0.0,100.0,24.186773244895647,0.0,100.0,16.0312195418814,0.0,100.0
20,18,14.035668847618199,0.0,100.0,24.08318915758459,0.0,100.0,18.027756377319946,0.0,100.0
20,19,13.490737563232042,0.0,100.0,15.524174696260024,0.0,100.0,15.297058540778355,0.0,100.0
20,20,20.639767440550294,0.0,100.0,13.038404810405298,0.0,100.0,26.19160170741759,0.0,100.0
20,21,10.246950765959598,0.0,100.0,20.808652046684813,0.0,100.0,29.698484809834994,0.0,100.0
20,22,24.61706725018234,0.0,100.0,23.345235059857504,0.0,100.0,17.05872210923198,0.0,100.0
20,23,23.40939982143925,0.0,100.0,20.71231517720798,0.0,100.0,10.770329614269007,0.0,100.0
20,24,15.132745950421556,0.0,100.0,18.16590212458495,0.0,100.0,16.55294535724685,0.0,100.0
20,25,12.767145334803704,0.0,100.0,25.942243542145693,0.0,100.0,29.29163703175362,0.0,100.0
20,26,11.74734012447073,0.0,100.0,16.55294535724685,0.0,100.0,26.248809496813376,0.0,100.0
20,27,22.20360331117452,0.0,100.0,23.108440016582687,0.0,100.0,8.831760866327848,0.0,100.0
20,28,26.795522013948524,0.0,100.0,26.343879744638983,0.0,100.0,11.832159566199232,0.0,100.0
20,29,21.840329667841555,0.0,100.0,18.0,0.0,100.0,15.033296378372908,0.0,100.0
20,30,11.045361017187261,0.0,100.0,23.853720883753127,0.0,100.0,25.92296279363144,0.0,100.0
20,31,18.275666882497067,0.0,100.0,15.165750888103101,0.0,100.0,27.16615541441225,0.0,100.0
20,32,13.416407864998739,0.0,100.0,13.45362404707371,0.0,100.0,24.61706725018234,0.0,100.0
20,33,16.55294535724685,0.0,100.0,17.0,0.0,100.0,15.905973720586866,0.0,100.0
20,34,16.881943016134134,0.0,100.0,26.68332812825267,0.0,100.0,20.445048300260872,0.0,100.0
20,35,17.11724276862369,0.0,100.0,25.079872407968907,0.0,100.0,17.204650534085253,0.0,100.0
20,36,20.71231517720798,0.0,100.0,22.693611435820433,0.0,100.0,14.45683229480096,0.0,100.0
20,37,21.563858652847824,0.0,100.0,23.853720883753127,0.0,100.0,25.612496949731394,0.0,100.0
20,38,24.939927826679853,0.0,100.0,24.779023386727733,0.0,100.0,19.6468827043885,0.0,100.0
20,39,24.55605831561735,0.0,100.0,24.269322199023193,0.0,100.0,25.632011235952593,0.0,100.0
20,40,20.639767440550294,0.0,100.0,14.730919862656235,0.0,100.0,27.440845468024488,0.0,100.0
20,41,20.784609690826528,0.0,100.0,18.49324200890693,0.0,100.0,12.36931687685298,0.0,100.0
20,42,14.177446878757825,0.0,100.0,16.1245154965971,0.0,100.0,8.06225774829855,0.0,100.0
20,43,21.0,0.0,100.0,9.695359714832659,0.0,100.0,9.9498743710662,0.0,100.0
20,44,24.779023386727733,0.0,100.0,9.273618495495704,0.0,100.0,8.306623862918075,0.0,100.0
20,45,16.64331697709324,0.0,100.0,4.69041575982343,0.0,100.0,25.80697580112788,0.0,100.0
20,46,20.8806130178211,0.0,100.0,25.079872407968907,0.0,100.0,14.798648586948742,0.0,100.0
20,47,19.1049731745428,0.0,100.0,17.578395831246947,0.0,100.0,20.149441679609886,0.0,100.0
20,48,23.853720883753127,0.0,100.0,18.35755975068582,0.0,100.0,23.0,0.0,100.0
20,49,16.1245154965971,0.0,100.0,20.615528128088304,0.0,100.0,24.269322199023193,0.0,100.0
20,50,25.099800796022265,0.0,100.0,18.411952639521967,0.0,100.0,27.147743920996454,0.0,100.0
20,51,26.90724809414742,0.0,100.0,19.6468827043885,0.0,100.0,26.90724809414742,0.0,100.0
20,52,20.12461179749811,0.0,100.0,22.0,0.0,100.0,9.38083151964686,0.0,100.0
20,53,16.673332000533065,0.0,100.0,18.027756377319946,0.0,100.0,12.0,0.0,100.0
20,54,16.64331697709324,0.0,100.0,20.199009876724155,0.0,100.0,10.816653826391969,0.0,100.0
20,55,22.045407685048602,0.0,100.0,16.15549442140351,0.0,100.0,16.64331697709324,0.0,100.0
20,56,14.866068747318506,0.0,100.0,16.76305461424021,0.0,100.0,14.142135623730951,0.0,100.0
20,57,21.118712081942874,0.0,100.0,29.086079144497972,0.0,100.0,17.0,0.0,100.0
20,58,24.535688292770594,0.0,100.0,15.524174696260024,0.0,100.0,29.068883707497267,0.0,100.0
20,59,18.920887928424502,0.0,100.0,2.0,0.0,100.0,13.74772708486752,0.0,100.0
20,60,24.779023386727733,0.0,100.0,10.862780491200215,0.0,100.0,20.83266665599966,0.0,100.0
20,61,17.69180601295413,0.0,100.0,17.60681686165901,0.0,100.0,23.345235059857504,0.0,100.0
20,62,19.339079605813716,0.0,100.0,27.874719729532707,0.0,100.0,16.64331697709324,0.0,100.0
20,63,23.0,0.0,100.0,16.55294535724685,0.0,100.0,17.832554500127006,0.0,100.0
21,0,13.601470508735444,0.0,100.0,23.280893453645632,0.0,100.0,22.02271554554524,0.0,100.0
21,1,26.419689627245813,0.0,100.0,19.8997487421324,0.0,100.0,23.53720459187964,0.0,100.0
21,2,20.024984394500787,0.0,100.0,16.3707055437449,0.0,100.0,19.390719429665317,0.0,100.0
21,3,13.152946437965905,0.0,100.0,25.03996805109783,0.0,100.0,12.727922061357855,0.0,100.0
21,4,17.4928556845359,0.0,100.0,26.343879744638983,0.0,100.0,5.916079783099616,0.0,100.0
21,5,15.033296378372908,0.0,100.0,20.46948949045872,0.0,100.0,10.488088481701515,0.0,100.0
21,6,20.615528128088304,0.0,100.0,21.93171219946131,0.0,100.0,19.72308292331602,0.0,100.0
21,7,11.045361017187261,0.0,100.0,15.362291495737216,0.0,100.0,14.45683229480096,0.0,100.0
21,8,16.06237840420901,0.0,100.0,18.547236990991408,0.0,100.0,21.400934559032695,0.0,100.0
21,9,27.53179979587241,0.0,100.0,26.095976701399778,0.0,100.0,26.095976701399778,0.0,100.0
21,10,19.44222209522358,0.0,100.0,23.173260452512935,0.0,100.0,21.236760581595302,0.0,100.0
21,11,26.60826939130014,0.0,100.0,21.213203435596427,0.0,100.0,25.019992006393608,0.0,100.0
21,12,13.152946437965905,0.0,100.0,19.44222209522358,0.0,100.0,13.379088160259652,0.0,100.0
21,13,16.673332000533065,0.0,100.0,13.638181696985855,0.0,100.0,28.442925306655784,0.0,100.0
21,14,20.615528128088304,0.0,100.0,21.840329667841555,0.0,100.0,18.841443681416774,0.0,100.0
21,15,25.39685019840059,0.0,100.0,6.324555320336759,0.0,100.0,18.24828759089466,0.0,100.0
21,16,22.293496809607955,0.0,100.0,26.324893162176366,0.0,100.0,28.460498941515414,0.0,100.0
21,17,14.730919862656235,0.0,100.0,19.748417658131498,0.0,100.0,22.516660498395403,0.0,100.0
21,18,27.018512172212592,0.0,100.0,19.026297590440446,0.0,100.0,16.431676725154983,0.0,100.0
21,19,21.840329667841555,0.0,100.0,15.588457268119896,0.0,100.0,19.131126469708992,0.0,100.0
21,20,24.839484696748443,0.0,100.0,9.273618495495704,0.0,100.0,15.905973720586866,0.0,100.0
21,21,19.209372712298546,0.0,100.0,15.652475842498529,0.0,100.0,16.278820596099706,0.0,100.0
21,22,13.638181696985855,0.0,100.0,13.856406460551018,0.0,100.0,18.788294228055936,0.0,100.0
21,23,18.411952639521967,0.0,100.0,8.306623862918075,0.0,100.0,11.832159566199232,0.0,100.0
21,24,27.184554438136374,0.0,100.0,21.748563170931547,0.0,100.0,20.54263858417414,0.0,100.0
21,25,26.70205984563738,0.0,100.0,24.186773244895647,0.0,100.0,9.0,0.0,100.0
21,26,17.233687939614086,0.0,100.0,23.108440016582687,0.0,100.0,18.973665961010276,0.0,100.0
21,27,16.76305461424021,0.0,100.0,19.79898987322333,0.0,100.0,26.076809620810597,0.0,100.0
21,28,17.72004514666935,0.0,100.0,16.64331697709324,0.0,100.0,16.76305461424021,0.0,100.0
21,29,16.24807680927192,0.0,100.0,13.601470508735444,0.0,100.0,19.6468827043885,0.0,100.0
21,30,19.72308292331602,0.0,100.0,24.372115213907882,0.0,100.0,26.248809496813376,0.0,100.0
21,31,14.142135623730951,0.0,100.0,15.394804318340652,0.0,100.0,24.779023386727733,0.0,100.0
21,32,23.280893453645632,0.0,100.0,17.029386365926403,0.0,100.0,18.466185312619388,0.0,100.0
21,33,19.209372712298546,0.0,100.0,20.346989949375804,0.0,100.0,15.937377450509228,0.0,100.0
21,34,21.633307652783937,0.0,100.0,14.798648586948742,0.0,100.0,25.37715508089904,0.0,100.0
21,35,6.708203932499369,0.0,100.0,16.30950643030009,0.0,100.0,14.89966442575134,0.0,100.0
21,36,25.019992006393608,0.0,100.0,17.46424919657298,0.0,100.0,17.4928556845359,0.0,100.0
21,37,28.442925306655784,0.0,100.0,20.149441679609886,0.0,100.0,21.18962010041709,0.0,100.0
21,38,20.149441679609886,0.0,100.0,23.93741840717165,0.0,100.0,3.1622776601683795,0.0,100.0
21,39,6.708203932499369,0.0,100.0,18.708286933869708,0.0,100.0,23.259406699226016,0.0,100.0
21,40,18.49324200890693,0.0,100.0,17.4928556845359,0.0,100.0,20.46948949045872,0.0,100.0
21,41,22.58317958127243,0.0,100.0,21.563858652847824,0.0,100.0,7.810249675906654,0.0,100.0
21,42,23.769728648009426,0.0,100.0,24.372115213907882,0.0,100.0,21.656407827707714,0.0,100.0
21,43,24.372115213907882,0.0,100.0,13.341664064126334,0.0,100.0,16.0312195418814,0.0,100.0
21,44,23.53720459187964,0.0,100.0,16.76305461424021,0.0,100.0,14.594519519326424,0.0,100.0
21,45,24.08318915758459,0.0,100.0,21.840329667841555,0.0,100.0,17.291616465790582,0.0,100.0
21,46,20.8806130178211,0.0,100.0,26.248809496813376,0.0,100.0,28.035691537752374,0.0,100.0
21,47,21.0,0.0,100.0,12.449899597988733,0.0,100.0,17.08800749063506,0.0,100.0
21,48,18.05547008526779,0.0,100.0,19.339079605813716,0.0,100.0,23.15167380558045,0.0,100.0
21,49,21.77154105707724,0.0,100.0,22.825424421026653,0.0,100.0,16.24807680927192,0.0,100.0
21,50,16.55294535724685,0.0,100.0,13.152946437965905,0.0,100.0,20.904544960366874,0.0,100.0
21,51,27.676705006196094,0.0,100.0,10.488088481701515,0.0,100.0,27.018512172212592,0.0,100.0
21,52,24.899799195977465,0.0,100.0,19.621416870348583,0.0,100.0,21.118712081942874,0.0,100.0
21,53,19.4164878389476,0.0,100.0,18.138357147217054,0.0,100.0,8.774964387392123,0.0,100.0
21,54,25.45584412271571,0.0,100.0,22.825424421026653,0.0,100.0,19.261360284258224,0.0,100.0
21,55,3.7416573867739413,0.0,100.0,26.551836094703507,0.0,100.0,1.7320508075688772,0.0,100.0
21,56,3.1622776601683795,0.0,100.0,28.337254630609507,0.0,100.0,27.09243436828813,0.0,100.0
21,57,10.44030650891055,0.0,100.0,18.027756377319946,0.0,100.0,17.146428199482248,0.0,100.0
21,58,8.306623862918075,0.0,100.0,18.138357147217054,0.0,100.0,17.72004514666935,0.0,100.0
21,59,27.16615541441225,0.0,100.0,12.328828005937952,0.0,100.0,19.026297590440446,0.0,100.0
21,60,16.278820596099706,0.0,100.0,23.0,0.0,100.0,22.135943621178654,0.0,100.0
21,61,28.39013913315678,0.0,100.0,22.045407685048602,0.0,100.0,13.892443989449804,0.0,100.0
21,62,24.392621835300936,0.0,100.0,14.89966442575134,0.0,100.0,14.628738838327793,0.0,100.0
21,63,23.49468024894146,0.0,100.0,25.495097567963924,0.0,100.0,20.615528128088304,0.0,100.0
22,0,9.899494936611665,0.0,100.0,17.74823934929885,0.0,100.0,20.85665361461421,0.0,100.0
22,1,26.248809496813376,0.0,100.0,22.67156809750927,0.0,100.0,8.602325267042627,0.0,100.0
22,2,11.74734012447073,0.0,100.0,29.017236257093817,0.0,100.0,21.633307652783937,0.0,100.0
22,3,19.390719429665317,0.0,100.0,14.45683229480096,0.0,100.0,5.656854249492381,0.0,100.0
22,4,14.560219778561036,0.0,100.0,10.04987562112089,0.0,100.0,18.2208671582886,0.0,100.0
22,5,18.708286933869708,0.0,100.0,24.919871588754223,0.0,100.0,16.24807680927192,0.0,100.0
22,6,20.83266665599966,0.0,100.0,20.493901531919196,0.0,100.0,19.519221295943137,0.0,100.0
22,7,20.46948949045872,0.0,100.0,11.575836902790225,0.0,100.0,24.839484696748443,0.0,100.0
22,8,9.1104335791443,0.0,100.0,17.378147196982766,0.0,100.0,21.0,0.0,100.0
22,9,20.149441679609886,0.0,100.0,23.62202362203543,0.0,100.0,12.328828005937952,0.0,100.0
22,10,19.0,0.0,100.0,15.264337522473747,0.0,100.0,17.74823934929885,0.0,100.0
22,11,17.029386365926403,0.0,100.0,20.223748416156685,0.0,100.0,25.495097567963924,0.0,100.0
22,12,20.12461179749811,0.0,100.0,13.152946437965905,0.0,100.0,24.413111231467404,0.0,100.0
22,13,18.49324200890693,0.0,100.0,21.047565179849187,0.0,100.0,11.357816691600547,0.0,100.0
22,14,28.178005607210743,0.0,100.0,25.39685019840059,0.0,100.0,23.345235059857504,0.0,100.0
22,15,30.805843601498726,0.0,100.0,17.74823934929885,0.0,100.0,21.047565179849187,0.0,100.0
22,16,18.627936010197157,0.0,100.0,20.024984394500787,0.0,100.0,18.49324200890693,0.0,100.0
22,17,21.6794833886788,0.0,100.0,22.737634001804146,0.0,100.0,21.6794833886788,0.0,100.0
22,18,23.558437978779494,0.0,100.0,7.615773105863909,0.0,100.0,10.44030650891055,0.0,100.0
22,19,18.708286933869708,0.0,100.0,26.38181191654584,0.0,100.0,20.049937655763422,0.0,100.0
22,20,5.916079783099616,0.0,100.0,19.026297590440446,0.0,100.0,9.643650760992955,0.0,100.0
22,21,24.1039415863879,0.0,100.0,23.108440016582687,0.0,100.0,19.209372712298546,0.0,100.0
22,22,16.64331697709324,0.0,100.0,15.297058540778355,0.0,100.0,10.723805294763608,0.0,100.0
22,23,14.45683229480096,0.0,100.0,17.549928774784245,0.0,100.0,19.87460691435179,0.0,100.0
22,24,23.043437243605826,0.0,100.0,20.445048300260872,0.0,100.0,18.788294228055936,0.0,100.0
22,25,18.788294228055936,0.0,100.0,19.949937343260004,0.0,100.0,17.11724276862369,0.0,100.0
22,26,14.071247279470288,0.0,100.0,12.328828005937952,0.0,100.0,21.354156504062622,0.0,100.0
22,27,11.357816691600547,0.0,100.0,10.44030650891055,0.0,100.0,18.384776310850235,0.0,100.0
22,28,20.223748416156685,0.0,100.0,23.68543856465402,0.0,100.0,22.847319317591726,0.0,100.0
22,29,18.138357147217054,0.0,100.0,20.024984394500787,0.0,100.0,21.656407827707714,0.0,100.0
22,30,21.840329667841555,0.0,100.0,11.575836902790225,0.0,100.0,8.602325267042627,0.0,100.0
22,31,20.049937655763422,0.0,100.0,23.706539182259394,0.0,100.0,10.63014581273465,0.0,100.0
22,32,16.61324772583615,0.0,100.0,15.905973720586866,0.0,100.0,14.352700094407323,0.0,100.0
22,33,12.24744871391589,0.0,100.0,30.033314835362415,0.0,100.0,23.727621035409346,0.0,100.0
22,34,17.05872210923198,0.0,100.0,13.92838827718412,0.0,100.0,22.15851980616034,0.0,100.0
22,35,25.768197453450252,0.0,100.0,22.0,0.0,100.0,21.0,0.0,100.0
22,36,7.874007874011811,0.0,100.0,16.881943016134134,0.0,100.0,20.615528128088304,0.0,100.0
22,37,22.38302928559939,0.0,100.0,13.74772708486752,0.0,100.0,15.165750888103101,0.0,100.0
22,38,5.0990195135927845,0.0,100.0,22.737634001804146,0.0,100.0,19.05255888325765,0.0,100.0
22,39,21.307275752662516,0.0,100.0,10.44030650891055,0.0,100.0,19.313207915827967,0.0,100.0
22,40,12.569805089976535,0.0,100.0,13.076696830622021,0.0,100.0,18.867962264113206,0.0,100.0
22,41,23.93741840717165,0.0,100.0,27.16615541441225,0.0,100.0,18.138357147217054,0.0,100.0
22,42,24.372115213907882,0.0,100.0,22.64950330581225,0.0,100.0,26.095976701399778,0.0,100.0
22,43,20.049937655763422,0.0,100.0,18.05547008526779,0.0,100.0,21.563858652847824,0.0,100.0
22,44,20.71231517720798,0.0,100.0,17.204650534085253,0.0,100.0,16.278820596099706,0.0,100.0
22,45,15.652475842498529,0.0,100.0,21.6794833886788,0.0,100.0,19.4164878389476,0.0,100.0
22,46,26.248809496813376,0.0,100.0,25.514701644346147,0.0,100.0,23.600847442411894,0.0,100.0
22,47,24.372115213907882,0.0,100.0,22.494443758403985,0.0,100.0,16.583123951777,0.0,100.0
22,48,9.9498743710662,0.0,100.0,20.09975124224178,0.0,100.0,10.246950765959598,0.0,100.0
22,49,23.853720883753127,0.0,100.0,18.466185312619388,0.0,100.0,16.61324772583615,0.0,100.0
22,50,14.317821063276353,0.0,100.0,20.615528128088304,0.0,100.0,29.478805945967352,0.0,100.0
22,51,15.066519173319364,0.0,100.0,18.275666882497067,0.0,100.0,25.25866188063018,0.0,100.0
22,52,11.180339887498949,0.0,100.0,26.90724809414742,0.0,100.0,8.06225774829855,0.0,100.0
22,53,30.675723300355934,0.0,100.0,19.621416870348583,0.0,100.0,24.73863375370596,0.0,100.0
22,54,21.863211109075447,0.0,100.0,22.67156809750927,0.0,100.0,19.339079605813716,0.0,100.0
22,55,13.152946437965905,0.0,100.0,7.0710678118654755,0.0,100.0,20.73644135332772,0.0,100.0
22,56,24.289915602982237,0.0,100.0,24.124676163629637,0.0,100.0,6.782329983125268,0.0,100.0
22,57,15.329709716755891,0.0,100.0,13.490737563232042,0.0,100.0,14.071247279470288,0.0,100.0
22,58,28.6705423736629,0.0,100.0,11.445523142259598,0.0,100.0,15.132745950421556,0.0,100.0
22,59,21.400934559032695,0.0,100.0,22.561028345356956,0.0,100.0,17.916472867168917,0.0,100.0
22,60,8.306623862918075,0.0,100.0,26.019223662515376,0.0,100.0,24.859605789312106,0.0,100.0
22,61,9.695359714832659,0.0,100.0,6.324555320336759,0.0,100.0,13.379088160259652,0.0,100.0
22,62,20.273134932713294,0.0,100.0,22.20360331117452,0.0,100.0,10.198039027185569,0.0,100.0
22,63,8.0,0.0,100.0,15.264337522473747,0.0,100.0,24.535688292770594,0.0,100.0
23,0,18.24828759089466,0.0,100.0,23.366642891095847,0.0,100.0,15.066519173319364,0.0,100.0
23,1,18.138357147217054,0.0,100.0,9.219544457292887,0.0,100.0,22.891046284519195,0.0,100.0
23,2,20.223748416156685,0.0,100.0,18.466185312619388,0.0,100.0,20.074859899884732,0.0,100.0
23,3,19.4164878389476,0.0,100.0,19.87460691435179,0.0,100.0,24.596747752497688,0.0,100.0
23,4,1.0,0.0,100.0,18.439088914585774,0.0,100.0,12.083045973594572,0.0,100.0
23,5,19.748417658131498,0.0,100.0,22.0,0.0,100.0,21.77154105707724,0.0,100.0
23,6,18.24828759089466,0.0,100.0,22.561028345356956,0.0,100.0,7.874007874011811,0.0,100.0
23,7,17.832554500127006,0.0,100.0,21.118712081942874,0.0,100.0,15.937377450509228,0.0,100.0
23,8,22.847319317591726,0.0,100.0,13.379088160259652,0.0,100.0,13.784048752090222,0.0,100.0
23,9,14.071247279470288,0.0,100.0,7.810249675906654,0.0,100.0,21.6794833886788,0.0,100.0
23,10,16.64331697709324,0.0,100.0,15.427248620541512,0.0,100.0,16.431676725154983,0.0,100.0
23,11,17.029386365926403,0.0,100.0,25.96150997149434,0.0,100.0,21.0,0.0,100.0
23,12,16.15549442140351,0.0,100.0,22.045407685048602,0.0,100.0,29.58039891549808,0.0,100.0
23,13,14.317821063276353,0.0,100.0,26.43860813280457,0.0,100.0,10.198039027185569,0.0,100.0
23,14,12.806248474865697,0.0,100.0,19.621416870348583,0.0,100.0,19.621416870348583,0.0,100.0
23,15,23.53720459187964,0.0,100.0,26.981475126464083,0.0,100.0,24.020824298928627,0.0,100.0
23,16,24.899799195977465,0.0,100.0,23.15167380558045,0.0,100.0,20.322401432901575,0.0,100.0
23,17,21.2602916254693,0.0,100.0,21.37755832643195,0.0,100.0,22.759613353482084,0.0,100.0
23,18,22.825424421026653,0.0,100.0,23.874672772626646,0.0,100.0,13.601470508735444,0.0,100.0
23,19,20.904544960366874,0.0,100.0,24.758836806279895,0.0,100.0,14.352700094407323,0.0,100.0
23,20,15.132745950421556,0.0,100.0,16.15549442140351,0.0,100.0,25.179356624028344,0.0,100.0
23,21,26.476404589747453,0.0,100.0,16.64331697709324,0.0,100.0,27.748873851023216,0.0,100.0
23,22,4.69041575982343,0.0,100.0,21.047565179849187,0.0,100.0,22.9128784747792,0.0,100.0
23,23,17.72004514666935,0.0,100.0,20.223748416156685,0.0,100.0,20.248456731316587,0.0,100.0
23,24,21.213203435596427,0.0,100.0,20.322401432901575,0.0,100.0,9.38083151964686,0.0,100.0
23,25,20.83266665599966,0.0,100.0,11.74734012447073,0.0,100.0,26.720778431774775,0.0,100.0
23,26,19.697715603592208,0.0,100.0,22.20360331117452,0.0,100.0,19.131126469708992,0.0,100.0
23,27,5.0990195135927845,0.0,100.0,27.03701166919155,0.0,100.0,18.193405398660254,0.0,100.0
23,28,16.881943016134134,0.0,100.0,26.720778431774775,0.0,100.0,23.2163735324878,0.0,100.0
23,29,22.869193252058544,0.0,100.0,24.71841418861655,0.0,100.0,11.874342087037917,0.0,100.0
23,30,22.759613353482084,0.0,100.0,21.283796653792763,0.0,100.0,26.795522013948524,0.0,100.0
23,31,18.05547008526779,0.0,100.0,19.849433241279208,0.0,100.0,19.209372712298546,0.0,100.0
23,32,8.18535277187245,0.0,100.0,16.1245154965971,0.0,100.0,28.30194339616981,0.0,100.0
23,33,14.628738838327793,0.0,100.0,13.45362404707371,0.0,100.0,22.0,0.0,100.0
23,34,16.15549442140351,0.0,100.0,17.69180601295413,0.0,100.0,26.13426869074396,0.0,100.0
23,35,7.0,0.0,100.0,13.92838827718412,0.0,100.0,10.44030650891055,0.0,100.0
23,36,20.83266665599966,0.0,100.0,22.516660498395403,0.0,100.0,21.0,0.0,100.0
23,37,14.071247279470288,0.0,100.0,11.045361017187261,0.0,100.0,16.73320053068151,0.0,100.0
23,38,18.867962264113206,0.0,100.0,18.894443627691185,0.0,100.0,21.400934559032695,0.0,100.0
23,39,19.672315572906,0.0,100.0,15.329709716755891,0.0,100.0,26.038433132583073,0.0,100.0
23,40,20.445048300260872,0.0,100.0,22.9128784747792,0.0,100.0,14.696938456699069,0.0,100.0
23,41,7.874007874011811,0.0,100.0,15.297058540778355,0.0,100.0,19.748417658131498,0.0,100.0
23,42,18.466185312619388,0.0,100.0,15.264337522473747,0.0,100.0,19.1049731745428,0.0,100.0
23,43,27.2213151776324,0.0,100.0,15.0,0.0,100.0,24.351591323771842,0.0,100.0
23,44,13.601470508735444,0.0,100.0,16.278820596099706,0.0,100.0,21.656407827707714,0.0,100.0
23,45,17.832554500127006,0.0,100.0,14.45683229480096,0.0,100.0,25.632011235952593,0.0,100.0
23,46,12.36931687685298,0.0,100.0,16.431676725154983,0.0,100.0,20.273134932713294,0.0,100.0
23,47,3.605551275463989,0.0,100.0,7.810249675906654,0.0,100.0,15.84297951775486,0.0,100.0
23,48,21.283796653792763,0.0,100.0,22.315913604421397,0.0,100.0,19.44222209522358,0.0,100.0
23,49,26.795522013948524,0.0,100.0,14.730919862656235,0.0,100.0,22.11334438749598,0.0,100.0
23,50,4.242640687119285,0.0,100.0,17.029386365926403,0.0,100.0,26.94438717061496,0.0,100.0
23,51,25.514701644346147,0.0,100.0,18.81488772222678,0.0,100.0,19.339079605813716,0.0,100.0
23,52,17.435595774162696,0.0,100.0,23.021728866442675,0.0,100.0,17.146428199482248,0.0,100.0
23,53,19.6468827043885,0.0,100.0,16.0,0.0,100.0,2.449489742783178,0.0,100.0
23,54,21.118712081942874,0.0,100.0,14.7648230602334,0.0,100.0,22.58317958127243,0.0,100.0
23,55,14.035668847618199,0.0,100.0,21.400934559032695,0.0,100.0,14.560219778561036,0.0,100.0
23,56,14.247806848775006,0.0,100.0,15.588457268119896,0.0,100.0,12.727922061357855,0.0,100.0
23,57,19.131126469708992,0.0,100.0,26.476404589747453,0.0,100.0,23.2163735324878,0.0,100.0
23,58,24.779023386727733,0.0,100.0,22.40535650240808,0.0,100.0,17.69180601295413,0.0,100.0
23,59,17.291616465790582,0.0,100.0,11.357816691600547,0.0,100.0,7.874007874011811,0.0,100.0
23,60,11.313708498984761,0.0,100.0,26.248809496813376,0.0,100.0,21.18962010041709,0.0,100.0
23,61,22.58317958127243,0.0,100.0,8.774964387392123,0.0,100.0,23.021728866442675,0.0,100.0
23,62,23.280893453645632,0.0,100.0,16.64331697709324,0.0,100.0,22.20360331117452,0.0,100.0
23,63,9.9498743710662,0.0,100.0,16.09347693943108,0.0,100.0,21.307275752662516,0.0,100.0
24,0,19.6468827043885,0.0,100.0,29.223278392404914,0.0,100.0,18.05547008526779,0.0,100.0
24,1,20.223748416156685,0.0,100.0,19.390719429665317,0.0,100.0,27.16615541441225,0.0,100.0
24,2,15.0,0.0,100.0,16.911534525287763,0.0,100.0,17.0,0.0,100.0
24,3,9.219544457292887,0.0,100.0,16.881943016134134,0.0,100.0,11.874342087037917,0.0,100.0
24,4,22.869193252058544,0.0,100.0,25.80697580112788,0.0,100.0,9.433981132056603,0.0,100.0
24,5,17.74823934929885,0.0,100.0,24.124676163629637,0.0,100.0,20.92844953645635,0.0,100.0
24,6,14.696938456699069,0.0,100.0,16.792855623746664,0.0,100.0,14.45683229480096,0.0,100.0
24,7,25.337718918639855,0.0,100.0,17.378147196982766,0.0,100.0,15.0,0.0,100.0
24,8,19.261360284258224,0.0,100.0,22.11334438749598,0.0,100.0,10.0,0.0,100.0
24,9,15.748015748023622,0.0,100.0,15.684387141358123,0.0,100.0,15.524174696260024,0.0,100.0
24,10,12.449899597988733,0.0,100.0,20.591260281974,0.0,100.0,24.06241883103193,0.0,100.0
24,11,11.661903789690601,0.0,100.0,21.047565179849187,0.0,100.0,12.884098726725126,0.0,100.0
24,12,19.6468827043885,0.0,100.0,19.87460691435179,0.0,100.0,15.811388300841896,0.0,100.0
24,13,9.486832980505138,0.0,100.0,22.494443758403985,0.0,100.0,24.49489742783178,0.0,100.0
24,14,20.71231517720798,0.0,100.0,17.320508075688775,0.0,100.0,18.547236990991408,0.0,100.0
24,15,21.840329667841555,0.0,100.0,20.12461179749811,0.0,100.0,24.20743687382041,0.0,100.0
24,16,22.494443758403985,0.0,100.0,19.026297590440446,0.0,100.0,11.661903789690601,0.0,100.0
24,17,23.0,0.0,100.0,15.937377450509228,0.0,100.0,20.97617696340303,0.0,100.0
24,18,22.58317958127243,0.0,100.0,26.551836094703507,0.0,100.0,23.727621035409346,0.0,100.0
24,19,24.71841418861655,0.0,100.0,21.840329667841555,0.0,100.0,12.041594578792296,0.0,100.0
24,20,19.949937343260004,0.0,100.0,15.132745950421556,0.0,100.0,15.0,0.0,100.0
24,21,23.430749027719962,0.0,100.0,25.199206336708304,0.0,100.0,19.026297590440446,0.0,100.0
24,22,14.52583904633395,0.0,100.0,29.698484809834994,0.0,100.0,16.673332000533065,0.0,100.0
24,23,14.866068747318506,0.0,100.0,22.64950330581225,0.0,100.0,15.684387141358123,0.0,100.0
24,24,20.615528128088304,0.0,100.0,7.211102550927978,0.0,100.0,15.394804318340652,0.0,100.0
24,25,21.118712081942874,0.0,100.0,19.621416870348583,0.0,100.0,9.9498743710662,0.0,100.0
24,26,25.67099530598687,0.0,100.0,24.596747752497688,0.0,100.0,21.118712081942874,0.0,100.0
24,27,19.209372712298546,0.0,100.0,24.535688292770594,0.0,100.0,26.90724809414742,0.0,100.0
24,28,17.60681686165901,0.0,100.0,20.639767440550294,0.0,100.0,20.273134932713294,0.0,100.0
24,29,21.095023109728988,0.0,100.0,17.4928556845359,0.0,100.0,26.60826939130014,0.0,100.0
24,30,13.45362404707371,0.0,100.0,16.15549442140351,0.0,100.0,18.894443627691185,0.0,100.0
24,31,22.22611077089287,0.0,100.0,20.42057785666214,0.0,100.0,21.400934559032695,0.0,100.0
24,32,19.924858845171276,0.0,100.0,17.378147196982766,0.0,100.0,17.578395831246947,0.0,100.0
24,33,18.16590212458495,0.0,100.0,22.22611077089287,0.0,100.0,7.54983443527075,0.0,100.0
24,34,17.291616465790582,0.0,100.0,22.090722034374522,0.0,100.0,18.466185312619388,0.0,100.0
24,35,13.92838827718412,0.0,100.0,27.2213151776324,0.0,100.0,13.152946437965905,0.0,100.0
24,36,20.12461179749811,0.0,100.0,28.61817604250837,0.0,100.0,21.6794833886788,0.0,100.0
24,37,12.649110640673518,0.0,100.0,13.92838827718412,0.0,100.0,15.652475842498529,0.0,100.0
24,38,23.45207879911715,0.0,100.0,18.027756377319946,0.0,100.0,16.30950643030009,0.0,100.0
24,39,17.944358444926362,0.0,100.0,14.035668847618199,0.0,100.0,21.470910553583888,0.0,100.0
24,40,26.795522013948524,0.0,100.0,13.0,0.0,100.0,29.58039891549808,0.0,100.0
24,41,13.038404810405298,0.0,100.0,15.297058540778355,0.0,100.0,6.4031242374328485,0.0,100.0
24,42,13.74772708486752,0.0,100.0,17.804493814764857,0.0,100.0,19.339079605813716,0.0,100.0
24,43,23.366642891095847,0.0,100.0,26.68332812825267,0.0,100.0,7.483314773547883,0.0,100.0
24,44,4.58257569495584,0.0,100.0,19.026297590440446,0.0,100.0,13.638181696985855,0.0,100.0
24,45,2.8284271247461903,0.0,100.0,23.57965224510319,0.0,100.0,13.341664064126334,0.0,100.0
24,46,20.346989949375804,0.0,100.0,13.92838827718412,0.0,100.0,12.68857754044952,0.0,100.0
24,47,25.019992006393608,0.0,100.0,18.384776310850235,0.0,100.0,15.264337522473747,0.0,100.0
24,48,21.118712081942874,0.0,100.0,19.748417658131498,0.0,100.0,26.795522013948524,0.0,100.0
24,49,10.488088481701515,0.0,100.0,23.93741840717165,0.0,100.0,22.22611077089287,0.0,100.0
24,50,9.695359714832659,0.0,100.0,7.0710678118654755,0.0,100.0,21.213203435596427,0.0,100.0
24,51,22.494443758403985,0.0,100.0,19.621416870348583,0.0,100.0,18.547236990991408,0.0,100.0
24,52,9.273618495495704,0.0,100.0,15.394804318340652,0.0,100.0,15.165750888103101,0.0,100.0
24,53,17.349351572897472,0.0,100.0,24.515301344262525,0.0,100.0,23.727621035409346,0.0,100.0
24,54,24.839484696748443,0.0,100.0,12.24744871391589,0.0,100.0,1.4142135623730951,0.0,100.0
24,55,24.289915602982237,0.0,100.0,16.881943016134134,0.0,100.0,7.3484692283495345,0.0,100.0
24,56,14.317821063276353,0.0,100.0,9.0,0.0,100.0,26.095976701399778,0.0,100.0
24,57,13.416407864998739,0.0,100.0,27.03701166919155,0.0,100.0,23.430749027719962,0.0,100.0
24,58,13.74772708486752,0.0,100.0,13.564659966250536,0.0,100.0,7.681145747868608,0.0,100.0
24,59,20.42057785666214,0.0,100.0,25.475478405713993,0.0,100.0,21.6794833886788,0.0,100.0
24,60,11.357816691600547,0.0,100.0,20.591260281974,0.0,100.0,18.627936010197157,0.0,100.0
24,61,11.224972160321824,0.0,100.0,16.881943016134134,0.0,100.0,23.08679276123039,0.0,100.0
24,62,23.08679276123039,0.0,100.0,19.026297590440446,0.0,100.0,14.352700094407323,0.0,100.0
24,63,19.339079605813716,0.0,100.0,21.77154105707724,0.0,100.0,18.601075237738275,0.0,100.0
25,0,16.24807680927192,0.0,100.0,15.394804318340652,0.0,100.0,16.76305461424021,0.0,100.0
25,1,21.42428528562855,0.0,100.0,23.021728866442675,0.0,100.0,24.535688292770594,0.0,100.0
25,2,12.083045973594572,0.0,100.0,23.345235059857504,0.0,100.0,18.49324200890693,0.0,100.0
25,3,23.0,0.0,100.0,16.34013463836819,0.0,100.0,26.248809496813376,0.0,100.0
25,4,18.788294228055936,0.0,100.0,21.047565179849187,0.0,100.0,20.223748416156685,0.0,100.0
25,5,10.099504938362077,0.0,100.0,23.366642891095847,0.0,100.0,18.681541692269406,0.0,100.0
25,6,10.63014581273465,0.0,100.0,16.76305461424021,0.0,100.0,16.30950643030009,0.0,100.0
25,7,20.85665361461421,0.0,100.0,20.346989949375804,0.0,100.0,21.0,0.0,100.0
25,8,21.02379604162864,0.0,100.0,23.769728648009426,0.0,100.0,27.586228448267445,0.0,100.0
25,9,22.759613353482084,0.0,100.0,21.047565179849187,0.0,100.0,20.46948949045872,0.0,100.0
25,10,25.826343140289914,0.0,100.0,27.676705006196094,0.0,100.0,14.89966442575134,0.0,100.0
25,11,25.865034312755125,0.0,100.0,12.806248474865697,0.0,100.0,10.723805294763608,0.0,100.0
25,12,25.475478405713993,0.0,100.0,24.041630560342615,0.0,100.0,18.275666882497067,0.0,100.0
25,13,25.199206336708304,0.0,100.0,10.44030650891055,0.0,100.0,26.1725046566048,0.0,100.0
25,14,19.131126469708992,0.0,100.0,19.79898987322333,0.0,100.0,4.242640687119285,0.0,100.0
25,15,23.853720883753127,0.0,100.0,22.67156809750927,0.0,100.0,15.937377450509228,0.0,100.0
25,16,23.345235059857504,0.0,100.0,18.894443627691185,0.0,100.0,22.693611435820433,0.0,100.0
25,17,17.4928556845359,0.0,100.0,16.1245154965971,0.0,100.0,13.152946437965905,0.0,100.0
25,18,18.973665961010276,0.0,100.0,22.15851980616034,0.0,100.0,27.386127875258307,0.0,100.0
25,19,18.627936010197157,0.0,100.0,18.49324200890693,0.0,100.0,12.041594578792296,0.0,100.0
25,20,17.832554500127006,0.0,100.0,24.919871588754223,0.0,100.0,14.45683229480096,0.0,100.0
25,21,28.0178514522438,0.0,100.0,13.92838827718412,0.0,100.0,8.06225774829855,0.0,100.0
25,22,20.46948949045872,0.0,100.0,25.80697580112788,0.0,100.0,18.05547008526779,0.0,100.0
25,23,25.729360660537214,0.0,100.0,13.0,0.0,100.0,13.038404810405298,0.0,100.0
25,24,22.58317958127243,0.0,100.0,14.071247279470288,0.0,100.0,16.401219466856727,0.0,100.0
25,25,28.948229652260256,0.0,100.0,16.61324772583615,0.0,100.0,13.74772708486752,0.0,100.0
25,26,12.96148139681572,0.0,100.0,20.85665361461421,0.0,100.0,14.035668847618199,0.0,100.0
25,27,20.024984394500787,0.0,100.0,13.96424004376894,0.0,100.0,19.748417658131498,0.0,100.0
25,28,23.958297101421877,0.0,100.0,7.280109889280518,0.0,100.0,1.4142135623730951,0.0,100.0
25,29,14.696938456699069,0.0,100.0,19.4164878389476,0.0,100.0,20.639767440550294,0.0,100.0
25,30,20.71231517720798,0.0,100.0,21.283796653792763,0.0,100.0,12.449899597988733,0.0,100.0
25,31,9.9498743710662,0.0,100.0,28.142494558940577,0.0,100.0,20.73644135332772,0.0,100.0
25,32,8.54400374531753,0.0,100.0,24.1039415863879,0.0,100.0,18.466185312619388,0.0,100.0
25,33,20.518284528683193,0.0,100.0,19.209372712298546,0.0,100.0,14.45683229480096,0.0,100.0
25,34,17.916472867168917,0.0,100.0,9.433981132056603,0.0,100.0,20.12461179749811,0.0,100.0
25,35,18.275666882497067,0.0,100.0,27.748873851023216,0.0,100.0,7.0,0.0,100.0
25,36,19.390719429665317,0.0,100.0,17.11724276862369,0.0,100.0,25.37715508089904,0.0,100.0
25,37,27.964262908219126,0.0,100.0,11.445523142259598,0.0,100.0,21.18962010041709,0.0,100.0
25,38,23.173260452512935,0.0,100.0,12.0,0.0,100.0,22.516660498395403,0.0,100.0
25,39,14.45683229480096,0.0,100.0,17.4928556845359,0.0,100.0,20.591260281974,0.0,100.0
25,40,19.849433241279208,0.0,100.0,19.697715603592208,0.0,100.0,6.48074069840786,0.0,100.0
25,41,21.307275752662516,0.0,100.0,18.24828759089466,0.0,100.0,12.24744871391589,0.0,100.0
25,42,25.826343140289914,0.0,100.0,15.165750888103101,0.0,100.0,17.0,0.0,100.0
25,43,13.341664064126334,0.0,100.0,20.54263858417414,0.0,100.0,21.0,0.0,100.0
25,44,15.684387141358123,0.0,100.0,19.235384061671343,0.0,100.0,10.816653826391969,0.0,100.0
25,45,21.563858652847824,0.0,100.0,17.46424919657298,0.0,100.0,23.706539182259394,0.0,100.0
25,46,20.149441679609886,0.0,100.0,15.0,0.0,100.0,17.944358444926362,0.0,100.0
25,47,21.42428528562855,0.0,100.0,19.390719429665317,0.0,100.0,20.639767440550294,0.0,100.0
25,48,25.67099530598687,0.0,100.0,24.124676163629637,0.0,100.0,20.639767440550294,0.0,100.0
25,49,30.610455730027933,0.0,100.0,25.96150997149434,0.0,100.0,22.58317958127243,0.0,100.0
25,50,5.477225575051661,0.0,100.0,21.236760581595302,0.0,100.0,21.908902300206645,0.0,100.0
25,51,15.937377450509228,0.0,100.0,13.92838827718412,0.0,100.0,15.165750888103101,0.0,100.0
25,52,13.0,0.0,100.0,24.71841418861655,0.0,100.0,16.15549442140351,0.0,100.0
25,53,24.372115213907882,0.0,100.0,23.430749027719962,0.0,100.0,14.966629547095765,0.0,100.0
25,54,23.93741840717165,0.0,100.0,12.449899597988733,0.0,100.0,16.64331697709324,0.0,100.0
25,55,16.522711641858304,0.0,100.0,9.486832980505138,0.0,100.0,29.58039891549808,0.0,100.0
25,56,20.273134932713294,0.0,100.0,9.273618495495704,0.0,100.0,9.899494936611665,0.0,100.0
25,57,20.71231517720798,0.0,100.0,21.42428528562855,0.0,100.0,19.748417658131498,0.0,100.0
25,58,9.16515138991168,0.0,100.0,22.869193252058544,0.0,100.0,12.24744871391589,0.0,100.0
25,59,22.360679774997898,0.0,100.0,6.782329983125268,0.0,100.0,21.494185260204677,0.0,100.0
25,60,21.118712081942874,0.0,100.0,21.840329667841555,0.0,100.0,20.024984394500787,0.0,100.0
25,61,12.727922061357855,0.0,100.0,16.76305461424021,0.0,100.0,18.81488772222678,0.0,100.0
25,62,13.601470508735444,0.0,100.0,21.540659228538015,0.0,100.0,13.152946437965905,0.0,100.0
25,63,11.874342087037917,0.0,100.0,14.866068747318506,0.0,100.0,8.660254037844387,0.0,100.0
26,0,16.24807680927192,0.0,100.0,25.37715508089904,0.0,100.0,28.460498941515414,0.0,100.0
26,1,22.64950330581225,0.0,100.0,23.280893453645632,0.0,100.0,17.233687939614086,0.0,100.0
26,2,13.416407864998739,0.0,100.0,22.44994432064365,0.0,100.0,16.24807680927192,0.0,100.0
26,3,25.41653005427767,0.0,100.0,18.601075237738275,0.0,100.0,11.445523142259598,0.0,100.0
26,4,23.45207879911715,0.0,100.0,23.2163735324878,0.0,100.0,24.372115213907882,0.0,100.0
26,5,20.346989949375804,0.0,100.0,11.874342087037917,0.0,100.0,15.7797338380595,0.0,100.0
26,6,13.0,0.0,100.0,16.911534525287763,0.0,100.0,32.4037034920393,0.0,100.0
26,7,18.601075237738275,0.0,100.0,22.38302928559939,0.0,100.0,27.65863337187866,0.0,100.0
26,8,18.35755975068582,0.0,100.0,4.69041575982343,0.0,100.0,9.273618495495704,0.0,100.0
26,9,20.223748416156685,0.0,100.0,24.289915602982237,0.0,100.0,9.899494936611665,0.0,100.0
26,10,22.40535650240808,0.0,100.0,11.357816691600547,0.0,100.0,20.024984394500787,0.0,100.0
26,11,15.937377450509228,0.0,100.0,17.233687939614086,0.0,100.0,23.021728866442675,0.0,100.0
26,12,16.431676725154983,0.0,100.0,25.729360660537214,0.0,100.0,24.166091947189145,0.0,100.0
26,13,29.58039891549808,0.0,100.0,20.024984394500787,0.0,100.0,30.298514815086232,0.0,100.0
26,14,18.16590212458495,0.0,100.0,22.22611077089287,0.0,100.0,23.043437243605826,0.0,100.0
26,15,11.575836902790225,0.0,100.0,15.811388300841896,0.0,100.0,13.638181696985855,0.0,100.0
26,16,7.810249675906654,0.0,100.0,13.601470508735444,0.0,100.0,18.439088914585774,0.0,100.0
26,17,26.68332812825267,0.0,100.0,14.7648230602334,0.0,100.0,20.322401432901575,0.0,100.0
26,18,14.422205101855956,0.0,100.0,17.26267650163207,0.0,100.0,26.77685567799177,0.0,100.0
26,19,25.15949125081825,0.0,100.0,22.67156809750927,0.0,100.0,20.346989949375804,0.0,100.0
26,20,22.825424421026653,0.0,100.0,18.027756377319946,0.0,100.0,24.71841418861655,0.0,100.0
26,21,17.435595774162696,0.0,100.0,18.788294228055936,0.0,100.0,20.223748416156685,0.0,100.0
26,22,24.839484696748443,0.0,100.0,23.600847442411894,0.0,100.0,8.602325267042627,0.0,100.0
26,23,20.396078054371138,0.0,100.0,10.63014581273465,0.0,100.0,9.16515138991168,0.0,100.0
26,24,16.30950643030009,0.0,100.0,16.911534525287763,0.0,100.0,9.16515138991168,0.0,100.0
26,25,15.556349186104045,0.0,100.0,13.152946437965905,0.0,100.0,19.0,0.0,100.0
26,26,18.788294228055936,0.0,100.0,20.85665361461421,0.0,100.0,18.708286933869708,0.0,100.0
26,27,24.939927826679853,0.0,100.0,20.09975124224178,0.0,100.0,25.96150997149434,0.0,100.0
26,28,10.488088481701515,0.0,100.0,18.973665961010276,0.0,100.0,24.71841418861655,0.0,100.0
26,29,15.620499351813308,0.0,100.0,13.74772708486752,0.0,100.0,23.53720459187964,0.0,100.0
26,30,26.43860813280457,0.0,100.0,17.72004514666935,0.0,100.0,26.476404589747453,0.0,100.0
26,31,17.916472867168917,0.0,100.0,16.881943016134134,0.0,100.0,26.645825188948457,0.0,100.0
26,32,13.341664064126334,0.0,100.0,15.652475842498529,0.0,100.0,20.445048300260872,0.0,100.0
26,33,27.331300737432898,0.0,100.0,20.346989949375804,0.0,100.0,23.043437243605826,0.0,100.0
26,34,11.40175425099138,0.0,100.0,6.782329983125268,0.0,100.0,13.92838827718412,0.0,100.0
26,35,8.18535277187245,0.0,100.0,19.261360284258224,0.0,100.0,23.366642891095847,0.0,100.0
26,36,21.400934559032695,0.0,100.0,18.24828759089466,0.0,100.0,24.819347291981714,0.0,100.0
26,37,26.13426869074396,0.0,100.0,16.186414056238647,0.0,100.0,13.076696830622021,0.0,100.0
26,38,16.24807680927192,0.0,100.0,21.283796653792763,0.0,100.0,16.522711641858304,0.0,100.0
26,39,19.87460691435179,0.0,100.0,14.352700094407323,0.0,100.0,21.18962010041709,0.0,100.0
26,40,18.76166303929372,0.0,100.0,15.84297951775486,0.0,100.0,6.4031242374328485,0.0,100.0
26,41,26.77685567799177,0.0,100.0,23.45207879911715,0.0,100.0,13.92838827718412,0.0,100.0
26,42,7.681145747868608,0.0,100.0,26.19160170741759,0.0,100.0,30.610455730027933,0.0,100.0
26,43,21.61018278497431,0.0,100.0,9.486832980505138,0.0,100.0,26.19160170741759,0.0,100.0
26,44,30.099833886584822,0.0,100.0,18.49324200890693,0.0,100.0,18.681541692269406,0.0,100.0
26,45,15.652475842498529,0.0,100.0,13.0,0.0,100.0,13.892443989449804,0.0,100.0
26,46,24.372115213907882,0.0,100.0,12.649110640673518,0.0,100.0,18.841443681416774,0.0,100.0
26,47,16.61324772583615,0.0,100.0,19.209372712298546,0.0,100.0,16.911534525287763,0.0,100.0
26,48,20.12461179749811,0.0,100.0,14.071247279470288,0.0,100.0,23.68543856465402,0.0,100.0
26,49,15.684387141358123,0.0,100.0,23.108440016582687,0.0,100.0,15.556349186104045,0.0,100.0
26,50,19.313207915827967,0.0,100.0,26.13426869074396,0.0,100.0,17.05872210923198,0.0,100.0
26,51,24.535688292770594,0.0,100.0,18.027756377319946,0.0,100.0,21.400934559032695,0.0,100.0
26,52,24.1039415863879,0.0,100.0,15.556349186104045,0.0,100.0,18.681541692269406,0.0,100.0
26,53,21.93171219946131,0.0,100.0,21.95449840010015,0.0,100.0,23.62202362203543,0.0,100.0
26,54,18.681541692269406,0.0,100.0,20.445048300260872,0.0,100.0,25.25866188063018,0.0,100.0
26,55,21.95449840010015,0.0,100.0,15.132745950421556,0.0,100.0,20.09975124224178,0.0,100.0
26,56,21.6794833886788,0.0,100.0,23.57965224510319,0.0,100.0,17.578395831246947,0.0,100.0
26,57,18.027756377319946,0.0,100.0,19.0,0.0,100.0,7.211102550927978,0.0,100.0
26,58,20.904544960366874,0.0,100.0,23.853720883753127,0.0,100.0,16.401219466856727,0.0,100.0
26,59,14.491376746189438,0.0,100.0,9.0,0.0,100.0,27.85677655436824,0.0,100.0
26,60,16.673332000533065,0.0,100.0,19.313207915827967,0.0,100.0,15.427248620541512,0.0,100.0
26,61,24.228082879171435,0.0,100.0,15.652475842498529,0.0,100.0,24.596747752497688,0.0,100.0
26,62,22.67156809750927,0.0,100.0,26.343879744638983,0.0,100.0,22.561028345356956,0.0,100.0
26,63,15.748015748023622,0.0,100.0,20.73644135332772,0.0,100.0,17.97220075561143,0.0,100.0
27,0,19.544820285692065,0.0,100.0,19.339079605813716,0.0,100.0,22.693611435820433,0.0,100.0
27,1,16.30950643030009,0.0,100.0,17.0,0.0,100.0,12.041594578792296,0.0,100.0
27,2,19.209372712298546,0.0,100.0,20.42057785666214,0.0,100.0,22.869193252058544,0.0,100.0
27,3,24.413111231467404,0.0,100.0,23.366642891095847,0.0,100.0,22.825424421026653,0.0,100.0
27,4,19.849433241279208,0.0,100.0,24.535688292770594,0.0,100.0,21.656407827707714,0.0,100.0
27,5,15.033296378372908,0.0,100.0,15.394804318340652,0.0,100.0,16.186414056238647,0.0,100.0
27,6,22.516660498395403,0.0,100.0,19.519221295943137,0.0,100.0,10.63014581273465,0.0,100.0
27,7,26.645825188948457,0.0,100.0,21.447610589527216,0.0,100.0,20.83266665599966,0.0,100.0
27,8,30.675723300355934,0.0,100.0,22.67156809750927,0.0,100.0,19.339079605813716,0.0,100.0
27,9,19.261360284258224,0.0,100.0,13.416407864998739,0.0,100.0,7.483314773547883,0.0,100.0
27,10,27.2213151776324,0.0,100.0,21.656407827707714,0.0,100.0,19.131126469708992,0.0,100.0
27,11,18.384776310850235,0.0,100.0,20.322401432901575,0.0,100.0,20.808652046684813,0.0,100.0
27,12,17.08800749063506,0.0,100.0,14.0,0.0,100.0,10.488088481701515,0.0,100.0
27,13,24.839484696748443,0.0,100.0,20.273134932713294,0.0,100.0,17.435595774162696,0.0,100.0
27,14,16.278820596099706,0.0,100.0,24.392621835300936,0.0,100.0,20.493901531919196,0.0,100.0
27,15,23.53720459187964,0.0,100.0,18.601075237738275,0.0,100.0,21.656407827707714,0.0,100.0
27,16,14.560219778561036,0.0,100.0,24.859605789312106,0.0,100.0,24.186773244895647,0.0,100.0
27,17,25.317977802344327,0.0,100.0,10.954451150103322,0.0,100.0,23.366642891095847,0.0,100.0
27,18,17.11724276862369,0.0,100.0,11.532562594670797,0.0,100.0,25.079872407968907,0.0,100.0
27,19,22.869193252058544,0.0,100.0,24.596747752497688,0.0,100.0,16.0312195418814,0.0,100.0
27,20,20.024984394500787,0.0,100.0,15.556349186104045,0.0,100.0,23.45207879911715,0.0,100.0
27,21,31.76476034853718,0.0,100.0,19.748417658131498,0.0,100.0,8.660254037844387,0.0,100.0
27,22,13.379088160259652,0.0,100.0,15.165750888103101,0.0,100.0,24.1039415863879,0.0,100.0
27,23,21.047565179849187,0.0,100.0,22.11334438749598,0.0,100.0,9.433981132056603,0.0,100.0
27,24,15.684387141358123,0.0,100.0,20.83266665599966,0.0,100.0,24.124676163629637,0.0,100.0
27,25,23.021728866442675,0.0,100.0,7.54983443527075,0.0,100.0,17.944358444926362,0.0,100.0
27,26,19.748417658131498,0.0,100.0,18.81488772222678,0.0,100.0,17.291616465790582,0.0,100.0
27,27,27.676705006196094,0.0,100.0,16.15549442140351,0.0,100.0,20.024984394500787,0.0,100.0
27,28,11.575836902790225,0.0,100.0,13.45362404707371,0.0,100.0,25.475478405713993,0.0,100.0
27,29,18.627936010197157,0.0,100.0,19.6468827043885,0.0,100.0,25.099800796022265,0.0,100.0
27,30,25.019992006393608,0.0,100.0,15.165750888103101,0.0,100.0,10.198039027185569,0.0,100.0
27,31,17.663521732655695,0.0,100.0,22.02271554554524,0.0,100.0,18.138357147217054,0.0,100.0
27,32,17.72004514666935,0.0,100.0,17.60681686165901,0.0,100.0,6.708203932499369,0.0,100.0
27,33,15.0,0.0,100.0,9.055385138137417,0.0,100.0,23.430749027719962,0.0,100.0
27,34,16.881943016134134,0.0,100.0,27.018512172212592,0.0,100.0,18.920887928424502,0.0,100.0
27,35,17.578395831246947,0.0,100.0,12.328828005937952,0.0,100.0,20.024984394500787,0.0,100.0
27,36,19.849433241279208,0.0,100.0,18.05547008526779,0.0,100.0,28.178005607210743,0.0,100.0
27,37,23.021728866442675,0.0,100.0,7.810249675906654,0.0,100.0,16.30950643030009,0.0,100.0
27,38,11.180339887498949,0.0,100.0,18.2208671582886,0.0,100.0,17.349351572897472,0.0,100.0
27,39,20.73644135332772,0.0,100.0,24.919871588754223,0.0,100.0,25.98076211353316,0.0,100.0
27,40,19.6468827043885,0.0,100.0,20.273134932713294,0.0,100.0,26.70205984563738,0.0,100.0
27,41,21.748563170931547,0.0,100.0,19.72308292331602,0.0,100.0,21.587033144922902,0.0,100.0
27,42,21.307275752662516,0.0,100.0,21.77154105707724,0.0,100.0,20.73644135332772,0.0,100.0
27,43,21.494185260204677,0.0,100.0,22.693611435820433,0.0,100.0,21.18962010041709,0.0,100.0
27,44,26.92582403567252,0.0,100.0,24.166091947189145,0.0,100.0,18.24828759089466,0.0,100.0
27,45,24.839484696748443,0.0,100.0,12.206555615733702,0.0,100.0,14.352700094407323,0.0,100.0
27,46,13.96424004376894,0.0,100.0,14.866068747318506,0.0,100.0,21.656407827707714,0.0,100.0
27,47,17.916472867168917,0.0,100.0,21.95449840010015,0.0,100.0,17.26267650163207,0.0,100.0
27,48,9.797958971132712,0.0,100.0,11.357816691600547,0.0,100.0,26.038433132583073,0.0,100.0
27,49,19.621416870348583,0.0,100.0,20.346989949375804,0.0,100.0,16.673332000533065,0.0,100.0
27,50,16.30950643030009,0.0,100.0,15.748015748023622,0.0,100.0,8.774964387392123,0.0,100.0
27,51,13.96424004376894,0.0,100.0,7.810249675906654,0.0,100.0,20.248456731316587,0.0,100.0
27,52,19.339079605813716,0.0,100.0,15.811388300841896,0.0,100.0,24.657656011875904,0.0,100.0
27,53,16.431676725154983,0.0,100.0,26.248809496813376,0.0,100.0,22.825424421026653,0.0,100.0
27,54,13.96424004376894,0.0,100.0,22.090722034374522,0.0,100.0,22.494443758403985,0.0,100.0
27,55,15.0,0.0,100.0,10.816653826391969,0.0,100.0,27.76688675382964,0.0,100.0
27,56,12.884098726725126,0.0,100.0,14.45683229480096,0.0,100.0,12.206555615733702,0.0,100.0
27,57,29.546573405388315,0.0,100.0,21.213203435596427,0.0,100.0,13.74772708486752,0.0,100.0
27,58,30.099833886584822,0.0,100.0,18.841443681416774,0.0,100.0,22.737634001804146,0.0,100.0
27,59,16.881943016134134,0.0,100.0,22.40535650240808,0.0,100.0,28.035691537752374,0.0,100.0
27,60,17.74823934929885,0.0,100.0,11.789826122551595,0.0,100.0,27.367864366808018,0.0,100.0
27,61,19.6468827043885,0.0,100.0,28.178005607210743,0.0,100.0,24.73863375370596,0.0,100.0
27,62,20.049937655763422,0.0,100.0,12.083045973594572,0.0,100.0,20.808652046684813,0.0,100.0
27,63,12.96148139681572,0.0,100.0,14.45683229480096,0.0,100.0,20.42057785666214,0.0,100.0
28,0,23.15167380558045,0.0,100.0,13.74772708486752,0.0,100.0,12.569805089976535,0.0,100.0
28,1,30.166206257996713,0.0,100.0,20.049937655763422,0.0,100.0,20.396078054371138,0.0,100.0
28,2,19.6468827043885,0.0,100.0,13.638181696985855,0.0,100.0,17.72004514666935,0.0,100.0
28,3,24.124676163629637,0.0,100.0,15.811388300841896,0.0,100.0,17.378147196982766,0.0,100.0
28,4,28.035691537752374,0.0,100.0,20.591260281974,0.0,100.0,18.2208671582886,0.0,100.0
28,5,19.72308292331602,0.0,100.0,16.911534525287763,0.0,100.0,16.881943016134134,0.0,100.0
28,6,17.05872210923198,0.0,100.0,23.600847442411894,0.0,100.0,11.832159566199232,0.0,100.0
28,7,27.386127875258307,0.0,100.0,13.92838827718412,0.0,100.0,21.118712081942874,0.0,100.0
28,8,20.12461179749811,0.0,100.0,9.433981132056603,0.0,100.0,22.11334438749598,0.0,100.0
28,9,24.939927826679853,0.0,100.0,13.038404810405298,0.0,100.0,16.55294535724685,0.0,100.0
28,10,19.313207915827967,0.0,100.0,17.204650534085253,0.0,100.0,21.354156504062622,0.0,100.0
28,11,20.049937655763422,0.0,100.0,12.083045973594572,0.0,100.0,23.93741840717165,0.0,100.0
28,12,13.152946437965905,0.0,100.0,5.916079783099616,0.0,100.0,23.430749027719962,0.0,100.0
28,13,7.280109889280518,0.0,100.0,17.72004514666935,0.0,100.0,22.715633383201094,0.0,100.0
28,14,17.578395831246947,0.0,100.0,12.96148139681572,0.0,100.0,21.400934559032695,0.0,100.0
28,15,6.708203932499369,0.0,100.0,22.9128784747792,0.0,100.0,18.0,0.0,100.0
28,16,16.522711641858304,0.0,100.0,24.758836806279895,0.0,100.0,18.384776310850235,0.0,100.0
28,17,23.345235059857504,0.0,100.0,23.2163735324878,0.0,100.0,26.19160170741759,0.0,100.0
28,18,15.905973720586866,0.0,100.0,15.84297951775486,0.0,100.0,13.341664064126334,0.0,100.0
28,19,4.123105625617661,0.0,100.0,20.808652046684813,0.0,100.0,20.223748416156685,0.0,100.0
28,20,17.72004514666935,0.0,100.0,29.68164415931166,0.0,100.0,27.367864366808018,0.0,100.0
28,21,11.224972160321824,0.0,100.0,16.431676725154983,0.0,100.0,20.223748416156685,0.0,100.0
28,22,8.831760866327848,0.0,100.0,21.400934559032695,0.0,100.0,18.547236990991408,0.0,100.0
28,23,22.825424421026653,0.0,100.0,28.653097563788805,0.0,100.0,24.041630560342615,0.0,100.0
28,24,22.360679774997898,0.0,100.0,19.05255888325765,0.0,100.0,19.235384061671343,0.0,100.0
28,25,24.020824298928627,0.0,100.0,12.083045973594572,0.0,100.0,13.0,0.0,100.0
28,26,14.45683229480096,0.0,100.0,7.681145747868608,0.0,100.0,15.588457268119896,0.0,100.0
28,27,27.964262908219126,0.0,100.0,16.673332000533065,0.0,100.0,21.470910553583888,0.0,100.0
28,28,18.384776310850235,0.0,100.0,25.019992006393608,0.0,100.0,12.84523257866513,0.0,100.0
28,29,22.47220505424423,0.0,100.0,15.905973720586866,0.0,100.0,19.4164878389476,0.0,100.0
28,30,14.177446878757825,0.0,100.0,10.723805294763608,0.0,100.0,14.212670403551895,0.0,100.0
28,31,3.7416573867739413,0.0,100.0,19.87460691435179,0.0,100.0,18.0,0.0,100.0
28,32,23.366642891095847,0.0,100.0,11.789826122551595,0.0,100.0,17.944358444926362,0.0,100.0
28,33,15.84297951775486,0.0,100.0,19.235384061671343,0.0,100.0,21.97726097583591,0.0,100.0
28,34,8.48528137423857,0.0,100.0,19.621416870348583,0.0,100.0,21.840329667841555,0.0,100.0
28,35,18.05547008526779,0.0,100.0,5.916079783099616,0.0,100.0,17.74823934929885,0.0,100.0
28,36,27.367864366808018,0.0,100.0,18.027756377319946,0.0,100.0,24.758836806279895,0.0,100.0
28,37,16.673332000533065,0.0,100.0,20.54263858417414,0.0,100.0,20.615528128088304,0.0,100.0
28,38,11.224972160321824,0.0,100.0,23.2163735324878,0.0,100.0,15.811388300841896,0.0,100.0
28,39,19.621416870348583,0.0,100.0,23.790754506740637,0.0,100.0,30.033314835362415,0.0,100.0
28,40,19.82422760159901,0.0,100.0,9.899494936611665,0.0,100.0,21.72556098240043,0.0,100.0
28,41,23.45207879911715,0.0,100.0,9.055385138137417,0.0,100.0,16.09347693943108,0.0,100.0
28,42,14.7648230602334,0.0,100.0,20.149441679609886,0.0,100.0,14.035668847618199,0.0,100.0
28,43,23.790754506740637,0.0,100.0,17.60681686165901,0.0,100.0,20.346989949375804,0.0,100.0
28,44,14.966629547095765,0.0,100.0,23.345235059857504,0.0,100.0,21.6794833886788,0.0,100.0
28,45,22.494443758403985,0.0,100.0,17.916472867168917,0.0,100.0,20.445048300260872,0.0,100.0
28,46,14.45683229480096,0.0,100.0,17.549928774784245,0.0,100.0,16.73320053068151,0.0,100.0
28,47,24.351591323771842,0.0,100.0,13.92838827718412,0.0,100.0,20.808652046684813,0.0,100.0
28,48,21.400934559032695,0.0,100.0,29.478805945967352,0.0,100.0,14.628738838327793,0.0,100.0
28,49,30.099833886584822,0.0,100.0,25.514701644346147,0.0,100.0,16.0312195418814,0.0,100.0
28,50,19.697715603592208,0.0,100.0,21.6794833886788,0.0,100.0,18.49324200890693,0.0,100.0
28,51,24.535688292770594,0.0,100.0,14.035668847618199,0.0,100.0,24.392621835300936,0.0,100.0
28,52,17.60681686165901,0.0,100.0,19.05255888325765,0.0,100.0,20.149441679609886,0.0,100.0
28,53,28.39013913315678,0.0,100.0,18.681541692269406,0.0,100.0,19.339079605813716,0.0,100.0
28,54,14.89966442575134,0.0,100.0,8.12403840463596,0.0,100.0,23.83275057562597,0.0,100.0
28,55,19.519221295943137,0.0,100.0,17.029386365926403,0.0,100.0,23.68543856465402,0.0,100.0
28,56,25.079872407968907,0.0,100.0,17.60681686165901,0.0,100.0,11.704699910719626,0.0,100.0
28,57,12.884098726725126,0.0,100.0,9.433981132056603,0.0,100.0,15.033296378372908,0.0,100.0
28,58,16.911534525287763,0.0,100.0,20.024984394500787,0.0,100.0,16.0,0.0,100.0
28,59,19.44222209522358,0.0,100.0,19.621416870348583,0.0,100.0,21.633307652783937,0.0,100.0
28,60,19.748417658131498,0.0,100.0,22.759613353482084,0.0,100.0,8.06225774829855,0.0,100.0
28,61,25.03996805109783,0.0,100.0,25.019992006393608,0.0,100.0,18.466185312619388,0.0,100.0
28,62,22.11334438749598,0.0,100.0,26.570660511172846,0.0,100.0,9.219544457292887,0.0,100.0
28,63,19.44222209522358,0.0,100.0,22.737634001804146,0.0,100.0,15.620499351813308,0.0,100.0
29,0,4.0,0.0,100.0,18.466185312619388,0.0,100.0,25.573423705088842,0.0,100.0
29,1,10.862780491200215,0.0,100.0,22.47220505424423,0.0,100.0,21.118712081942874,0.0,100.0
29,2,17.74823934929885,0.0,100.0,15.165750888103101,0.0,100.0,10.198039027185569,0.0,100.0
29,3,7.54983443527075,0.0,100.0,22.627416997969522,0.0,100.0,27.073972741361768,0.0,100.0
29,4,27.16615541441225,0.0,100.0,21.118712081942874,0.0,100.0,19.748417658131498,0.0,100.0
29,5,16.73320053068151,0.0,100.0,14.212670403551895,0.0,100.0,21.95449840010015,0.0,100.0
29,6,8.366600265340756,0.0,100.0,21.633307652783937,0.0,100.0,3.0,0.0,100.0
29,7,17.97220075561143,0.0,100.0,21.02379604162864,0.0,100.0,16.881943016134134,0.0,100.0
29,8,12.529964086141668,0.0,100.0,19.131126469708992,0.0,100.0,21.97726097583591,0.0,100.0
29,9,18.24828759089466,0.0,100.0,16.15549442140351,0.0,100.0,13.601470508735444,0.0,100.0
29,10,24.839484696748443,0.0,100.0,17.832554500127006,0.0,100.0,21.494185260204677,0.0,100.0
29,11,22.22611077089287,0.0,100.0,11.357816691600547,0.0,100.0,20.12461179749811,0.0,100.0
29,12,13.076696830622021,0.0,100.0,4.123105625617661,0.0,100.0,16.401219466856727,0.0,100.0
29,13,25.768197453450252,0.0,100.0,22.58317958127243,0.0,100.0,18.49324200890693,0.0,100.0
29,14,10.488088481701515,0.0,100.0,24.819347291981714,0.0,100.0,21.587033144922902,0.0,100.0
29,15,23.600847442411894,0.0,100.0,23.043437243605826,0.0,100.0,17.916472867168917,0.0,100.0
29,16,19.026297590440446,0.0,100.0,17.72004514666935,0.0,100.0,25.079872407968907,0.0,100.0
29,17,16.522711641858304,0.0,100.0,20.12461179749811,0.0,100.0,19.05255888325765,0.0,100.0
29,18,27.76688675382964,0.0,100.0,19.924858845171276,0.0,100.0,13.638181696985855,0.0,100.0
29,19,18.49324200890693,0.0,100.0,14.560219778561036,0.0,100.0,14.491376746189438,0.0,100.0
29,20,25.337718918639855,0.0,100.0,21.0,0.0,100.0,21.748563170931547,0.0,100.0
29,21,27.76688675382964,0.0,100.0,17.72004514666935,0.0,100.0,29.223278392404914,0.0,100.0
29,22,14.89966442575134,0.0,100.0,4.123105625617661,0.0,100.0,2.8284271247461903,0.0,100.0
29,23,19.131126469708992,0.0,100.0,14.352700094407323,0.0,100.0,10.488088481701515,0.0,100.0
29,24,20.346989949375804,0.0,100.0,16.09347693943108,0.0,100.0,12.884098726725126,0.0,100.0
29,25,7.0710678118654755,0.0,100.0,15.264337522473747,0.0,100.0,19.261360284258224,0.0,100.0
29,26,20.273134932713294,0.0,100.0,15.132745950421556,0.0,100.0,20.688160865577203,0.0,100.0
29,27,14.491376746189438,0.0,100.0,18.05547008526779,0.0,100.0,15.84297951775486,0.0,100.0
29,28,15.329709716755891,0.0,100.0,17.233687939614086,0.0,100.0,19.235384061671343,0.0,100.0
29,29,25.729360660537214,0.0,100.0,14.352700094407323,0.0,100.0,24.55605831561735,0.0,100.0
29,30,29.03446228191595,0.0,100.0,16.15549442140351,0.0,100.0,3.3166247903554,0.0,100.0
29,31,29.223278392404914,0.0,100.0,20.518284528683193,0.0,100.0,26.476404589747453,0.0,100.0
29,32,30.643106892089126,0.0,100.0,13.19090595827292,0.0,100.0,21.118712081942874,0.0,100.0
29,33,14.7648230602334,0.0,100.0,17.233687939614086,0.0,100.0,7.280109889280518,0.0,100.0
29,34,20.639767440550294,0.0,100.0,18.24828759089466,0.0,100.0,21.118712081942874,0.0,100.0
29,35,18.681541692269406,0.0,100.0,13.076696830622021,0.0,100.0,20.42057785666214,0.0,100.0
29,36,20.591260281974,0.0,100.0,12.206555615733702,0.0,100.0,23.68543856465402,0.0,100.0
29,37,9.899494936611665,0.0,100.0,18.601075237738275,0.0,100.0,21.118712081942874,0.0,100.0
29,38,17.08800749063506,0.0,100.0,16.55294535724685,0.0,100.0,7.3484692283495345,0.0,100.0
29,39,13.601470508735444,0.0,100.0,7.14142842854285,0.0,100.0,13.038404810405298,0.0,100.0
29,40,18.920887928424502,0.0,100.0,25.475478405713993,0.0,100.0,22.40535650240808,0.0,100.0
29,41,12.767145334803704,0.0,100.0,15.066519173319364,0.0,100.0,17.291616465790582,0.0,100.0
29,42,7.810249675906654,0.0,100.0,11.661903789690601,0.0,100.0,11.180339887498949,0.0,100.0
29,43,20.97617696340303,0.0,100.0,16.15549442140351,0.0,100.0,16.30950643030009,0.0,100.0
29,44,23.366642891095847,0.0,100.0,20.12461179749811,0.0,100.0,18.384776310850235,0.0,100.0
29,45,9.899494936611665,0.0,100.0,15.132745950421556,0.0,100.0,18.384776310850235,0.0,100.0
29,46,19.261360284258224,0.0,100.0,8.366600265340756,0.0,100.0,19.4164878389476,0.0,100.0
29,47,22.825424421026653,0.0,100.0,23.45207879911715,0.0,100.0,30.033314835362415,0.0,100.0
29,48,15.066519173319364,0.0,100.0,19.313207915827967,0.0,100.0,24.779023386727733,0.0,100.0
29,49,12.12435565298214,0.0,100.0,27.09243436828813,0.0,100.0,20.024984394500787,0.0,100.0
29,50,23.600847442411894,0.0,100.0,22.20360331117452,0.0,100.0,22.67156809750927,0.0,100.0
29,51,26.60826939130014,0.0,100.0,20.12461179749811,0.0,100.0,15.165750888103101,0.0,100.0
29,52,22.360679774997898,0.0,100.0,11.789826122551595,0.0,100.0,20.615528128088304,0.0,100.0
29,53,16.24807680927192,0.0,100.0,20.904544960366874,0.0,100.0,11.0,0.0,100.0
29,54,11.224972160321824,0.0,100.0,16.09347693943108,0.0,100.0,26.13426869074396,0.0,100.0
29,55,13.416407864998739,0.0,100.0,14.628738838327793,0.0,100.0,18.35755975068582,0.0,100.0
29,56,19.026297590440446,0.0,100.0,16.55294535724685,0.0,100.0,24.939927826679853,0.0,100.0
29,57,27.147743920996454,0.0,100.0,23.280893453645632,0.0,100.0,27.85677655436824,0.0,100.0
29,58,13.152946437965905,0.0,100.0,24.228082879171435,0.0,100.0,15.0,0.0,100.0
29,59,20.639767440550294,0.0,100.0,20.518284528683193,0.0,100.0,12.884098726725126,0.0,100.0
29,60,23.0,0.0,100.0,16.0312195418814,0.0,100.0,19.849433241279208,0.0,100.0
29,61,19.026297590440446,0.0,100.0,23.45207879911715,0.0,100.0,6.4031242374328485,0.0,100.0
29,62,24.596747752497688,0.0,100.0,16.278820596099706,0.0,100.0,23.706539182259394,0.0,100.0
29,63,17.72004514666935,0.0,100.0,7.681145747868608,0.0,100.0,12.24744871391589,0.0,100.0
30,0,24.20743687382041,0.0,100.0,18.466185312619388,0.0,100.0,5.916079783099616,0.0,100.0
30,1,19.235384061671343,0.0,100.0,20.024984394500787,0.0,100.0,16.278820596099706,0.0,100.0
30,2,19.026297590440446,0.0,100.0,20.0,0.0,100.0,17.204650534085253,0.0,100.0
30,3,25.199206336708304,0.0,100.0,25.03996805109783,0.0,100.0,14.352700094407323,0.0,100.0
30,4,27.294688127912362,0.0,100.0,19.79898987322333,0.0,100.0,11.090536506409418,0.0,100.0
30,5,14.798648586948742,0.0,100.0,19.6468827043885,0.0,100.0,19.44222209522358,0.0,100.0
30,6,11.357816691600547,0.0,100.0,24.73863375370596,0.0,100.0,13.0,0.0,100.0
30,7,19.87460691435179,0.0,100.0,17.0,0.0,100.0,17.146428199482248,0.0,100.0
30,8,23.45207879911715,0.0,100.0,15.297058540778355,0.0,100.0,22.80350850198276,0.0,100.0
30,9,23.065125189341593,0.0,100.0,19.339079605813716,0.0,100.0,16.76305461424021,0.0,100.0
30,10,10.344080432788601,0.0,100.0,21.2602916254693,0.0,100.0,13.341664064126334,0.0,100.0
30,11,14.7648230602334,0.0,100.0,13.0,0.0,100.0,12.529964086141668,0.0,100.0
30,12,11.445523142259598,0.0,100.0,22.22611077089287,0.0,100.0,23.83275057562597,0.0,100.0
30,13,20.322401432901575,0.0,100.0,22.315913604421397,0.0,100.0,19.313207915827967,0.0,100.0
30,14,28.0178514522438,0.0,100.0,21.656407827707714,0.0,100.0,16.431676725154983,0.0,100.0
30,15,20.12461179749811,0.0,100.0,7.681145747868608,0.0,100.0,12.083045973594572,0.0,100.0
30,16,15.165750888103101,0.0,100.0,14.0,0.0,100.0,16.73320053068151,0.0,100.0
30,17,18.81488772222678,0.0,100.0,20.149441679609886,0.0,100.0,20.024984394500787,0.0,100.0
30,18,13.92838827718412,0.0,100.0,26.720778431774775,0.0,100.0,19.519221295943137,0.0,100.0
30,19,20.024984394500787,0.0,100.0,25.317977802344327,0.0,100.0,24.289915602982237,0.0,100.0
30,20,14.071247279470288,0.0,100.0,30.166206257996713,0.0,100.0,22.38302928559939,0.0,100.0
30,21,11.489125293076057,0.0,100.0,16.492422502470642,0.0,100.0,13.892443989449804,0.0,100.0
30,22,25.0,0.0,100.0,17.291616465790582,0.0,100.0,27.586228448267445,0.0,100.0
30,23,15.297058540778355,0.0,100.0,22.38302928559939,0.0,100.0,22.045407685048602,0.0,100.0
30,24,19.72308292331602,0.0,100.0,13.892443989449804,0.0,100.0,15.297058540778355,0.0,100.0
30,25,11.489125293076057,0.0,100.0,22.9128784747792,0.0,100.0,12.84523257866513,0.0,100.0
30,26,25.80697580112788,0.0,100.0,19.261360284258224,0.0,100.0,8.602325267042627,0.0,100.0
30,27,27.367864366808018,0.0,100.0,17.378147196982766,0.0,100.0,20.615528128088304,0.0,100.0
30,28,16.431676725154983,0.0,100.0,21.37755832643195,0.0,100.0,19.87460691435179,0.0,100.0
30,29,25.495097567963924,0.0,100.0,4.358898943540674,0.0,100.0,24.166091947189145,0.0,100.0
30,30,23.345235059857504,0.0,100.0,26.476404589747453,0.0,100.0,17.4928556845359,0.0,100.0
30,31,16.61324772583615,0.0,100.0,5.477225575051661,0.0,100.0,6.48074069840786,0.0,100.0
30,32,27.349588662354687,0.0,100.0,15.937377450509228,0.0,100.0,25.079872407968907,0.0,100.0
30,33,21.77154105707724,0.0,100.0,10.488088481701515,0.0,100.0,15.7797338380595,0.0,100.0
30,34,18.49324200890693,0.0,100.0,11.224972160321824,0.0,100.0,17.69180601295413,0.0,100.0
30,35,9.643650760992955,0.0,100.0,18.57417562100671,0.0,100.0,17.378147196982766,0.0,100.0
30,36,12.083045973594572,0.0,100.0,23.600847442411894,0.0,100.0,14.491376746189438,0.0,100.0
30,37,23.790754506740637,0.0,100.0,3.3166247903554,0.0,100.0,24.124676163629637,0.0,100.0
30,38,7.3484692283495345,0.0,100.0,29.086079144497972,0.0,100.0,21.748563170931547,0.0,100.0
30,39,20.346989949375804,0.0,100.0,18.894443627691185,0.0,100.0,22.22611077089287,0.0,100.0
30,40,23.021728866442675,0.0,100.0,19.339079605813716,0.0,100.0,16.401219466856727,0.0,100.0
30,41,23.790754506740637,0.0,100.0,25.079872407968907,0.0,100.0,18.466185312619388,0.0,100.0
30,42,13.601470508735444,0.0,100.0,12.36931687685298,0.0,100.0,17.74823934929885,0.0,100.0
30,43,21.118712081942874,0.0,100.0,19.621416870348583,0.0,100.0,20.639767440550294,0.0,100.0
30,44,16.822603841260722,0.0,100.0,21.6794833886788,0.0,100.0,15.427248620541512,0.0,100.0
30,45,14.491376746189438,0.0,100.0,29.017236257093817,0.0,100.0,18.81488772222678,0.0,100.0
30,46,19.261360284258224,0.0,100.0,20.46948949045872,0.0,100.0,26.095976701399778,0.0,100.0
30,47,9.273618495495704,0.0,100.0,17.0,0.0,100.0,22.9128784747792,0.0,100.0
30,48,20.615528128088304,0.0,100.0,21.97726097583591,0.0,100.0,14.071247279470288,0.0,100.0
30,49,19.544820285692065,0.0,100.0,15.84297951775486,0.0,100.0,22.561028345356956,0.0,100.0
30,50,24.61706725018234,0.0,100.0,10.44030650891055,0.0,100.0,13.038404810405298,0.0,100.0
30,51,15.620499351813308,0.0,100.0,14.352700094407323,0.0,100.0,21.97726097583591,0.0,100.0
30,52,9.0,0.0,100.0,30.675723300355934,0.0,100.0,20.074859899884732,0.0,100.0
30,53,23.065125189341593,0.0,100.0,11.575836902790225,0.0,100.0,20.42057785666214,0.0,100.0
30,54,25.826343140289914,0.0,100.0,11.874342087037917,0.0,100.0,17.46424919657298,0.0,100.0
30,55,17.4928556845359,0.0,100.0,28.722813232690143,0.0,100.0,18.05547008526779,0.0,100.0
30,56,9.643650760992955,0.0,100.0,11.045361017187261,0.0,100.0,11.74734012447073,0.0,100.0
30,57,15.297058540778355,0.0,100.0,27.76688675382964,0.0,100.0,8.306623862918075,0.0,100.0
30,58,23.366642891095847,0.0,100.0,7.810249675906654,0.0,100.0,20.09975124224178,0.0,100.0
30,59,17.72004514666935,0.0,100.0,24.124676163629637,0.0,100.0,12.24744871391589,0.0,100.0
30,60,28.460498941515414,0.0,100.0,17.029386365926403,0.0,100.0,13.19090595827292,0.0,100.0
30,61,25.019992006393608,0.0,100.0,22.11334438749598,0.0,100.0,14.035668847618199,0.0,100.0
30,62,14.317821063276353,0.0,100.0,27.2213151776324,0.0,100.0,25.15949125081825,0.0,100.0
30,63,9.1104335791443,0.0,100.0,22.045407685048602,0.0,100.0,24.392621835300936,0.0,100.0
31,0,11.575836902790225,0.0,100.0,16.401219466856727,0.0,100.0,16.06237840420901,0.0,100.0
31,1,22.561028345356956,0.0,100.0,18.24828759089466,0.0,100.0,16.64331697709324,0.0,100.0
31,2,20.71231517720798,0.0,100.0,21.18962010041709,0.0,100.0,22.045407685048602,0.0,100.0
31,3,27.03701166919155,0.0,100.0,21.6794833886788,0.0,100.0,20.049937655763422,0.0,100.0
31,4,29.223278392404914,0.0,100.0,18.384776310850235,0.0,100.0,18.788294228055936,0.0,100.0
31,5,24.758836806279895,0.0,100.0,18.601075237738275,0.0,100.0,18.275666882497067,0.0,100.0
31,6,8.54400374531753,0.0,100.0,21.95449840010015,0.0,100.0,13.45362404707371,0.0,100.0
31,7,26.60826939130014,0.0,100.0,24.71841418861655,0.0,100.0,22.737634001804146,0.0,100.0
31,8,20.46948949045872,0.0,100.0,15.684387141358123,0.0,100.0,5.385164807134504,0.0,100.0
31,9,14.89966442575134,0.0,100.0,20.615528128088304,0.0,100.0,22.315913604421397,0.0,100.0
31,10,16.822603841260722,0.0,100.0,17.97220075561143,0.0,100.0,27.018512172212592,0.0,100.0
31,11,21.470910553583888,0.0,100.0,25.079872407968907,0.0,100.0,13.379088160259652,0.0,100.0
31,12,20.615528128088304,0.0,100.0,25.632011235952593,0.0,100.0,25.88435821108957,0.0,100.0
31,13,20.73644135332772,0.0,100.0,18.110770276274835,0.0,100.0,17.029386365926403,0.0,100.0
31,14,24.166091947189145,0.0,100.0,24.1039415863879,0.0,100.0,9.695359714832659,0.0,100.0
31,15,18.57417562100671,0.0,100.0,22.759613353482084,0.0,100.0,28.792360097775937,0.0,100.0
31,16,28.142494558940577,0.0,100.0,27.477263328068172,0.0,100.0,21.77154105707724,0.0,100.0
31,17,20.639767440550294,0.0,100.0,12.449899597988733,0.0,100.0,12.68857754044952,0.0,100.0
31,18,18.920887928424502,0.0,100.0,26.758176320519304,0.0,100.0,5.477225575051661,0.0,100.0
31,19,21.02379604162864,0.0,100.0,16.401219466856727,0.0,100.0,14.0,0.0,100.0
31,20,15.620499351813308,0.0,100.0,23.0,0.0,100.0,20.615528128088304,0.0,100.0
31,21,21.213203435596427,0.0,100.0,19.467922333931785,0.0,100.0,24.413111231467404,0.0,100.0
31,22,18.275666882497067,0.0,100.0,10.488088481701515,0.0,100.0,22.58317958127243,0.0,100.0
31,23,15.394804318340652,0.0,100.0,18.466185312619388,0.0,100.0,15.297058540778355,0.0,100.0
31,24,18.439088914585774,0.0,100.0,21.494185260204677,0.0,100.0,13.490737563232042,0.0,100.0
31,25,24.839484696748443,0.0,100.0,12.165525060596439,0.0,100.0,24.372115213907882,0.0,100.0
31,26,20.445048300260872,0.0,100.0,12.041594578792296,0.0,100.0,26.248809496813376,0.0,100.0
31,27,21.6794833886788,0.0,100.0,19.026297590440446,0.0,100.0,19.0,0.0,100.0
31,28,18.33030277982336,0.0,100.0,11.357816691600547,0.0,100.0,13.92838827718412,0.0,100.0
31,29,23.853720883753127,0.0,100.0,18.49324200890693,0.0,100.0,17.291616465790582,0.0,100.0
31,30,22.67156809750927,0.0,100.0,22.135943621178654,0.0,100.0,12.206555615733702,0.0,100.0
31,31,20.71231517720798,0.0,100.0,9.433981132056603,0.0,100.0,25.80697580112788,0.0,100.0
31,32,17.11724276862369,0.0,100.0,19.621416870348583,0.0,100.0,20.346989949375804,0.0,100.0
31,33,15.556349186104045,0.0,100.0,16.55294535724685,0.0,100.0,24.124676163629637,0.0,100.0
31,34,16.492422502470642,0.0,100.0,26.77685567799177,0.0,100.0,27.53179979587241,0.0,100.0
31,35,19.209372712298546,0.0,100.0,19.544820285692065,0.0,100.0,16.911534525287763,0.0,100.0
31,36,15.84297951775486,0.0,100.0,15.7797338380595,0.0,100.0,22.315913604421397,0.0,100.0
31,37,15.652475842498529,0.0,100.0,8.660254037844387,0.0,100.0,15.937377450509228,0.0,100.0
31,38,19.672315572906,0.0,100.0,11.916375287812984,0.0,100.0,13.601470508735444,0.0,100.0
31,39,13.19090595827292,0.0,100.0,18.0,0.0,100.0,29.58039891549808,0.0,100.0
31,40,19.026297590440446,0.0,100.0,18.0,0.0,100.0,25.514701644346147,0.0,100.0
31,41,25.199206336708304,0.0,100.0,19.1049731745428,0.0,100.0,11.180339887498949,0.0,100.0
31,42,11.661903789690601,0.0,100.0,19.87460691435179,0.0,100.0,9.695359714832659,0.0,100.0
31,43,14.142135623730951,0.0,100.0,15.524174696260024,0.0,100.0,25.67099530598687,0.0,100.0
31,44,26.248809496813376,0.0,100.0,25.15949125081825,0.0,100.0,19.339079605813716,0.0,100.0
31,45,28.337254630609507,0.0,100.0,24.677925358506133,0.0,100.0,14.491376746189438,0.0,100.0
31,46,13.19090595827292,0.0,100.0,13.038404810405298,0.0,100.0,4.58257569495584,0.0,100.0
31,47,20.8806130178211,0.0,100.0,21.236760581595302,0.0,100.0,20.09975124224178,0.0,100.0
31,48,24.839484696748443,0.0,100.0,23.68543856465402,0.0,100.0,27.60434748368452,0.0,100.0
31,49,7.483314773547883,0.0,100.0,17.549928774784245,0.0,100.0,12.041594578792296,0.0,100.0
31,50,14.866068747318506,0.0,100.0,29.427877939124322,0.0,100.0,21.840329667841555,0.0,100.0
31,51,16.673332000533065,0.0,100.0,29.478805945967352,0.0,100.0,13.92838827718412,0.0,100.0
31,52,11.916375287812984,0.0,100.0,20.09975124224178,0.0,100.0,25.0,0.0,100.0
31,53,19.235384061671343,0.0,100.0,20.8806130178211,0.0,100.0,28.337254630609507,0.0,100.0
31,54,26.70205984563738,0.0,100.0,11.357816691600547,0.0,100.0,17.291616465790582,0.0,100.0
31,55,14.52583904633395,0.0,100.0,19.748417658131498,0.0,100.0,17.291616465790582,0.0,100.0
31,56,12.884098726725126,0.0,100.0,15.231546211727817,0.0,100.0,20.248456731316587,0.0,100.0
31,57,12.12435565298214,0.0,100.0,19.949937343260004,0.0,100.0,21.18962010041709,0.0,100.0
31,58,27.2213151776324,0.0,100.0,5.385164807134504,0.0,100.0,17.05872210923198,0.0,100.0
31,59,18.867962264113206,0.0,100.0,15.84297951775486,0.0,100.0,18.547236990991408,0.0,100.0
31,60,17.05872210923198,0.0,100.0,20.024984394500787,0.0,100.0,14.2828568570857,0.0,100.0
31,61,9.0,0.0,100.0,20.85665361461421,0.0,100.0,27.018512172212592,0.0,100.0
31,62,16.09347693943108,0.0,100.0,19.72308292331602,0.0,100.0,20.024984394500787,0.0,100.0
31,63,13.416407864998739,0.0,100.0,17.60681686165901,0.0,100.0,13.638181696985855,0.0,100.0
32,0,22.045407685048602,0.0,100.0,12.36931687685298,0.0,100.0,23.664319132398465,0.0,100.0
32,1,24.758836806279895,0.0,100.0,10.198039027185569,0.0,100.0,15.297058540778355,0.0,100.0
32,2,20.73644135332772,0.0,100.0,21.6794833886788,0.0,100.0,24.228082879171435,0.0,100.0
32,3,16.61324772583615,0.0,100.0,21.118712081942874,0.0,100.0,22.11334438749598,0.0,100.0
32,4,9.486832980505138,0.0,100.0,13.45362404707371,0.0,100.0,14.866068747318506,0.0,100.0
32,5,15.652475842498529,0.0,100.0,10.816653826391969,0.0,100.0,20.346989949375804,0.0,100.0
32,6,22.494443758403985,0.0,100.0,26.248809496813376,0.0,100.0,24.041630560342615,0.0,100.0
32,7,15.652475842498529,0.0,100.0,24.269322199023193,0.0,100.0,16.401219466856727,0.0,100.0
32,8,22.516660498395403,0.0,100.0,16.15549442140351,0.0,100.0,21.470910553583888,0.0,100.0
32,9,17.291616465790582,0.0,100.0,6.782329983125268,0.0,100.0,17.578395831246947,0.0,100.0
32,10,24.71841418861655,0.0,100.0,19.4164878389476,0.0,100.0,20.024984394500787,0.0,100.0
32,11,17.72004514666935,0.0,100.0,20.0,0.0,100.0,20.049937655763422,0.0,100.0
32,12,21.79449471770337,0.0,100.0,6.4031242374328485,0.0,100.0,18.973665961010276,0.0,100.0
32,13,20.024984394500787,0.0,100.0,4.898979485566356,0.0,100.0,11.224972160321824,0.0,100.0
32,14,21.79449471770337,0.0,100.0,18.57417562100671,0.0,100.0,16.792855623746664,0.0,100.0
32,15,18.681541692269406,0.0,100.0,19.87460691435179,0.0,100.0,22.22611077089287,0.0,100.0
32,16,18.05547008526779,0.0,100.0,12.328828005937952,0.0,100.0,12.806248474865697,0.0,100.0
32,17,25.80697580112788,0.0,100.0,18.0,0.0,100.0,22.67156809750927,0.0,100.0
32,18,25.019992006393608,0.0,100.0,15.0,0.0,100.0,16.492422502470642,0.0,100.0
32,19,9.539392014169456,0.0,100.0,21.840329667841555,0.0,100.0,8.306623862918075,0.0,100.0
32,20,18.681541692269406,0.0,100.0,27.586228448267445,0.0,100.0,27.294688127912362,0.0,100.0
32,21,9.848857801796104,0.0,100.0,7.14142842854285,0.0,100.0,9.695359714832659,0.0,100.0
32,22,22.0,0.0,100.0,17.204650534085253,0.0,100.0,27.477263328068172,0.0,100.0
32,23,22.825424421026653,0.0,100.0,20.639767440550294,0.0,100.0,19.8997487421324,0.0,100.0
32,24,19.949937343260004,0.0,100.0,24.06241883103193,0.0,100.0,12.449899597988733,0.0,100.0
32,25,23.62202362203543,0.0,100.0,24.124676163629637,0.0,100.0,14.7648230602334,0.0,100.0
32,26,19.313207915827967,0.0,100.0,20.615528128088304,0.0,100.0,20.92844953645635,0.0,100.0
32,27,19.235384061671343,0.0,100.0,16.278820596099706,0.0,100.0,24.124676163629637,0.0,100.0
32,28,15.362291495737216,0.0,100.0,15.937377450509228,0.0,100.0,22.40535650240808,0.0,100.0
32,29,26.720778431774775,0.0,100.0,14.247806848775006,0.0,100.0,14.071247279470288,0.0,100.0
32,30,18.027756377319946,0.0,100.0,22.02271554554524,0.0,100.0,21.118712081942874,0.0,100.0
32,31,23.345235059857504,0.0,100.0,14.730919862656235,0.0,100.0,15.033296378372908,0.0,100.0
32,32,12.083045973594572,0.0,100.0,21.77154105707724,0.0,100.0,24.289915602982237,0.0,100.0
32,33,24.919871588754223,0.0,100.0,23.558437978779494,0.0,100.0,20.615528128088304,0.0,100.0
32,34,15.684387141358123,0.0,100.0,18.681541692269406,0.0,100.0,6.48074069840786,0.0,100.0
32,35,19.209372712298546,0.0,100.0,31.89043743820395,0.0,100.0,8.12403840463596,0.0,100.0
32,36,18.0,0.0,100.0,19.339079605813716,0.0,100.0,21.2602916254693,0.0,100.0
32,37,16.0,0.0,100.0,16.0312195418814,0.0,100.0,20.346989949375804,0.0,100.0
32,38,11.532562594670797,0.0,100.0,15.937377450509228,0.0,100.0,9.643650760992955,0.0,100.0
32,39,10.816653826391969,0.0,100.0,19.339079605813716,0.0,100.0,22.293496809607955,0.0,100.0
32,40,6.557438524302,0.0,100.0,19.209372712298546,0.0,100.0,23.043437243605826,0.0,100.0
32,41,24.351591323771842,0.0,100.0,10.816653826391969,0.0,100.0,18.138357147217054,0.0,100.0
32,42,7.0,0.0,100.0,8.06225774829855,0.0,100.0,27.09243436828813,0.0,100.0
32,43,17.72004514666935,0.0,100.0,20.322401432901575,0.0,100.0,24.1039415863879,0.0,100.0
32,44,22.516660498395403,0.0,100.0,24.166091947189145,0.0,100.0,17.46424919657298,0.0,100.0
32,45,14.7648230602334,0.0,100.0,14.071247279470288,0.0,100.0,21.6794833886788,0.0,100.0
32,46,8.246211251235321,0.0,100.0,18.601075237738275,0.0,100.0,24.61706725018234,0.0,100.0
32,47,24.08318915758459,0.0,100.0,13.564659966250536,0.0,100.0,19.390719429665317,0.0,100.0
32,48,20.83266665599966,0.0,100.0,20.199009876724155,0.0,100.0,25.80697580112788,0.0,100.0
32,49,24.758836806279895,0.0,100.0,24.0,0.0,100.0,20.46948949045872,0.0,100.0
32,50,21.633307652783937,0.0,100.0,21.02379604162864,0.0,100.0,18.24828759089466,0.0,100.0
32,51,26.343879744638983,0.0,100.0,14.89966442575134,0.0,100.0,9.433981132056603,0.0,100.0
32,52,14.177446878757825,0.0,100.0,19.0,0.0,100.0,12.84523257866513,0.0,100.0
32,53,15.033296378372908,0.0,100.0,25.079872407968907,0.0,100.0,15.524174696260024,0.0,100.0
32,54,22.20360331117452,0.0,100.0,11.575836902790225,0.0,100.0,12.449899597988733,0.0,100.0
32,55,24.899799195977465,0.0,100.0,25.238858928247925,0.0,100.0,13.45362404707371,0.0,100.0
32,56,20.808652046684813,0.0,100.0,18.138357147217054,0.0,100.0,19.0,0.0,100.0
32,57,19.261360284258224,0.0,100.0,16.76305461424021,0.0,100.0,13.74772708486752,0.0,100.0
32,58,24.06241883103193,0.0,100.0,23.345235059857504,0.0,100.0,23.958297101421877,0.0,100.0
32,59,18.708286933869708,0.0,100.0,21.118712081942874,0.0,100.0,16.522711641858304,0.0,100.0
32,60,4.58257569495584,0.0,100.0,20.223748416156685,0.0,100.0,21.61018278497431,0.0,100.0
32,61,19.261360284258224,0.0,100.0,20.97617696340303,0.0,100.0,16.911534525287763,0.0,100.0
32,62,7.874007874011811,0.0,100.0,14.594519519326424,0.0,100.0,23.15167380558045,0.0,100.0
32,63,17.11724276862369,0.0,100.0,7.615773105863909,0.0,100.0,23.769728648009426,0.0,100.0
33,0,16.15549442140351,0.0,100.0,14.866068747318506,0.0,100.0,18.16590212458495,0.0,100.0
33,1,19.261360284258224,0.0,100.0,27.367864366808018,0.0,100.0,22.561028345356956,0.0,100.0
33,2,19.672315572906,0.0,100.0,23.15167380558045,0.0,100.0,17.320508075688775,0.0,100.0
33,3,18.24828759089466,0.0,100.0,16.30950643030009,0.0,100.0,18.466185312619388,0.0,100.0
33,4,20.024984394500787,0.0,100.0,18.027756377319946,0.0,100.0,24.269322199023193,0.0,100.0
33,5,26.90724809414742,0.0,100.0,15.264337522473747,0.0,100.0,16.431676725154983,0.0,100.0
33,6,19.519221295943137,0.0,100.0,23.345235059857504,0.0,100.0,19.0,0.0,100.0
33,7,23.280893453645632,0.0,100.0,22.15851980616034,0.0,100.0,14.594519519326424,0.0,100.0
33,8,17.97220075561143,0.0,100.0,16.583123951777,0.0,100.0,28.035691537752374,0.0,100.0
33,9,15.811388300841896,0.0,100.0,16.522711641858304,0.0,100.0,18.601075237738275,0.0,100.0
33,10,23.15167380558045,0.0,100.0,9.273618495495704,0.0,100.0,20.248456731316587,0.0,100.0
33,11,11.357816691600547,0.0,100.0,15.84297951775486,0.0,100.0,19.209372712298546,0.0,100.0
33,12,5.0,0.0,100.0,19.748417658131498,0.0,100.0,10.04987562112089,0.0,100.0
33,13,21.540659228538015,0.0,100.0,19.026297590440446,0.0,100.0,14.730919862656235,0.0,100.0
33,14,17.05872210923198,0.0,100.0,22.58317958127243,0.0,100.0,27.0,0.0,100.0
33,15,21.095023109728988,0.0,100.0,28.035691537752374,0.0,100.0,16.911534525287763,0.0,100.0
33,16,22.715633383201094,0.0,100.0,18.138357147217054,0.0,100.0,6.4031242374328485,0.0,100.0
33,17,25.079872407968907,0.0,100.0,17.72004514666935,0.0,100.0,21.840329667841555,0.0,100.0
33,18,23.53720459187964,0.0,100.0,29.154759474226502,0.0,100.0,21.540659228538015,0.0,100.0
33,19,24.166091947189145,0.0,100.0,17.916472867168917,0.0,100.0,12.36931687685298,0.0,100.0
33,20,12.409673645990857,0.0,100.0,22.315913604421397,0.0,100.0,23.0,0.0,100.0
33,21,15.165750888103101,0.0,100.0,31.20897306865447,0.0,100.0,10.488088481701515,0.0,100.0
33,22,16.3707055437449,0.0,100.0,16.97056274847714,0.0,100.0,25.98076211353316,0.0,100.0
33,23,13.74772708486752,0.0,100.0,25.69046515733026,0.0,100.0,26.095976701399778,0.0,100.0
33,24,20.71231517720798,0.0,100.0,18.0,0.0,100.0,12.083045973594572,0.0,100.0
33,25,21.470910553583888,0.0,100.0,18.05547008526779,0.0,100.0,18.384776310850235,0.0,100.0
33,26,13.379088160259652,0.0,100.0,6.164414002968976,0.0,100.0,17.029386365926403,0.0,100.0
33,27,23.45207879911715,0.0,100.0,12.206555615733702,0.0,100.0,25.632011235952593,0.0,100.0
33,28,20.46948949045872,0.0,100.0,25.079872407968907,0.0,100.0,28.948229652260256,0.0,100.0
33,29,21.840329667841555,0.0,100.0,28.372521918222215,0.0,100.0,21.0,0.0,100.0
33,30,15.362291495737216,0.0,100.0,14.45683229480096,0.0,100.0,23.62202362203543,0.0,100.0
33,31,21.61018278497431,0.0,100.0,16.431676725154983,0.0,100.0,18.49324200890693,0.0,100.0
33,32,19.4164878389476,0.0,100.0,22.67156809750927,0.0,100.0,21.37755832643195,0.0,100.0
33,33,2.23606797749979,0.0,100.0,4.69041575982343,0.0,100.0,23.53720459187964,0.0,100.0
33,34,21.470910553583888,0.0,100.0,13.45362404707371,0.0,100.0,14.45683229480096,0.0,100.0
33,35,20.09975124224178,0.0,100.0,19.235384061671343,0.0,100.0,19.621416870348583,0.0,100.0
33,36,27.2213151776324,0.0,100.0,21.72556098240043,0.0,100.0,23.08679276123039,0.0,100.0
33,37,17.578395831246947,0.0,100.0,25.729360660537214,0.0,100.0,22.737634001804146,0.0,100.0
33,38,14.7648230602334,0.0,100.0,16.401219466856727,0.0,100.0,28.513154858766505,0.0,100.0
33,39,15.84297951775486,0.0,100.0,19.519221295943137,0.0,100.0,14.177446878757825,0.0,100.0
33,40,21.18962010041709,0.0,100.0,24.392621835300936,0.0,100.0,14.730919862656235,0.0,100.0
33,41,22.20360331117452,0.0,100.0,11.916375287812984,0.0,100.0,23.62202362203543,0.0,100.0
33,42,23.021728866442675,0.0,100.0,24.535688292770594,0.0,100.0,17.916472867168917,0.0,100.0
33,43,19.1049731745428,0.0,100.0,20.615528128088304,0.0,100.0,14.52583904633395,0.0,100.0
33,44,16.0312195418814,0.0,100.0,15.165750888103101,0.0,100.0,16.822603841260722,0.0,100.0
33,45,22.181073012818835,0.0,100.0,22.090722034374522,0.0,100.0,21.118712081942874,0.0,100.0
33,46,20.024984394500787,0.0,100.0,23.62202362203543,0.0,100.0,25.573423705088842,0.0,100.0
33,47,23.345235059857504,0.0,100.0,25.729360660537214,0.0,100.0,21.656407827707714,0.0,100.0
33,48,12.767145334803704,0.0,100.0,22.494443758403985,0.0,100.0,23.790754506740637,0.0,100.0
33,49,24.1039415863879,0.0,100.0,14.035668847618199,0.0,100.0,14.071247279470288,0.0,100.0
33,50,18.466185312619388,0.0,100.0,19.131126469708992,0.0,100.0,22.9128784747792,0.0,100.0
33,51,22.494443758403985,0.0,100.0,15.297058540778355,0.0,100.0,17.72004514666935,0.0,100.0
33,52,23.065125189341593,0.0,100.0,15.066519173319364,0.0,100.0,15.394804318340652,0.0,100.0
33,53,22.11334438749598,0.0,100.0,21.470910553583888,0.0,100.0,21.095023109728988,0.0,100.0
33,54,24.919871588754223,0.0,100.0,22.759613353482084,0.0,100.0,15.297058540778355,0.0,100.0
33,55,28.0178514522438,0.0,100.0,19.44222209522358,0.0,100.0,18.0,0.0,100.0
33,56,26.038433132583073,0.0,100.0,18.81488772222678,0.0,100.0,21.400934559032695,0.0,100.0
33,57,18.601075237738275,0.0,100.0,18.708286933869708,0.0,100.0,18.973665961010276,0.0,100.0
33,58,19.209372712298546,0.0,100.0,25.15949125081825,0.0,100.0,19.467922333931785,0.0,100.0
33,59,19.0,0.0,100.0,12.449899597988733,0.0,100.0,19.8997487421324,0.0,100.0
33,60,24.535688292770594,0.0,100.0,12.24744871391589,0.0,100.0,16.06237840420901,0.0,100.0
33,61,18.16590212458495,0.0,100.0,13.784048752090222,0.0,100.0,13.19090595827292,0.0,100.0
33,62,19.8997487421324,0.0,100.0,29.58039891549808,0.0,100.0,17.578395831246947,0.0,100.0
33,63,24.289915602982237,0.0,100.0,23.45207879911715,0.0,100.0,5.385164807134504,0.0,100.0
34,0,27.748873851023216,0.0,100.0,16.911534525287763,0.0,100.0,21.307275752662516,0.0,100.0
34,1,18.973665961010276,0.0,100.0,23.40939982143925,0.0,100.0,18.2208671582886,0.0,100.0
34,2,15.066519173319364,0.0,100.0,17.320508075688775,0.0,100.0,23.0,0.0,100.0
34,3,21.470910553583888,0.0,100.0,20.92844953645635,0.0,100.0,10.04987562112089,0.0,100.0
34,4,16.431676725154983,0.0,100.0,21.470910553583888,0.0,100.0,17.029386365926403,0.0,100.0
34,5,25.079872407968907,0.0,100.0,24.228082879171435,0.0,100.0,9.273618495495704,0.0,100.0
34,6,20.12461179749811,0.0,100.0,11.874342087037917,0.0,100.0,16.76305461424021,0.0,100.0
34,7,16.61324772583615,0.0,100.0,16.822603841260722,0.0,100.0,13.674794331177344,0.0,100.0
34,8,19.79898987322333,0.0,100.0,22.181073012818835,0.0,100.0,31.76476034853718,0.0,100.0
34,9,18.867962264113206,0.0,100.0,7.54983443527075,0.0,100.0,21.02379604162864,0.0,100.0
34,10,18.24828759089466,0.0,100.0,16.06237840420901,0.0,100.0,15.297058540778355,0.0,100.0
34,11,25.729360660537214,0.0,100.0,23.15167380558045,0.0,100.0,18.920887928424502,0.0,100.0
34,12,22.293496809607955,0.0,100.0,21.748563170931547,0.0,100.0,20.46948949045872,0.0,100.0
34,13,18.110770276274835,0.0,100.0,22.293496809607955,0.0,100.0,15.684387141358123,0.0,100.0
34,14,19.748417658131498,0.0,100.0,21.354156504062622,0.0,100.0,24.839484696748443,0.0,100.0
34,15,21.307275752662516,0.0,100.0,24.535688292770594,0.0,100.0,29.58039891549808,0.0,100.0
34,16,24.535688292770594,0.0,100.0,11.789826122551595,0.0,100.0,13.74772708486752,0.0,100.0
34,17,20.493901531919196,0.0,100.0,19.519221295943137,0.0,100.0,19.748417658131498,0.0,100.0
34,18,21.587033144922902,0.0,100.0,26.476404589747453,0.0,100.0,20.663978319771825,0.0,100.0
34,19,29.546573405388315,0.0,100.0,19.235384061671343,0.0,100.0,6.4031242374328485,0.0,100.0
34,20,18.76166303929372,0.0,100.0,15.033296378372908,0.0,100.0,14.071247279470288,0.0,100.0
34,21,8.54400374531753,0.0,100.0,18.24828759089466,0.0,100.0,24.919871588754223,0.0,100.0
34,22,12.84523257866513,0.0,100.0,7.615773105863909,0.0,100.0,18.384776310850235,0.0,100.0
34,23,12.68857754044952,0.0,100.0,24.124676163629637,0.0,100.0,13.638181696985855,0.0,100.0
34,24,11.575836902790225,0.0,100.0,18.027756377319946,0.0,100.0,18.138357147217054,0.0,100.0
34,25,11.357816691600547,0.0,100.0,18.384776310850235,0.0,100.0,21.307275752662516,0.0,100.0
34,26,17.549928774784245,0.0,100.0,25.98076211353316,0.0,100.0,25.573423705088842,0.0,100.0
34,27,14.45683229480096,0.0,100.0,6.164414002968976,0.0,100.0,19.28730152198591,0.0,100.0
34,28,22.561028345356956,0.0,100.0,24.939927826679853,0.0,100.0,24.372115213907882,0.0,100.0
34,29,19.339079605813716,0.0,100.0,19.849433241279208,0.0,100.0,12.68857754044952,0.0,100.0
34,30,7.874007874011811,0.0,100.0,24.899799195977465,0.0,100.0,13.341664064126334,0.0,100.0
34,31,15.524174696260024,0.0,100.0,22.58317958127243,0.0,100.0,19.621416870348583,0.0,100.0
34,32,16.278820596099706,0.0,100.0,26.476404589747453,0.0,100.0,20.591260281974,0.0,100.0
34,33,8.12403840463596,0.0,100.0,28.478061731796284,0.0,100.0,26.77685567799177,0.0,100.0
34,34,21.72556098240043,0.0,100.0,20.149441679609886,0.0,100.0,15.165750888103101,0.0,100.0
34,35,18.138357147217054,0.0,100.0,15.937377450509228,0.0,100.0,18.894443627691185,0.0,100.0
34,36,18.384776310850235,0.0,100.0,23.853720883753127,0.0,100.0,15.748015748023622,0.0,100.0
34,37,24.124676163629637,0.0,100.0,16.278820596099706,0.0,100.0,17.46424919657298,0.0,100.0
34,38,15.811388300841896,0.0,100.0,17.72004514666935,0.0,100.0,26.476404589747453,0.0,100.0
34,39,16.822603841260722,0.0,100.0,16.673332000533065,0.0,100.0,19.209372712298546,0.0,100.0
34,40,17.233687939614086,0.0,100.0,18.867962264113206,0.0,100.0,18.49324200890693,0.0,100.0
34,41,22.11334438749598,0.0,100.0,25.37715508089904,0.0,100.0,22.20360331117452,0.0,100.0
34,42,11.575836902790225,0.0,100.0,26.13426869074396,0.0,100.0,22.22611077089287,0.0,100.0
34,43,19.209372712298546,0.0,100.0,11.313708498984761,0.0,100.0,23.108440016582687,0.0,100.0
34,44,14.560219778561036,0.0,100.0,18.81488772222678,0.0,100.0,15.132745950421556,0.0,100.0
34,45,21.283796653792763,0.0,100.0,19.390719429665317,0.0,100.0,17.46424919657298,0.0,100.0
34,46,13.784048752090222,0.0,100.0,18.867962264113206,0.0,100.0,24.269322199023193,0.0,100.0
34,47,20.615528128088304,0.0,100.0,23.2163735324878,0.0,100.0,21.0,0.0,100.0
34,48,10.04987562112089,0.0,100.0,12.206555615733702,0.0,100.0,14.035668847618199,0.0,100.0
34,49,24.779023386727733,0.0,100.0,17.97220075561143,0.0,100.0,20.639767440550294,0.0,100.0
34,50,9.848857801796104,0.0,100.0,7.14142842854285,0.0,100.0,15.556349186104045,0.0,100.0
34,51,12.569805089976535,0.0,100.0,24.228082879171435,0.0,100.0,25.019992006393608,0.0,100.0
34,52,13.92838827718412,0.0,100.0,16.76305461424021,0.0,100.0,20.273134932713294,0.0,100.0
34,53,16.401219466856727,0.0,100.0,27.49545416973504,0.0,100.0,26.92582403567252,0.0,100.0
34,54,19.72308292331602,0.0,100.0,20.784609690826528,0.0,100.0,25.92296279363144,0.0,100.0
34,55,22.090722034374522,0.0,100.0,19.313207915827967,0.0,100.0,19.621416870348583,0.0,100.0
34,56,18.788294228055936,0.0,100.0,20.322401432901575,0.0,100.0,7.810249675906654,0.0,100.0
34,57,10.816653826391969,0.0,100.0,21.470910553583888,0.0,100.0,10.44030650891055,0.0,100.0
34,58,15.684387141358123,0.0,100.0,20.024984394500787,0.0,100.0,25.495097567963924,0.0,100.0
34,59,17.4928556845359,0.0,100.0,13.92838827718412,0.0,100.0,13.74772708486752,0.0,100.0
34,60,8.366600265340756,0.0,100.0,9.433981132056603,0.0,100.0,22.045407685048602,0.0,100.0
34,61,25.475478405713993,0.0,100.0,14.317821063276353,0.0,100.0,20.199009876724155,0.0,100.0
34,62,21.79449471770337,0.0,100.0,21.213203435596427,0.0,100.0,27.676705006196094,0.0,100.0
34,63,14.52583904633395,0.0,100.0,13.74772708486752,0.0,100.0,25.25866188063018,0.0,100.0
35,0,22.64950330581225,0.0,100.0,21.118712081942874,0.0,100.0,9.055385138137417,0.0,100.0
35,1,24.535688292770594,0.0,100.0,25.729360660537214,0.0,100.0,6.708203932499369,0.0,100.0
35,2,16.09347693943108,0.0,100.0,17.944358444926362,0.0,100.0,8.774964387392123,0.0,100.0
35,3,19.313207915827967,0.0,100.0,17.60681686165901,0.0,100.0,10.099504938362077,0.0,100.0
35,4,20.248456731316587,0.0,100.0,14.212670403551895,0.0,100.0,18.16590212458495,0.0,100.0
35,5,4.123105625617661,0.0,100.0,11.357816691600547,0.0,100.0,27.16615541441225,0.0,100.0
35,6,14.247806848775006,0.0,100.0,15.620499351813308,0.0,100.0,20.688160865577203,0.0,100.0
35,7,25.079872407968907,0.0,100.0,21.93171219946131,0.0,100.0,20.71231517720798,0.0,100.0
35,8,5.0990195135927845,0.0,100.0,13.341664064126334,0.0,100.0,23.280893453645632,0.0,100.0
35,9,19.1049731745428,0.0,100.0,15.165750888103101,0.0,100.0,17.72004514666935,0.0,100.0
35,10,14.177446878757825,0.0,100.0,23.366642891095847,0.0,100.0,26.476404589747453,0.0,100.0
35,11,23.62202362203543,0.0,100.0,15.427248620541512,0.0,100.0,27.568097504180443,0.0,100.0
35,12,25.079872407968907,0.0,100.0,13.038404810405298,0.0,100.0,10.0,0.0,100.0
35,13,22.494443758403985,0.0,100.0,22.825424421026653,0.0,100.0,12.0,0.0,100.0
35,14,15.0,0.0,100.0,22.22611077089287,0.0,100.0,8.602325267042627,0.0,100.0
35,15,16.401219466856727,0.0,100.0,21.18962010041709,0.0,100.0,16.431676725154983,0.0,100.0
35,16,21.863211109075447,0.0,100.0,15.297058540778355,0.0,100.0,24.939927826679853,0.0,100.0
35,17,24.61706725018234,0.0,100.0,13.19090595827292,0.0,100.0,16.61324772583615,0.0,100.0
35,18,19.235384061671343,0.0,100.0,20.688160865577203,0.0,100.0,15.7797338380595,0.0,100.0
35,19,8.306623862918075,0.0,100.0,19.078784028338912,0.0,100.0,26.095976701399778,0.0,100.0
35,20,22.315913604421397,0.0,100.0,20.074859899884732,0.0,100.0,16.401219466856727,0.0,100.0
35,21,17.578395831246947,0.0,100.0,16.881943016134134,0.0,100.0,12.0,0.0,100.0
35,22,15.937377450509228,0.0,100.0,26.248809496813376,0.0,100.0,22.561028345356956,0.0,100.0
35,23,15.84297951775486,0.0,100.0,16.55294535724685,0.0,100.0,20.248456731316587,0.0,100.0
35,24,17.804493814764857,0.0,100.0,15.937377450509228,0.0,100.0,14.866068747318506,0.0,100.0
35,25,21.95449840010015,0.0,100.0,16.278820596099706,0.0,100.0,18.275666882497067,0.0,100.0
35,26,21.213203435596427,0.0,100.0,11.090536506409418,0.0,100.0,21.97726097583591,0.0,100.0
35,27,22.64950330581225,0.0,100.0,21.0,0.0,100.0,9.1104335791443,0.0,100.0
35,28,15.524174696260024,0.0,100.0,19.235384061671343,0.0,100.0,14.352700094407323,0.0,100.0
35,29,11.045361017187261,0.0,100.0,20.663978319771825,0.0,100.0,13.601470508735444,0.0,100.0
35,30,22.20360331117452,0.0,100.0,15.033296378372908,0.0,100.0,20.223748416156685,0.0,100.0
35,31,21.400934559032695,0.0,100.0,10.677078252031311,0.0,100.0,26.645825188948457,0.0,100.0
35,32,21.213203435596427,0.0,100.0,22.58317958127243,0.0,100.0,24.919871588754223,0.0,100.0
35,33,26.076809620810597,0.0,100.0,10.344080432788601,0.0,100.0,21.18962010041709,0.0,100.0
35,34,16.431676725154983,0.0,100.0,23.93741840717165,0.0,100.0,27.03701166919155,0.0,100.0
35,35,19.339079605813716,0.0,100.0,18.384776310850235,0.0,100.0,21.563858652847824,0.0,100.0
35,36,11.575836902790225,0.0,100.0,24.61706725018234,0.0,100.0,11.0,0.0,100.0
35,37,23.874672772626646,0.0,100.0,12.529964086141668,0.0,100.0,23.345235059857504,0.0,100.0
35,38,14.142135623730951,0.0,100.0,15.684387141358123,0.0,100.0,30.298514815086232,0.0,100.0
35,39,15.165750888103101,0.0,100.0,14.798648586948742,0.0,100.0,20.808652046684813,0.0,100.0
35,40,26.43860813280457,0.0,100.0,11.575836902790225,0.0,100.0,8.366600265340756,0.0,100.0
35,41,8.246211251235321,0.0,100.0,19.339079605813716,0.0,100.0,7.0710678118654755,0.0,100.0
35,42,11.045361017187261,0.0,100.0,10.295630140987,0.0,100.0,22.561028345356956,0.0,100.0
35,43,17.804493814764857,0.0,100.0,16.24807680927192,0.0,100.0,17.08800749063506,0.0,100.0
35,44,24.041630560342615,0.0,100.0,20.049937655763422,0.0,100.0,13.45362404707371,0.0,100.0
35,45,27.184554438136374,0.0,100.0,13.74772708486752,0.0,100.0,27.477263328068172,0.0,100.0
35,46,19.1049731745428,0.0,100.0,14.071247279470288,0.0,100.0,12.36931687685298,0.0,100.0
35,47,19.72308292331602,0.0,100.0,12.36931687685298,0.0,100.0,14.594519519326424,0.0,100.0
35,48,17.146428199482248,0.0,100.0,18.466185312619388,0.0,100.0,20.92844953645635,0.0,100.0
35,49,21.400934559032695,0.0,100.0,18.027756377319946,0.0,100.0,17.72004514666935,0.0,100.0
35,50,23.366642891095847,0.0,100.0,19.672315572906,0.0,100.0,16.792855623746664,0.0,100.0
35,51,28.792360097775937,0.0,100.0,24.515301344262525,0.0,100.0,28.0178514522438,0.0,100.0
35,52,17.233687939614086,0.0,100.0,8.306623862918075,0.0,100.0,19.339079605813716,0.0,100.0
35,53,17.146428199482248,0.0,100.0,7.0710678118654755,0.0,100.0,20.42057785666214,0.0,100.0
35,54,12.806248474865697,0.0,100.0,20.049937655763422,0.0,100.0,17.029386365926403,0.0,100.0
35,55,27.85677655436824,0.0,100.0,8.602325267042627,0.0,100.0,13.152946437965905,0.0,100.0
35,56,23.53720459187964,0.0,100.0,16.61324772583615,0.0,100.0,21.6794833886788,0.0,100.0
35,57,11.180339887498949,0.0,100.0,22.67156809750927,0.0,100.0,21.0,0.0,100.0
35,58,7.0,0.0,100.0,14.177446878757825,0.0,100.0,14.866068747318506,0.0,100.0
35,59,26.589471600616662,0.0,100.0,22.293496809607955,0.0,100.0,5.385164807134504,0.0,100.0
35,60,17.74823934929885,0.0,100.0,19.28730152198591,0.0,100.0,21.047565179849187,0.0,100.0
35,61,22.22611077089287,0.0,100.0,19.209372712298546,0.0,100.0,13.638181696985855,0.0,100.0
35,62,13.74772708486752,0.0,100.0,23.93741840717165,0.0,100.0,22.22611077089287,0.0,100.0
35,63,21.118712081942874,0.0,100.0,21.95449840010015,0.0,100.0,24.0,0.0,100.0
36,0,22.715633383201094,0.0,100.0,20.346989949375804,0.0,100.0,17.88854381999832,0.0,100.0
36,1,23.345235059857504,0.0,100.0,27.2213151776324,0.0,100.0,17.4928556845359,0.0,100.0
36,2,23.515952032609693,0.0,100.0,7.0,0.0,100.0,16.30950643030009,0.0,100.0
36,3,17.69180601295413,0.0,100.0,11.090536506409418,0.0,100.0,16.30950643030009,0.0,100.0
36,4,24.269322199023193,0.0,100.0,22.090722034374522,0.0,100.0,15.0,0.0,100.0
36,5,9.899494936611665,0.0,100.0,24.166091947189145,0.0,100.0,22.494443758403985,0.0,100.0
36,6,16.911534525287763,0.0,100.0,21.283796653792763,0.0,100.0,19.748417658131498,0.0,100.0
36,7,21.0,0.0,100.0,20.049937655763422,0.0,100.0,12.24744871391589,0.0,100.0
36,8,30.099833886584822,0.0,100.0,16.673332000533065,0.0,100.0,14.177446878757825,0.0,100.0
36,9,19.621416870348583,0.0,100.0,26.019223662515376,0.0,100.0,18.788294228055936,0.0,100.0
36,10,18.33030277982336,0.0,100.0,19.72308292331602,0.0,100.0,27.09243436828813,0.0,100.0
36,11,5.0990195135927845,0.0,100.0,16.61324772583615,0.0,100.0,23.45207879911715,0.0,100.0
36,12,26.248809496813376,0.0,100.0,15.84297951775486,0.0,100.0,21.95449840010015,0.0,100.0
36,13,21.840329667841555,0.0,100.0,21.400934559032695,0.0,100.0,9.0,0.0,100.0
36,14,22.293496809607955,0.0,100.0,22.090722034374522,0.0,100.0,18.973665961010276,0.0,100.0
36,15,14.866068747318506,0.0,100.0,27.147743920996454,0.0,100.0,22.737634001804146,0.0,100.0
36,16,16.30950643030009,0.0,100.0,12.206555615733702,0.0,100.0,27.76688675382964,0.0,100.0
36,17,13.152946437965905,0.0,100.0,9.273618495495704,0.0,100.0,3.1622776601683795,0.0,100.0
36,18,14.071247279470288,0.0,100.0,11.874342087037917,0.0,100.0,27.76688675382964,0.0,100.0
36,19,24.269322199023193,0.0,100.0,26.43860813280457,0.0,100.0,14.628738838327793,0.0,100.0
36,20,21.42428528562855,0.0,100.0,11.74734012447073,0.0,100.0,13.638181696985855,0.0,100.0
36,21,25.475478405713993,0.0,100.0,20.46948949045872,0.0,100.0,9.055385138137417,0.0,100.0
36,22,16.55294535724685,0.0,100.0,11.445523142259598,0.0,100.0,5.0,0.0,100.0
36,23,23.043437243605826,0.0,100.0,17.349351572897472,0.0,100.0,29.427877939124322,0.0,100.0
36,24,13.0,0.0,100.0,16.522711641858304,0.0,100.0,18.49324200890693,0.0,100.0
36,25,24.06241883103193,0.0,100.0,19.026297590440446,0.0,100.0,18.05547008526779,0.0,100.0
36,26,14.071247279470288,0.0,100.0,26.720778431774775,0.0,100.0,22.759613353482084,0.0,100.0
36,27,16.911534525287763,0.0,100.0,16.0312195418814,0.0,100.0,25.80697580112788,0.0,100.0
36,28,16.401219466856727,0.0,100.0,20.639767440550294,0.0,100.0,24.1039415863879,0.0,100.0
36,29,27.09243436828813,0.0,100.0,16.492422502470642,0.0,100.0,21.283796653792763,0.0,100.0
36,30,21.0,0.0,100.0,15.937377450509228,0.0,100.0,13.416407864998739,0.0,100.0
36,31,8.831760866327848,0.0,100.0,19.6468827043885,0.0,100.0,17.578395831246947,0.0,100.0
36,32,16.76305461424021,0.0,100.0,23.68543856465402,0.0,100.0,12.649110640673518,0.0,100.0
36,33,17.74823934929885,0.0,100.0,22.627416997969522,0.0,100.0,25.495097567963924,0.0,100.0
36,34,17.233687939614086,0.0,100.0,13.038404810405298,0.0,100.0,15.556349186104045,0.0,100.0
36,35,23.62202362203543,0.0,100.0,7.874007874011811,0.0,100.0,14.866068747318506,0.0,100.0
36,36,21.633307652783937,0.0,100.0,24.73863375370596,0.0,100.0,19.1049731745428,0.0,100.0
36,37,26.419689627245813,0.0,100.0,17.832554500127006,0.0,100.0,13.74772708486752,0.0,100.0
36,38,23.790754506740637,0.0,100.0,10.44030650891055,0.0,100.0,26.343879744638983,0.0,100.0
36,39,13.564659966250536,0.0,100.0,19.8997487421324,0.0,100.0,5.477225575051661,0.0,100.0
36,40,25.573423705088842,0.0,100.0,20.322401432901575,0.0,100.0,22.847319317591726,0.0,100.0
36,41,18.681541692269406,0.0,100.0,9.219544457292887,0.0,100.0,15.297058540778355,0.0,100.0
36,42,23.49468024894146,0.0,100.0,21.118712081942874,0.0,100.0,12.12435565298214,0.0,100.0
36,43,13.152946437965905,0.0,100.0,14.491376746189438,0.0,100.0,19.621416870348583,0.0,100.0
36,44,20.396078054371138,0.0,100.0,17.08800749063506,0.0,100.0,6.782329983125268,0.0,100.0
36,45,25.514701644346147,0.0,100.0,26.095976701399778,0.0,100.0,7.0710678118654755,0.0,100.0
36,46,23.45207879911715,0.0,100.0,24.61706725018234,0.0,100.0,16.76305461424021,0.0,100.0
36,47,19.621416870348583,0.0,100.0,24.71841418861655,0.0,100.0,30.675723300355934,0.0,100.0
36,48,12.68857754044952,0.0,100.0,21.118712081942874,0.0,100.0,23.53720459187964,0.0,100.0
36,49,26.343879744638983,0.0,100.0,20.8806130178211,0.0,100.0,17.46424919657298,0.0,100.0
36,50,20.199009876724155,0.0,100.0,5.656854249492381,0.0,100.0,17.11724276862369,0.0,100.0
36,51,19.4164878389476,0.0,100.0,15.066519173319364,0.0,100.0,20.346989949375804,0.0,100.0
36,52,20.639767440550294,0.0,100.0,16.09347693943108,0.0,100.0,26.758176320519304,0.0,100.0
36,53,20.54263858417414,0.0,100.0,15.684387141358123,0.0,100.0,17.233687939614086,0.0,100.0
36,54,15.427248620541512,0.0,100.0,27.748873851023216,0.0,100.0,16.64331697709324,0.0,100.0
36,55,22.693611435820433,0.0,100.0,17.26267650163207,0.0,100.0,21.213203435596427,0.0,100.0
36,56,27.03701166919155,0.0,100.0,26.13426869074396,0.0,100.0,9.899494936611665,0.0,100.0
36,57,11.0,0.0,100.0,19.209372712298546,0.0,100.0,25.942243542145693,0.0,100.0
36,58,25.019992006393608,0.0,100.0,15.748015748023622,0.0,100.0,15.811388300841896,0.0,100.0
36,59,20.73644135332772,0.0,100.0,22.47220505424423,0.0,100.0,19.519221295943137,0.0,100.0
36,60,19.748417658131498,0.0,100.0,20.904544960366874,0.0,100.0,17.578395831246947,0.0,100.0
36,61,10.488088481701515,0.0,100.0,20.615528128088304,0.0,100.0,23.2163735324878,0.0,100.0
36,62,22.045407685048602,0.0,100.0,23.664319132398465,0.0,100.0,22.47220505424423,0.0,100.0
36,63,21.37755832643195,0.0,100.0,20.83266665599966,0.0,100.0,15.524174696260024,0.0,100.0
37,0,21.42428528562855,0.0,100.0,28.178005607210743,0.0,100.0,9.848857801796104,0.0,100.0
37,1,26.94438717061496,0.0,100.0,14.212670403551895,0.0,100.0,25.079872407968907,0.0,100.0
37,2,26.019223662515376,0.0,100.0,11.180339887498949,0.0,100.0,22.360679774997898,0.0,100.0
37,3,12.96148139681572,0.0,100.0,10.816653826391969,0.0,100.0,23.57965224510319,0.0,100.0
37,4,19.235384061671343,0.0,100.0,15.811388300841896,0.0,100.0,18.16590212458495,0.0,100.0
37,5,21.213203435596427,0.0,100.0,9.486832980505138,0.0,100.0,1.4142135623730951,0.0,100.0
37,6,8.831760866327848,0.0,100.0,18.681541692269406,0.0,100.0,21.840329667841555,0.0,100.0
37,7,17.11724276862369,0.0,100.0,18.05547008526779,0.0,100.0,17.74823934929885,0.0,100.0
37,8,12.083045973594572,0.0,100.0,24.1039415863879,0.0,100.0,3.3166247903554,0.0,100.0
37,9,18.384776310850235,0.0,100.0,13.30413469565007,0.0,100.0,24.269322199023193,0.0,100.0
37,10,12.884098726725126,0.0,100.0,16.673332000533065,0.0,100.0,25.019992006393608,0.0,100.0
37,11,16.881943016134134,0.0,100.0,12.041594578792296,0.0,100.0,19.026297590440446,0.0,100.0
37,12,19.235384061671343,0.0,100.0,26.248809496813376,0.0,100.0,16.09347693943108,0.0,100.0
37,13,16.401219466856727,0.0,100.0,10.770329614269007,0.0,100.0,20.615528128088304,0.0,100.0
37,14,7.3484692283495345,0.0,100.0,20.83266665599966,0.0,100.0,12.328828005937952,0.0,100.0
37,15,20.688160865577203,0.0,100.0,21.118712081942874,0.0,100.0,12.529964086141668,0.0,100.0
37,16,6.0,0.0,100.0,21.6794833886788,0.0,100.0,28.792360097775937,0.0,100.0
37,17,16.401219466856727,0.0,100.0,22.293496809607955,0.0,100.0,15.0,0.0,100.0
37,18,13.0,0.0,100.0,21.93171219946131,0.0,100.0,12.68857754044952,0.0,100.0
37,19,18.788294228055936,0.0,100.0,17.05872210923198,0.0,100.0,18.411952639521967,0.0,100.0
37,20,8.602325267042627,0.0,100.0,7.483314773547883,0.0,100.0,19.0,0.0,100.0
37,21,19.339079605813716,0.0,100.0,22.825424421026653,0.0,100.0,17.832554500127006,0.0,100.0
37,22,16.673332000533065,0.0,100.0,19.261360284258224,0.0,100.0,22.045407685048602,0.0,100.0
37,23,21.470910553583888,0.0,100.0,21.213203435596427,0.0,100.0,23.958297101421877,0.0,100.0
37,24,21.18962010041709,0.0,100.0,21.95449840010015,0.0,100.0,17.349351572897472,0.0,100.0
37,25,21.18962010041709,0.0,100.0,23.53720459187964,0.0,100.0,19.6468827043885,0.0,100.0
37,26,27.03701166919155,0.0,100.0,14.352700094407323,0.0,100.0,12.36931687685298,0.0,100.0
37,27,16.76305461424021,0.0,100.0,22.715633383201094,0.0,100.0,22.0,0.0,100.0
37,28,22.978250586152114,0.0,100.0,28.513154858766505,0.0,100.0,20.445048300260872,0.0,100.0
37,29,20.12461179749811,0.0,100.0,18.275666882497067,0.0,100.0,23.194827009486403,0.0,100.0
37,30,21.77154105707724,0.0,100.0,24.228082879171435,0.0,100.0,26.419689627245813,0.0,100.0
37,31,17.916472867168917,0.0,100.0,20.71231517720798,0.0,100.0,25.826343140289914,0.0,100.0
37,32,13.638181696985855,0.0,100.0,7.810249675906654,0.0,100.0,12.206555615733702,0.0,100.0
37,33,15.748015748023622,0.0,100.0,23.15167380558045,0.0,100.0,13.152946437965905,0.0,100.0
37,34,11.575836902790225,0.0,100.0,24.20743687382041,0.0,100.0,16.278820596099706,0.0,100.0
37,35,16.792855623746664,0.0,100.0,23.62202362203543,0.0,100.0,16.431676725154983,0.0,100.0
37,36,14.560219778561036,0.0,100.0,20.83266665599966,0.0,100.0,9.1104335791443,0.0,100.0
37,37,14.352700094407323,0.0,100.0,19.621416870348583,0.0,100.0,25.199206336708304,0.0,100.0
37,38,17.26267650163207,0.0,100.0,14.177446878757825,0.0,100.0,10.723805294763608,0.0,100.0
37,39,17.97220075561143,0.0,100.0,27.09243436828813,0.0,100.0,2.8284271247461903,0.0,100.0
37,40,12.206555615733702,0.0,100.0,5.385164807134504,0.0,100.0,6.782329983125268,0.0,100.0
37,41,17.916472867168917,0.0,100.0,24.677925358506133,0.0,100.0,13.0,0.0,100.0
37,42,22.847319317591726,0.0,100.0,13.30413469565007,0.0,100.0,10.816653826391969,0.0,100.0
37,43,15.7797338380595,0.0,100.0,21.95449840010015,0.0,100.0,18.867962264113206,0.0,100.0
37,44,18.027756377319946,0.0,100.0,25.65151067676132,0.0,100.0,19.748417658131498,0.0,100.0
37,45,16.431676725154983,0.0,100.0,20.12461179749811,0.0,100.0,18.05547008526779,0.0,100.0
37,46,25.729360660537214,0.0,100.0,21.6794833886788,0.0,100.0,17.46424919657298,0.0,100.0
37,47,14.491376746189438,0.0,100.0,12.884098726725126,0.0,100.0,11.74734012447073,0.0,100.0
37,48,29.189039038652847,0.0,100.0,18.027756377319946,0.0,100.0,3.605551275463989,0.0,100.0
37,49,21.563858652847824,0.0,100.0,11.74734012447073,0.0,100.0,21.79449471770337,0.0,100.0
37,50,24.20743687382041,0.0,100.0,12.806248474865697,0.0,100.0,21.656407827707714,0.0,100.0
37,51,13.45362404707371,0.0,100.0,13.892443989449804,0.0,100.0,15.588457268119896,0.0,100.0
37,52,19.672315572906,0.0,100.0,20.71231517720798,0.0,100.0,20.808652046684813,0.0,100.0
37,53,12.569805089976535,0.0,100.0,17.26267650163207,0.0,100.0,11.789826122551595,0.0,100.0
37,54,21.95449840010015,0.0,100.0,15.066519173319364,0.0,100.0,19.209372712298546,0.0,100.0
37,55,29.478805945967352,0.0,100.0,15.937377450509228,0.0,100.0,14.730919862656235,0.0,100.0
37,56,23.769728648009426,0.0,100.0,18.110770276274835,0.0,100.0,16.881943016134134,0.0,100.0
37,57,20.71231517720798,0.0,100.0,19.339079605813716,0.0,100.0,19.261360284258224,0.0,100.0
37,58,20.85665361461421,0.0,100.0,21.42428528562855,0.0,100.0,19.82422760159901,0.0,100.0
37,59,15.362291495737216,0.0,100.0,17.4928556845359,0.0,100.0,29.58039891549808,0.0,100.0
37,60,17.11724276862369,0.0,100.0,26.038433132583073,0.0,100.0,15.84297951775486,0.0,100.0
37,61,19.339079605813716,0.0,100.0,21.93171219946131,0.0,100.0,6.4031242374328485,0.0,100.0
37,62,21.0,0.0,100.0,20.049937655763422,0.0,100.0,24.124676163629637,0.0,100.0
37,63,5.744562646538029,0.0,100.0,21.93171219946131,0.0,100.0,15.684387141358123,0.0,100.0
38,0,14.352700094407323,0.0,100.0,19.519221295943137,0.0,100.0,27.440845468024488,0.0,100.0
38,1,10.392304845413264,0.0,100.0,20.273134932713294,0.0,100.0,22.0,0.0,100.0
38,2,28.089143810376278,0.0,100.0,18.867962264113206,0.0,100.0,23.043437243605826,0.0,100.0
38,3,20.46948949045872,0.0,100.0,13.416407864998739,0.0,100.0,22.693611435820433,0.0,100.0
38,4,17.72004514666935,0.0,100.0,20.688160865577203,0.0,100.0,20.024984394500787,0.0,100.0
38,5,20.223748416156685,0.0,100.0,4.47213595499958,0.0,100.0,24.392621835300936,0.0,100.0
38,6,23.194827009486403,0.0,100.0,17.46424919657298,0.0,100.0,27.09243436828813,0.0,100.0
38,7,20.322401432901575,0.0,100.0,19.209372712298546,0.0,100.0,18.24828759089466,0.0,100.0
38,8,22.693611435820433,0.0,100.0,21.236760581595302,0.0,100.0,24.289915602982237,0.0,100.0
38,9,19.748417658131498,0.0,100.0,11.789826122551595,0.0,100.0,14.035668847618199,0.0,100.0
38,10,30.675723300355934,0.0,100.0,17.97220075561143,0.0,100.0,12.206555615733702,0.0,100.0
38,11,24.596747752497688,0.0,100.0,19.82422760159901,0.0,100.0,11.357816691600547,0.0,100.0
38,12,14.212670403551895,0.0,100.0,9.0,0.0,100.0,15.066519173319364,0.0,100.0
38,13,10.770329614269007,0.0,100.0,15.362291495737216,0.0,100.0,19.6468827043885,0.0,100.0
38,14,11.74734012447073,0.0,100.0,22.40535650240808,0.0,100.0,21.047565179849187,0.0,100.0
38,15,9.219544457292887,0.0,100.0,13.379088160259652,0.0,100.0,25.65151067676132,0.0,100.0
38,16,18.973665961010276,0.0,100.0,16.97056274847714,0.0,100.0,26.419689627245813,0.0,100.0
38,17,25.03996805109783,0.0,100.0,8.48528137423857,0.0,100.0,19.390719429665317,0.0,100.0
38,18,14.352700094407323,0.0,100.0,27.51363298439521,0.0,100.0,21.6794833886788,0.0,100.0
38,19,20.42057785666214,0.0,100.0,7.54983443527075,0.0,100.0,26.476404589747453,0.0,100.0
38,20,5.916079783099616,0.0,100.0,15.0,0.0,100.0,23.15167380558045,0.0,100.0
38,21,11.180339887498949,0.0,100.0,13.892443989449804,0.0,100.0,20.71231517720798,0.0,100.0
38,22,21.563858652847824,0.0,100.0,22.494443758403985,0.0,100.0,20.322401432901575,0.0,100.0
38,23,16.186414056238647,0.0,100.0,4.47213595499958,0.0,100.0,24.61706725018234,0.0,100.0
38,24,15.84297951775486,0.0,100.0,22.090722034374522,0.0,100.0,19.339079605813716,0.0,100.0
38,25,12.36931687685298,0.0,100.0,18.681541692269406,0.0,100.0,25.238858928247925,0.0,100.0
38,26,23.280893453645632,0.0,100.0,18.627936010197157,0.0,100.0,20.615528128088304,0.0,100.0
38,27,24.919871588754223,0.0,100.0,25.475478405713993,0.0,100.0,11.313708498984761,0.0,100.0
38,28,21.97726097583591,0.0,100.0,22.847319317591726,0.0,100.0,2.0,0.0,100.0
38,29,7.54983443527075,0.0,100.0,17.549928774784245,0.0,100.0,17.146428199482248,0.0,100.0
38,30,25.39685019840059,0.0,100.0,14.142135623730951,0.0,100.0,18.788294228055936,0.0,100.0
38,31,14.071247279470288,0.0,100.0,18.81488772222678,0.0,100.0,17.029386365926403,0.0,100.0
38,32,22.47220505424423,0.0,100.0,19.1049731745428,0.0,100.0,26.30589287593181,0.0,100.0
38,33,25.238858928247925,0.0,100.0,20.396078054371138,0.0,100.0,27.147743920996454,0.0,100.0
38,34,12.206555615733702,0.0,100.0,19.0,0.0,100.0,18.49324200890693,0.0,100.0
38,35,17.74823934929885,0.0,100.0,18.867962264113206,0.0,100.0,20.73644135332772,0.0,100.0
38,36,27.367864366808018,0.0,100.0,20.46948949045872,0.0,100.0,19.672315572906,0.0,100.0
38,37,6.324555320336759,0.0,100.0,19.849433241279208,0.0,100.0,21.236760581595302,0.0,100.0
38,38,14.142135623730951,0.0,100.0,8.06225774829855,0.0,100.0,27.294688127912362,0.0,100.0
38,39,23.790754506740637,0.0,100.0,27.349588662354687,0.0,100.0,17.97220075561143,0.0,100.0
38,40,22.64950330581225,0.0,100.0,23.727621035409346,0.0,100.0,15.165750888103101,0.0,100.0
38,41,12.041594578792296,0.0,100.0,16.76305461424021,0.0,100.0,19.72308292331602,0.0,100.0
38,42,24.535688292770594,0.0,100.0,23.280893453645632,0.0,100.0,22.315913604421397,0.0,100.0
38,43,22.22611077089287,0.0,100.0,21.748563170931547,0.0,100.0,20.808652046684813,0.0,100.0
38,44,20.273134932713294,0.0,100.0,10.677078252031311,0.0,100.0,24.289915602982237,0.0,100.0
38,45,10.862780491200215,0.0,100.0,22.561028345356956,0.0,100.0,14.491376746189438,0.0,100.0
38,46,16.401219466856727,0.0,100.0,19.4164878389476,0.0,100.0,21.37755832643195,0.0,100.0
38,47,24.939927826679853,0.0,100.0,13.038404810405298,0.0,100.0,22.47220505424423,0.0,100.0
38,48,20.346989949375804,0.0,100.0,27.184554438136374,0.0,100.0,10.44030650891055,0.0,100.0
38,49,16.881943016134134,0.0,100.0,19.209372712298546,0.0,100.0,22.9128784747792,0.0,100.0
38,50,15.652475842498529,0.0,100.0,19.05255888325765,0.0,100.0,20.346989949375804,0.0,100.0
38,51,18.894443627691185,0.0,100.0,23.790754506740637,0.0,100.0,18.2208671582886,0.0,100.0
38,52,20.42057785666214,0.0,100.0,23.108440016582687,0.0,100.0,7.681145747868608,0.0,100.0
38,53,19.519221295943137,0.0,100.0,2.449489742783178,0.0,100.0,11.575836902790225,0.0,100.0
38,54,25.25866188063018,0.0,100.0,26.1725046566048,0.0,100.0,16.431676725154983,0.0,100.0
38,55,20.615528128088304,0.0,100.0,14.45683229480096,0.0,100.0,20.346989949375804,0.0,100.0
38,56,18.49324200890693,0.0,100.0,18.466185312619388,0.0,100.0,23.280893453645632,0.0,100.0
38,57,14.594519519326424,0.0,100.0,26.476404589747453,0.0,100.0,22.737634001804146,0.0,100.0
38,58,11.357816691600547,0.0,100.0,24.372115213907882,0.0,100.0,23.0,0.0,100.0
38,59,6.557438524302,0.0,100.0,25.65151067676132,0.0,100.0,17.549928774784245,0.0,100.0
38,60,24.899799195977465,0.0,100.0,24.677925358506133,0.0,100.0,18.49324200890693,0.0,100.0
38,61,13.341664064126334,0.0,100.0,10.04987562112089,0.0,100.0,9.433981132056603,0.0,100.0
38,62,7.14142842854285,0.0,100.0,17.74823934929885,0.0,100.0,24.06241883103193,0.0,100.0
38,63,20.248456731316587,0.0,100.0,25.238858928247925,0.0,100.0,13.92838827718412,0.0,100.0
39,0,17.916472867168917,0.0,100.0,26.19160170741759,0.0,100.0,13.601470508735444,0.0,100.0
39,1,14.352700094407323,0.0,100.0,25.019992006393608,0.0,100.0,21.307275752662516,0.0,100.0
39,2,14.89966442575134,0.0,100.0,24.596747752497688,0.0,100.0,15.684387141358123,0.0,100.0
39,3,29.223278392404914,0.0,100.0,17.0,0.0,100.0,20.149441679609886,0.0,100.0
39,4,15.84297951775486,0.0,100.0,18.275666882497067,0.0,100.0,15.297058540778355,0.0,100.0
39,5,18.05547008526779,0.0,100.0,25.079872407968907,0.0,100.0,24.413111231467404,0.0,100.0
39,6,16.09347693943108,0.0,100.0,17.916472867168917,0.0,100.0,14.247806848775006,0.0,100.0
39,7,18.05547008526779,0.0,100.0,26.720778431774775,0.0,100.0,8.306623862918075,0.0,100.0
39,8,12.083045973594572,0.0,100.0,21.118712081942874,0.0,100.0,21.6794833886788,0.0,100.0
39,9,17.944358444926362,0.0,100.0,20.396078054371138,0.0,100.0,10.246950765959598,0.0,100.0
39,10,16.522711641858304,0.0,100.0,23.430749027719962,0.0,100.0,15.0,0.0,100.0
39,11,30.675723300355934,0.0,100.0,16.911534525287763,0.0,100.0,23.706539182259394,0.0,100.0
39,12,24.124676163629637,0.0,100.0,24.839484696748443,0.0,100.0,12.24744871391589,0.0,100.0
39,13,8.94427190999916,0.0,100.0,8.306623862918075,0.0,100.0,24.06241883103193,0.0,100.0
39,14,24.758836806279895,0.0,100.0,23.280893453645632,0.0,100.0,24.20743687382041,0.0,100.0
39,15,10.63014581273465,0.0,100.0,19.748417658131498,0.0,100.0,12.884098726725126,0.0,100.0
39,16,14.89966442575134,0.0,100.0,21.400934559032695,0.0,100.0,24.535688292770594,0.0,100.0
39,17,22.15851980616034,0.0,100.0,18.110770276274835,0.0,100.0,20.346989949375804,0.0,100.0
39,18,20.0,0.0,100.0,14.966629547095765,0.0,100.0,14.966629547095765,0.0,100.0
39,19,20.248456731316587,0.0,100.0,25.514701644346147,0.0,100.0,18.0,0.0,100.0
39,20,20.42057785666214,0.0,100.0,23.62202362203543,0.0,100.0,16.583123951777,0.0,100.0
39,21,20.12461179749811,0.0,100.0,9.273618495495704,0.0,100.0,17.69180601295413,0.0,100.0
39,22,28.39013913315678,0.0,100.0,8.306623862918075,0.0,100.0,21.118712081942874,0.0,100.0
39,23,10.04987562112089,0.0,100.0,25.96150997149434,0.0,100.0,27.730849247724095,0.0,100.0
39,24,20.97617696340303,0.0,100.0,18.627936010197157,0.0,100.0,16.881943016134134,0.0,100.0
39,25,8.12403840463596,0.0,100.0,21.95449840010015,0.0,100.0,19.209372712298546,0.0,100.0
39,26,16.61324772583615,0.0,100.0,12.041594578792296,0.0,100.0,19.6468827043885,0.0,100.0
39,27,18.33030277982336,0.0,100.0,16.0312195418814,0.0,100.0,21.470910553583888,0.0,100.0
39,28,14.317821063276353,0.0,100.0,19.261360284258224,0.0,100.0,30.099833886584822,0.0,100.0
39,29,16.30950643030009,0.0,100.0,24.677925358506133,0.0,100.0,19.924858845171276,0.0,100.0
39,30,25.729360660537214,0.0,100.0,16.431676725154983,0.0,100.0,20.024984394500787,0.0,100.0
39,31,28.284271247461902,0.0,100.0,16.401219466856727,0.0,100.0,23.853720883753127,0.0,100.0
39,32,17.549928774784245,0.0,100.0,25.534290669607408,0.0,100.0,17.233687939614086,0.0,100.0
39,33,16.431676725154983,0.0,100.0,24.1039415863879,0.0,100.0,18.138357147217054,0.0,100.0
39,34,16.09347693943108,0.0,100.0,16.522711641858304,0.0,100.0,24.06241883103193,0.0,100.0
39,35,13.601470508735444,0.0,100.0,26.645825188948457,0.0,100.0,15.905973720586866,0.0,100.0
39,36,25.729360660537214,0.0,100.0,23.366642891095847,0.0,100.0,19.79898987322333,0.0,100.0
39,37,31.20897306865447,0.0,100.0,29.017236257093817,0.0,100.0,19.0,0.0,100.0
39,38,28.39013913315678,0.0,100.0,22.47220505424423,0.0,100.0,20.09975124224178,0.0,100.0
39,39,22.135943621178654,0.0,100.0,22.045407685048602,0.0,100.0,10.770329614269007,0.0,100.0
39,40,18.193405398660254,0.0,100.0,2.23606797749979,0.0,100.0,18.788294228055936,0.0,100.0
39,41,24.43358344574123,0.0,100.0,22.869193252058544,0.0,100.0,7.280109889280518,0.0,100.0
39,42,16.64331697709324,0.0,100.0,16.0312195418814,0.0,100.0,7.0710678118654755,0.0,100.0
39,43,14.52583904633395,0.0,100.0,19.621416870348583,0.0,100.0,13.92838827718412,0.0,100.0
39,44,19.1049731745428,0.0,100.0,16.76305461424021,0.0,100.0,19.339079605813716,0.0,100.0
39,45,13.638181696985855,0.0,100.0,18.601075237738275,0.0,100.0,20.85665361461421,0.0,100.0
39,46,18.49324200890693,0.0,100.0,19.209372712298546,0.0,100.0,11.789826122551595,0.0,100.0
39,47,29.068883707497267,0.0,100.0,22.338307903688676,0.0,100.0,12.041594578792296,0.0,100.0
39,48,21.42428528562855,0.0,100.0,21.563858652847824,0.0,100.0,21.283796653792763,0.0,100.0
39,49,11.74734012447073,0.0,100.0,21.18962010041709,0.0,100.0,18.681541692269406,0.0,100.0
39,50,21.77154105707724,0.0,100.0,19.748417658131498,0.0,100.0,16.673332000533065,0.0,100.0
39,51,23.021728866442675,0.0,100.0,20.83266665599966,0.0,100.0,29.017236257093817,0.0,100.0
39,52,13.638181696985855,0.0,100.0,12.529964086141668,0.0,100.0,19.44222209522358,0.0,100.0
39,53,8.06225774829855,0.0,100.0,9.0,0.0,100.0,18.547236990991408,0.0,100.0
39,54,16.15549442140351,0.0,100.0,24.819347291981714,0.0,100.0,17.146428199482248,0.0,100.0
39,55,12.68857754044952,0.0,100.0,13.152946437965905,0.0,100.0,30.675723300355934,0.0,100.0
39,56,21.61018278497431,0.0,100.0,25.199206336708304,0.0,100.0,26.68332812825267,0.0,100.0
39,57,14.317821063276353,0.0,100.0,18.57417562100671,0.0,100.0,13.152946437965905,0.0,100.0
39,58,20.663978319771825,0.0,100.0,13.92838827718412,0.0,100.0,21.213203435596427,0.0,100.0
39,59,11.661903789690601,0.0,100.0,16.76305461424021,0.0,100.0,19.235384061671343,0.0,100.0
39,60,11.916375287812984,0.0,100.0,21.354156504062622,0.0,100.0,10.862780491200215,0.0,100.0
39,61,24.228082879171435,0.0,100.0,15.297058540778355,0.0,100.0,22.090722034374522,0.0,100.0
39,62,17.46424919657298,0.0,100.0,20.615528128088304,0.0,100.0,20.42057785666214,0.0,100.0
39,63,5.385164807134504,0.0,100.0,26.43860813280457,0.0,100.0,22.847319317591726,0.0,100.0
40,0,14.071247279470288,0.0,100.0,25.495097567963924,0.0,100.0,20.71231517720798,0.0,100.0
40,1,20.199009876724155,0.0,100.0,21.118712081942874,0.0,100.0,24.186773244895647,0.0,100.0
40,2,30.166206257996713,0.0,100.0,23.62202362203543,0.0,100.0,27.386127875258307,0.0,100.0
40,3,20.85665361461421,0.0,100.0,17.204650534085253,0.0,100.0,26.076809620810597,0.0,100.0
40,4,24.392621835300936,0.0,100.0,21.18962010041709,0.0,100.0,16.673332000533065,0.0,100.0
40,5,7.0710678118654755,0.0,100.0,19.6468827043885,0.0,100.0,26.095976701399778,0.0,100.0
40,6,4.242640687119285,0.0,100.0,12.68857754044952,0.0,100.0,5.656854249492381,0.0,100.0
40,7,20.639767440550294,0.0,100.0,23.790754506740637,0.0,100.0,21.95449840010015,0.0,100.0
40,8,24.06241883103193,0.0,100.0,12.569805089976535,0.0,100.0,20.808652046684813,0.0,100.0
40,9,12.206555615733702,0.0,100.0,20.808652046684813,0.0,100.0,20.615528128088304,0.0,100.0
40,10,11.704699910719626,0.0,100.0,28.583211855912904,0.0,100.0,30.083217912982647,0.0,100.0
40,11,18.411952639521967,0.0,100.0,11.661903789690601,0.0,100.0,22.22611077089287,0.0,100.0
40,12,20.322401432901575,0.0,100.0,20.223748416156685,0.0,100.0,21.02379604162864,0.0,100.0
40,13,18.466185312619388,0.0,100.0,24.454038521274967,0.0,100.0,19.390719429665317,0.0,100.0
40,14,21.283796653792763,0.0,100.0,21.354156504062622,0.0,100.0,25.80697580112788,0.0,100.0
40,15,23.68543856465402,0.0,100.0,22.693611435820433,0.0,100.0,17.663521732655695,0.0,100.0
40,16,12.68857754044952,0.0,100.0,17.52141546793523,0.0,100.0,14.0,0.0,100.0
40,17,14.317821063276353,0.0,100.0,26.570660511172846,0.0,100.0,26.589471600616662,0.0,100.0
40,18,19.261360284258224,0.0,100.0,18.708286933869708,0.0,100.0,13.564659966250536,0.0,100.0
40,19,26.324893162176366,0.0,100.0,20.024984394500787,0.0,100.0,14.212670403551895,0.0,100.0
40,20,19.748417658131498,0.0,100.0,26.43860813280457,0.0,100.0,15.165750888103101,0.0,100.0
40,21,14.352700094407323,0.0,100.0,20.09975124224178,0.0,100.0,18.547236990991408,0.0,100.0
40,22,13.038404810405298,0.0,100.0,15.652475842498529,0.0,100.0,19.87460691435179,0.0,100.0
40,23,23.259406699226016,0.0,100.0,18.027756377319946,0.0,100.0,22.869193252058544,0.0,100.0
40,24,25.37715508089904,0.0,100.0,16.15549442140351,0.0,100.0,20.54263858417414,0.0,100.0
40,25,25.199206336708304,0.0,100.0,17.916472867168917,0.0,100.0,12.96148139681572,0.0,100.0
40,26,22.516660498395403,0.0,100.0,18.49324200890693,0.0,100.0,13.45362404707371,0.0,100.0
40,27,14.071247279470288,0.0,100.0,5.830951894845301,0.0,100.0,15.264337522473747,0.0,100.0
40,28,16.24807680927192,0.0,100.0,24.73863375370596,0.0,100.0,16.792855623746664,0.0,100.0
40,29,11.874342087037917,0.0,100.0,6.082762530298219,0.0,100.0,19.209372712298546,0.0,100.0
40,30,29.478805945967352,0.0,100.0,10.198039027185569,0.0,100.0,7.280109889280518,0.0,100.0
40,31,11.40175425099138,0.0,100.0,9.9498743710662,0.0,100.0,18.466185312619388,0.0,100.0
40,32,21.213203435596427,0.0,100.0,13.601470508735444,0.0,100.0,18.027756377319946,0.0,100.0
40,33,9.486832980505138,0.0,100.0,22.38302928559939,0.0,100.0,18.788294228055936,0.0,100.0
40,34,16.401219466856727,0.0,100.0,12.409673645990857,0.0,100.0,24.351591323771842,0.0,100.0
40,35,12.806248474865697,0.0,100.0,26.720778431774775,0.0,100.0,18.601075237738275,0.0,100.0
40,36,25.15949125081825,0.0,100.0,26.94438717061496,0.0,100.0,18.841443681416774,0.0,100.0
40,37,27.09243436828813,0.0,100.0,17.349351572897472,0.0,100.0,10.198039027185569,0.0,100.0
40,38,25.199206336708304,0.0,100.0,16.76305461424021,0.0,100.0,10.816653826391969,0.0,100.0
40,39,16.792855623746664,0.0,100.0,13.892443989449804,0.0,100.0,21.470910553583888,0.0,100.0
40,40,16.61324772583615,0.0,100.0,23.15167380558045,0.0,100.0,19.0,0.0,100.0
40,41,17.11724276862369,0.0,100.0,19.1049731745428,0.0,100.0,10.295630140987,0.0,100.0
40,42,18.33030277982336,0.0,100.0,12.24744871391589,0.0,100.0,4.123105625617661,0.0,100.0
40,43,12.24744871391589,0.0,100.0,16.15549442140351,0.0,100.0,14.7648230602334,0.0,100.0
40,44,24.919871588754223,0.0,100.0,17.72004514666935,0.0,100.0,26.90724809414742,0.0,100.0
40,45,7.681145747868608,0.0,100.0,9.486832980505138,0.0,100.0,13.601470508735444,0.0,100.0
40,46,15.652475842498529,0.0,100.0,14.594519519326424,0.0,100.0,20.273134932713294,0.0,100.0
40,47,23.0,0.0,100.0,12.569805089976535,0.0,100.0,10.344080432788601,0.0,100.0
40,48,16.30950643030009,0.0,100.0,15.066519173319364,0.0,100.0,11.874342087037917,0.0,100.0
40,49,20.808652046684813,0.0,100.0,18.708286933869708,0.0,100.0,12.569805089976535,0.0,100.0
40,50,17.029386365926403,0.0,100.0,22.561028345356956,0.0,100.0,18.57417562100671,0.0,100.0
40,51,21.118712081942874,0.0,100.0,15.0,0.0,100.0,20.396078054371138,0.0,100.0
40,52,18.601075237738275,0.0,100.0,22.67156809750927,0.0,100.0,25.80697580112788,0.0,100.0
40,53,15.132745950421556,0.0,100.0,26.343879744638983,0.0,100.0,11.445523142259598,0.0,100.0
40,54,19.72308292331602,0.0,100.0,22.15851980616034,0.0,100.0,9.433981132056603,0.0,100.0
40,55,20.83266665599966,0.0,100.0,13.92838827718412,0.0,100.0,14.560219778561036,0.0,100.0
40,56,25.96150997149434,0.0,100.0,11.874342087037917,0.0,100.0,14.7648230602334,0.0,100.0
40,57,23.958297101421877,0.0,100.0,19.131126469708992,0.0,100.0,24.351591323771842,0.0,100.0
40,58,26.19160170741759,0.0,100.0,15.556349186104045,0.0,100.0,13.076696830622021,0.0,100.0
40,59,23.68543856465402,0.0,100.0,23.345235059857504,0.0,100.0,20.46948949045872,0.0,100.0
40,60,15.7797338380595,0.0,100.0,15.524174696260024,0.0,100.0,19.87460691435179,0.0,100.0
40,61,16.401219466856727,0.0,100.0,11.357816691600547,0.0,100.0,20.322401432901575,0.0,100.0
40,62,21.18962010041709,0.0,100.0,24.041630560342615,0.0,100.0,21.93171219946131,0.0,100.0
40,63,12.884098726725126,0.0,100.0,12.806248474865697,0.0,100.0,23.366642891095847,0.0,100.0
41,0,21.6794833886788,0.0,100.0,16.15549442140351,0.0,100.0,14.035668847618199,0.0,100.0
41,1,7.0,0.0,100.0,21.42428528562855,0.0,100.0,20.049937655763422,0.0,100.0
41,2,17.320508075688775,0.0,100.0,23.727621035409346,0.0,100.0,6.708203932499369,0.0,100.0
41,3,22.02271554554524,0.0,100.0,27.748873851023216,0.0,100.0,21.563858652847824,0.0,100.0
41,4,4.123105625617661,0.0,100.0,19.209372712298546,0.0,100.0,22.293496809607955,0.0,100.0
41,5,8.54400374531753,0.0,100.0,21.77154105707724,0.0,100.0,14.317821063276353,0.0,100.0
41,6,2.23606797749979,0.0,100.0,24.289915602982237,0.0,100.0,29.189039038652847,0.0,100.0
41,7,19.44222209522358,0.0,100.0,22.02271554554524,0.0,100.0,27.16615541441225,0.0,100.0
41,8,25.099800796022265,0.0,100.0,17.944358444926362,0.0,100.0,7.874007874011811,0.0,100.0
41,9,18.24828759089466,0.0,100.0,18.24828759089466,0.0,100.0,24.61706725018234,0.0,100.0
41,10,23.280893453645632,0.0,100.0,25.199206336708304,0.0,100.0,24.1039415863879,0.0,100.0
41,11,25.475478405713993,0.0,100.0,26.095976701399778,0.0,100.0,28.372521918222215,0.0,100.0
41,12,27.16615541441225,0.0,100.0,19.79898987322333,0.0,100.0,15.231546211727817,0.0,100.0
41,13,20.322401432901575,0.0,100.0,8.246211251235321,0.0,100.0,15.524174696260024,0.0,100.0
41,14,17.029386365926403,0.0,100.0,19.1049731745428,0.0,100.0,10.816653826391969,0.0,100.0
41,15,22.315913604421397,0.0,100.0,17.029386365926403,0.0,100.0,12.36931687685298,0.0,100.0
41,16,24.351591323771842,0.0,100.0,4.47213595499958,0.0,100.0,14.730919862656235,0.0,100.0
41,17,24.0,0.0,100.0,12.36931687685298,0.0,100.0,29.03446228191595,0.0,100.0
41,18,23.706539182259394,0.0,100.0,28.792360097775937,0.0,100.0,18.466185312619388,0.0,100.0
41,19,14.966629547095765,0.0,100.0,17.916472867168917,0.0,100.0,11.224972160321824,0.0,100.0
41,20,19.621416870348583,0.0,100.0,16.55294535724685,0.0,100.0,14.142135623730951,0.0,100.0
41,21,16.3707055437449,0.0,100.0,20.199009876724155,0.0,100.0,13.0,0.0,100.0
41,22,17.0,0.0,100.0,17.378147196982766,0.0,100.0,15.556349186104045,0.0,100.0
41,23,24.124676163629637,0.0,100.0,24.919871588754223,0.0,100.0,9.486832980505138,0.0,100.0
41,24,30.675723300355934,0.0,100.0,13.638181696985855,0.0,100.0,14.89966442575134,0.0,100.0
41,25,27.76688675382964,0.0,100.0,7.810249675906654,0.0,100.0,23.108440016582687,0.0,100.0
41,26,24.20743687382041,0.0,100.0,20.024984394500787,0.0,100.0,16.673332000533065,0.0,100.0
41,27,24.1039415863879,0.0,100.0,14.866068747318506,0.0,100.0,19.467922333931785,0.0,100.0
41,28,25.099800796022265,0.0,100.0,29.88310559496787,0.0,100.0,19.339079605813716,0.0,100.0
41,29,22.737634001804146,0.0,100.0,9.433981132056603,0.0,100.0,22.80350850198276,0.0,100.0
41,30,10.954451150103322,0.0,100.0,20.223748416156685,0.0,100.0,23.558437978779494,0.0,100.0
41,31,4.898979485566356,0.0,100.0,19.026297590440446,0.0,100.0,14.45683229480096,0.0,100.0
41,32,10.816653826391969,0.0,100.0,19.1049731745428,0.0,100.0,17.0,0.0,100.0
41,33,18.49324200890693,0.0,100.0,15.937377450509228,0.0,100.0,20.024984394500787,0.0,100.0
41,34,22.759613353482084,0.0,100.0,24.1039415863879,0.0,100.0,18.973665961010276,0.0,100.0
41,35,15.937377450509228,0.0,100.0,12.884098726725126,0.0,100.0,27.294688127912362,0.0,100.0
41,36,12.083045973594572,0.0,100.0,16.61324772583615,0.0,100.0,20.42057785666214,0.0,100.0
41,37,13.601470508735444,0.0,100.0,16.673332000533065,0.0,100.0,14.352700094407323,0.0,100.0
41,38,18.384776310850235,0.0,100.0,18.81488772222678,0.0,100.0,20.322401432901575,0.0,100.0
41,39,10.63014581273465,0.0,100.0,13.92838827718412,0.0,100.0,12.68857754044952,0.0,100.0
41,40,15.297058540778355,0.0,100.0,14.142135623730951,0.0,100.0,22.44994432064365,0.0,100.0
41,41,21.18962010041709,0.0,100.0,21.37755832643195,0.0,100.0,11.357816691600547,0.0,100.0
41,42,26.038433132583073,0.0,100.0,27.80287754891569,0.0,100.0,21.42428528562855,0.0,100.0
41,43,24.351591323771842,0.0,100.0,17.349351572897472,0.0,100.0,20.346989949375804,0.0,100.0
41,44,17.378147196982766,0.0,100.0,21.93171219946131,0.0,100.0,17.233687939614086,0.0,100.0
41,45,13.076696830622021,0.0,100.0,16.15549442140351,0.0,100.0,12.083045973594572,0.0,100.0
41,46,20.346989949375804,0.0,100.0,13.45362404707371,0.0,100.0,26.095976701399778,0.0,100.0
41,47,29.8496231131986,0.0,100.0,10.04987562112089,0.0,100.0,20.639767440550294,0.0,100.0
41,48,25.612496949731394,0.0,100.0,9.848857801796104,0.0,100.0,10.246950765959598,0.0,100.0
41,49,15.132745950421556,0.0,100.0,23.62202362203543,0.0,100.0,19.72308292331602,0.0,100.0
41,50,24.392621835300936,0.0,100.0,11.575836902790225,0.0,100.0,19.026297590440446,0.0,100.0
41,51,20.904544960366874,0.0,100.0,4.58257569495584,0.0,100.0,19.519221295943137,0.0,100.0
41,52,20.09975124224178,0.0,100.0,27.586228448267445,0.0,100.0,15.748015748023622,0.0,100.0
41,53,14.212670403551895,0.0,100.0,20.784609690826528,0.0,100.0,16.0312195418814,0.0,100.0
41,54,23.345235059857504,0.0,100.0,24.1039415863879,0.0,100.0,15.684387141358123,0.0,100.0
41,55,29.068883707497267,0.0,100.0,17.72004514666935,0.0,100.0,16.3707055437449,0.0,100.0
41,56,17.4928556845359,0.0,100.0,28.39013913315678,0.0,100.0,3.605551275463989,0.0,100.0
41,57,13.601470508735444,0.0,100.0,19.621416870348583,0.0,100.0,11.445523142259598,0.0,100.0
41,58,20.223748416156685,0.0,100.0,17.72004514666935,0.0,100.0,20.149441679609886,0.0,100.0
41,59,20.85665361461421,0.0,100.0,16.30950643030009,0.0,100.0,23.08679276123039,0.0,100.0
41,60,16.55294535724685,0.0,100.0,22.825424421026653,0.0,100.0,25.019992006393608,0.0,100.0
41,61,23.93741840717165,0.0,100.0,17.204650534085253,0.0,100.0,21.118712081942874,0.0,100.0
41,62,30.675723300355934,0.0,100.0,11.704699910719626,0.0,100.0,19.44222209522358,0.0,100.0
41,63,15.394804318340652,0.0,100.0,17.029386365926403,0.0,100.0,18.76166303929372,0.0,100.0
42,0,15.811388300841896,0.0,100.0,23.706539182259394,0.0,100.0,22.02271554554524,0.0,100.0
42,1,21.79449471770337,0.0,100.0,23.49468024894146,0.0,100.0,21.400934559032695,0.0,100.0
42,2,20.639767440550294,0.0,100.0,24.758836806279895,0.0,100.0,16.792855623746664,0.0,100.0
42,3,13.564659966250536,0.0,100.0,17.74823934929885,0.0,100.0,20.85665361461421,0.0,100.0
42,4,12.24744871391589,0.0,100.0,17.69180601295413,0.0,100.0,17.46424919657298,0.0,100.0
42,5,19.519221295943137,0.0,100.0,24.879710609249457,0.0,100.0,19.87460691435179,0.0,100.0
42,6,16.09347693943108,0.0,100.0,21.79449471770337,0.0,100.0,16.24807680927192,0.0,100.0
42,7,23.874672772626646,0.0,100.0,22.978250586152114,0.0,100.0,24.06241883103193,0.0,100.0
42,8,3.7416573867739413,0.0,100.0,16.55294535724685,0.0,100.0,19.544820285692065,0.0,100.0
42,9,16.822603841260722,0.0,100.0,21.840329667841555,0.0,100.0,19.621416870348583,0.0,100.0
42,10,25.942243542145693,0.0,100.0,24.779023386727733,0.0,100.0,18.681541692269406,0.0,100.0
42,11,15.297058540778355,0.0,100.0,23.57965224510319,0.0,100.0,16.911534525287763,0.0,100.0
42,12,21.95449840010015,0.0,100.0,18.708286933869708,0.0,100.0,18.466185312619388,0.0,100.0
42,13,24.1039415863879,0.0,100.0,22.47220505424423,0.0,100.0,5.385164807134504,0.0,100.0
42,14,14.7648230602334,0.0,100.0,16.278820596099706,0.0,100.0,19.72308292331602,0.0,100.0
42,15,21.540659228538015,0.0,100.0,20.024984394500787,0.0,100.0,8.246211251235321,0.0,100.0
42,16,13.038404810405298,0.0,100.0,23.345235059857504,0.0,100.0,20.904544960366874,0.0,100.0
42,17,18.110770276274835,0.0,100.0,7.280109889280518,0.0,100.0,6.324555320336759,0.0,100.0
42,18,25.495097567963924,0.0,100.0,21.494185260204677,0.0,100.0,20.615528128088304,0.0,100.0
42,19,20.85665361461421,0.0,100.0,22.15851980616034,0.0,100.0,21.72556098240043,0.0,100.0
42,20,12.24744871391589,0.0,100.0,11.74734012447073,0.0,100.0,26.19160170741759,0.0,100.0
42,21,21.77154105707724,0.0,100.0,21.95449840010015,0.0,100.0,27.51363298439521,0.0,100.0
42,22,24.372115213907882,0.0,100.0,17.578395831246947,0.0,100.0,11.0,0.0,100.0
42,23,17.4928556845359,0.0,100.0,16.30950643030009,0.0,100.0,19.519221295943137,0.0,100.0
42,24,26.095976701399778,0.0,100.0,25.39685019840059,0.0,100.0,26.589471600616662,0.0,100.0
42,25,7.0710678118654755,0.0,100.0,14.352700094407323,0.0,100.0,15.684387141358123,0.0,100.0
42,26,16.3707055437449,0.0,100.0,30.643106892089126,0.0,100.0,12.884098726725126,0.0,100.0
42,27,18.788294228055936,0.0,100.0,12.206555615733702,0.0,100.0,24.899799195977465,0.0,100.0
42,28,21.840329667841555,0.0,100.0,17.204650534085253,0.0,100.0,23.515952032609693,0.0,100.0
42,29,12.727922061357855,0.0,100.0,21.2602916254693,0.0,100.0,15.524174696260024,0.0,100.0
42,30,20.09975124224178,0.0,100.0,26.095976701399778,0.0,100.0,18.138357147217054,0.0,100.0
42,31,17.26267650163207,0.0,100.0,19.261360284258224,0.0,100.0,5.196152422706632,0.0,100.0
42,32,22.67156809750927,0.0,100.0,15.905973720586866,0.0,100.0,11.357816691600547,0.0,100.0
42,33,15.652475842498529,0.0,100.0,13.601470508735444,0.0,100.0,17.435595774162696,0.0,100.0
42,34,22.11334438749598,0.0,100.0,26.68332812825267,0.0,100.0,15.652475842498529,0.0,100.0
42,35,25.80697580112788,0.0,100.0,21.6794833886788,0.0,100.0,26.851443164195103,0.0,100.0
42,36,20.615528128088304,0.0,100.0,24.289915602982237,0.0,100.0,17.0,0.0,100.0
42,37,19.4164878389476,0.0,100.0,12.409673645990857,0.0,100.0,24.269322199023193,0.0,100.0
42,38,24.919871588754223,0.0,100.0,10.770329614269007,0.0,100.0,15.524174696260024,0.0,100.0
42,39,16.0312195418814,0.0,100.0,19.697715603592208,0.0,100.0,20.248456731316587,0.0,100.0
42,40,13.92838827718412,0.0,100.0,23.021728866442675,0.0,100.0,7.14142842854285,0.0,100.0
42,41,11.357816691600547,0.0,100.0,21.93171219946131,0.0,100.0,22.090722034374522,0.0,100.0
42,42,11.224972160321824,0.0,100.0,23.280893453645632,0.0,100.0,17.72004514666935,0.0,100.0
42,43,25.80697580112788,0.0,100.0,24.61706725018234,0.0,100.0,13.152946437965905,0.0,100.0
42,44,16.0,0.0,100.0,19.672315572906,0.0,100.0,4.69041575982343,0.0,100.0
42,45,26.19160170741759,0.0,100.0,10.723805294763608,0.0,100.0,15.937377450509228,0.0,100.0
42,46,23.345235059857504,0.0,100.0,27.367864366808018,0.0,100.0,27.367864366808018,0.0,100.0
42,47,13.638181696985855,0.0,100.0,24.372115213907882,0.0,100.0,21.77154105707724,0.0,100.0
42,48,19.8997487421324,0.0,100.0,8.12403840463596,0.0,100.0,19.026297590440446,0.0,100.0
42,49,25.45584412271571,0.0,100.0,17.233687939614086,0.0,100.0,20.639767440550294,0.0,100.0
42,50,18.708286933869708,0.0,100.0,22.135943621178654,0.0,100.0,17.916472867168917,0.0,100.0
42,51,22.67156809750927,0.0,100.0,19.1049731745428,0.0,100.0,18.788294228055936,0.0,100.0
42,52,14.89966442575134,0.0,100.0,23.53720459187964,0.0,100.0,28.372521918222215,0.0,100.0
42,53,25.495097567963924,0.0,100.0,20.322401432901575,0.0,100.0,29.478805945967352,0.0,100.0
42,54,18.35755975068582,0.0,100.0,12.84523257866513,0.0,100.0,25.632011235952593,0.0,100.0
42,55,16.24807680927192,0.0,100.0,24.839484696748443,0.0,100.0,9.848857801796104,0.0,100.0
42,56,21.748563170931547,0.0,100.0,21.97726097583591,0.0,100.0,10.488088481701515,0.0,100.0
42,57,24.535688292770594,0.0,100.0,21.400934559032695,0.0,100.0,18.841443681416774,0.0,100.0
42,58,18.384776310850235,0.0,100.0,23.345235059857504,0.0,100.0,25.632011235952593,0.0,100.0
42,59,19.949937343260004,0.0,100.0,11.874342087037917,0.0,100.0,13.92838827718412,0.0,100.0
42,60,18.708286933869708,0.0,100.0,10.295630140987,0.0,100.0,22.516660498395403,0.0,100.0
42,61,13.92838827718412,0.0,100.0,24.596747752497688,0.0,100.0,13.152946437965905,0.0,100.0
42,62,25.632011235952593,0.0,100.0,20.248456731316587,0.0,100.0,16.30950643030009,0.0,100.0
42,63,16.881943016134134,0.0,100.0,23.45207879911715,0.0,100.0,21.18962010041709,0.0,100.0
43,0,22.561028345356956,0.0,100.0,18.05547008526779,0.0,100.0,14.45683229480096,0.0,100.0
43,1,26.720778431774775,0.0,100.0,23.194827009486403,0.0,100.0,12.884098726725126,0.0,100.0
43,2,19.924858845171276,0.0,100.0,15.684387141358123,0.0,100.0,25.03996805109783,0.0,100.0
43,3,21.400934559032695,0.0,100.0,25.80697580112788,0.0,100.0,14.491376746189438,0.0,100.0
43,4,16.15549442140351,0.0,100.0,20.149441679609886,0.0,100.0,17.11724276862369,0.0,100.0
43,5,20.904544960366874,0.0,100.0,17.11724276862369,0.0,100.0,6.48074069840786,0.0,100.0
43,6,24.06241883103193,0.0,100.0,9.486832980505138,0.0,100.0,15.264337522473747,0.0,100.0
43,7,22.11334438749598,0.0,100.0,13.038404810405298,0.0,100.0,23.706539182259394,0.0,100.0
43,8,24.269322199023193,0.0,100.0,19.026297590440446,0.0,100.0,8.831760866327848,0.0,100.0
43,9,19.339079605813716,0.0,100.0,9.0,0.0,100.0,18.466185312619388,0.0,100.0
43,10,22.693611435820433,0.0,100.0,14.89966442575134,0.0,100.0,27.018512172212592,0.0,100.0
43,11,19.87460691435179,0.0,100.0,14.730919862656235,0.0,100.0,18.627936010197157,0.0,100.0
43,12,17.029386365926403,0.0,100.0,27.184554438136374,0.0,100.0,17.233687939614086,0.0,100.0
43,13,19.339079605813716,0.0,100.0,17.349351572897472,0.0,100.0,13.601470508735444,0.0,100.0
43,14,18.788294228055936,0.0,100.0,13.45362404707371,0.0,100.0,20.024984394500787,0.0,100.0
43,15,22.58317958127243,0.0,100.0,25.238858928247925,0.0,100.0,11.874342087037917,0.0,100.0
43,16,18.81488772222678,0.0,100.0,25.573423705088842,0.0,100.0,20.346989949375804,0.0,100.0
43,17,19.72308292331602,0.0,100.0,10.099504938362077,0.0,100.0,11.180339887498949,0.0,100.0
43,18,15.84297951775486,0.0,100.0,10.816653826391969,0.0,100.0,21.470910553583888,0.0,100.0
43,19,28.372521918222215,0.0,100.0,11.445523142259598,0.0,100.0,18.57417562100671,0.0,100.0
43,20,19.339079605813716,0.0,100.0,19.1049731745428,0.0,100.0,17.804493814764857,0.0,100.0
43,21,23.83275057562597,0.0,100.0,7.0710678118654755,0.0,100.0,17.46424919657298,0.0,100.0
43,22,19.390719429665317,0.0,100.0,17.88854381999832,0.0,100.0,19.8997487421324,0.0,100.0
43,23,12.36931687685298,0.0,100.0,22.891046284519195,0.0,100.0,14.866068747318506,0.0,100.0
43,24,1.4142135623730951,0.0,100.0,17.378147196982766,0.0,100.0,31.20897306865447,0.0,100.0
43,25,24.71841418861655,0.0,100.0,6.164414002968976,0.0,100.0,23.043437243605826,0.0,100.0
43,26,16.881943016134134,0.0,100.0,13.038404810405298,0.0,100.0,25.199206336708304,0.0,100.0
43,27,24.289915602982237,0.0,100.0,18.2208671582886,0.0,100.0,9.0,0.0,100.0
43,28,25.475478405713993,0.0,100.0,11.357816691600547,0.0,100.0,27.85677655436824,0.0,100.0
43,29,25.729360660537214,0.0,100.0,18.708286933869708,0.0,100.0,16.492422502470642,0.0,100.0
43,30,20.12461179749811,0.0,100.0,12.727922061357855,0.0,100.0,19.949937343260004,0.0,100.0
43,31,18.81488772222678,0.0,100.0,9.643650760992955,0.0,100.0,25.495097567963924,0.0,100.0
43,32,21.0,0.0,100.0,20.223748416156685,0.0,100.0,23.53720459187964,0.0,100.0
43,33,6.4031242374328485,0.0,100.0,24.758836806279895,0.0,100.0,18.601075237738275,0.0,100.0
43,34,18.973665961010276,0.0,100.0,20.024984394500787,0.0,100.0,14.866068747318506,0.0,100.0
43,35,14.177446878757825,0.0,100.0,15.132745950421556,0.0,100.0,19.621416870348583,0.0,100.0
43,36,24.041630560342615,0.0,100.0,19.339079605813716,0.0,100.0,12.328828005937952,0.0,100.0
43,37,17.26267650163207,0.0,100.0,18.49324200890693,0.0,100.0,22.847319317591726,0.0,100.0
43,38,25.475478405713993,0.0,100.0,17.204650534085253,0.0,100.0,17.08800749063506,0.0,100.0
43,39,14.247806848775006,0.0,100.0,5.477225575051661,0.0,100.0,24.515301344262525,0.0,100.0
43,40,25.03996805109783,0.0,100.0,15.033296378372908,0.0,100.0,10.770329614269007,0.0,100.0
43,41,23.259406699226016,0.0,100.0,16.0312195418814,0.0,100.0,10.44030650891055,0.0,100.0
43,42,13.92838827718412,0.0,100.0,7.280109889280518,0.0,100.0,11.575836902790225,0.0,100.0
43,43,24.43358344574123,0.0,100.0,17.69180601295413,0.0,100.0,12.727922061357855,0.0,100.0
43,44,16.522711641858304,0.0,100.0,19.519221295943137,0.0,100.0,16.55294535724685,0.0,100.0
43,45,16.55294535724685,0.0,100.0,24.1039415863879,0.0,100.0,23.558437978779494,0.0,100.0
43,46,20.12461179749811,0.0,100.0,16.06237840420901,0.0,100.0,14.317821063276353,0.0,100.0
43,47,14.798648586948742,0.0,100.0,17.05872210923198,0.0,100.0,19.339079605813716,0.0,100.0
43,48,19.44222209522358,0.0,100.0,12.569805089976535,0.0,100.0,14.966629547095765,0.0,100.0
43,49,14.247806848775006,0.0,100.0,16.24807680927192,0.0,100.0,18.973665961010276,0.0,100.0
43,50,22.494443758403985,0.0,100.0,28.39013913315678,0.0,100.0,22.293496809607955,0.0,100.0
43,51,22.561028345356956,0.0,100.0,17.204650534085253,0.0,100.0,15.394804318340652,0.0,100.0
43,52,23.430749027719962,0.0,100.0,22.494443758403985,0.0,100.0,9.38083151964686,0.0,100.0
43,53,21.470910553583888,0.0,100.0,26.076809620810597,0.0,100.0,17.4928556845359,0.0,100.0
43,54,20.688160865577203,0.0,100.0,18.681541692269406,0.0,100.0,15.132745950421556,0.0,100.0
43,55,24.55605831561735,0.0,100.0,2.23606797749979,0.0,100.0,19.82422760159901,0.0,100.0
43,56,13.379088160259652,0.0,100.0,24.392621835300936,0.0,100.0,29.478805945967352,0.0,100.0
43,57,11.789826122551595,0.0,100.0,17.378147196982766,0.0,100.0,27.964262908219126,0.0,100.0
43,58,15.937377450509228,0.0,100.0,14.560219778561036,0.0,100.0,17.26267650163207,0.0,100.0
43,59,27.313000567495326,0.0,100.0,11.74734012447073,0.0,100.0,18.601075237738275,0.0,100.0
43,60,8.774964387392123,0.0,100.0,11.916375287812984,0.0,100.0,25.317977802344327,0.0,100.0
43,61,26.19160170741759,0.0,100.0,15.264337522473747,0.0,100.0,16.76305461424021,0.0,100.0
43,62,10.862780491200215,0.0,100.0,15.394804318340652,0.0,100.0,22.02271554554524,0.0,100.0
43,63,20.688160865577203,0.0,100.0,22.825424421026653,0.0,100.0,11.40175425099138,0.0,100.0
44,0,24.08318915758459,0.0,100.0,17.26267650163207,0.0,100.0,19.261360284258224,0.0,100.0
44,1,22.9128784747792,0.0,100.0,8.54400374531753,0.0,100.0,30.298514815086232,0.0,100.0
44,2,10.198039027185569,0.0,100.0,22.891046284519195,0.0,100.0,15.84297951775486,0.0,100.0
44,3,25.573423705088842,0.0,100.0,15.7797338380595,0.0,100.0,17.944358444926362,0.0,100.0
44,4,18.547236990991408,0.0,100.0,19.44222209522358,0.0,100.0,14.45683229480096,0.0,100.0
44,5,27.730849247724095,0.0,100.0,5.477225575051661,0.0,100.0,6.4031242374328485,0.0,100.0
44,6,17.916472867168917,0.0,100.0,25.495097567963924,0.0,100.0,22.693611435820433,0.0,100.0
44,7,11.357816691600547,0.0,100.0,13.490737563232042,0.0,100.0,20.12461179749811,0.0,100.0
44,8,18.788294228055936,0.0,100.0,20.149441679609886,0.0,100.0,20.149441679609886,0.0,100.0
44,9,16.24807680927192,0.0,100.0,25.709920264364882,0.0,100.0,21.656407827707714,0.0,100.0
44,10,19.44222209522358,0.0,100.0,4.0,0.0,100.0,18.05547008526779,0.0,100.0
44,11,23.323807579381203,0.0,100.0,25.612496949731394,0.0,100.0,28.39013913315678,0.0,100.0
44,12,26.68332812825267,0.0,100.0,20.149441679609886,0.0,100.0,12.529964086141668,0.0,100.0
44,13,19.44222209522358,0.0,100.0,23.430749027719962,0.0,100.0,19.4164878389476,0.0,100.0
44,14,17.378147196982766,0.0,100.0,17.11724276862369,0.0,100.0,22.516660498395403,0.0,100.0
44,15,17.97220075561143,0.0,100.0,22.40535650240808,0.0,100.0,15.84297951775486,0.0,100.0
44,16,23.853720883753127,0.0,100.0,13.379088160259652,0.0,100.0,22.67156809750927,0.0,100.0
44,17,17.0,0.0,100.0,19.72308292331602,0.0,100.0,11.045361017187261,0.0,100.0
44,18,4.47213595499958,0.0,100.0,23.0,0.0,100.0,20.248456731316587,0.0,100.0
44,19,8.54400374531753,0.0,100.0,19.339079605813716,0.0,100.0,9.433981132056603,0.0,100.0
44,20,15.524174696260024,0.0,100.0,20.688160865577203,0.0,100.0,25.475478405713993,0.0,100.0
44,21,10.295630140987,0.0,100.0,24.392621835300936,0.0,100.0,8.54400374531753,0.0,100.0
44,22,19.05255888325765,0.0,100.0,21.470910553583888,0.0,100.0,17.291616465790582,0.0,100.0
44,23,20.639767440550294,0.0,100.0,27.964262908219126,0.0,100.0,25.553864678361276,0.0,100.0
44,24,25.079872407968907,0.0,100.0,17.832554500127006,0.0,100.0,21.6794833886788,0.0,100.0
44,25,24.596747752497688,0.0,100.0,26.476404589747453,0.0,100.0,20.049937655763422,0.0,100.0
44,26,20.12461179749811,0.0,100.0,16.76305461424021,0.0,100.0,15.524174696260024,0.0,100.0
44,27,5.0,0.0,100.0,20.615528128088304,0.0,100.0,7.0710678118654755,0.0,100.0
44,28,23.280893453645632,0.0,100.0,27.294688127912362,0.0,100.0,20.71231517720798,0.0,100.0
44,29,18.49324200890693,0.0,100.0,17.46424919657298,0.0,100.0,12.24744871391589,0.0,100.0
44,30,24.779023386727733,0.0,100.0,20.85665361461421,0.0,100.0,12.041594578792296,0.0,100.0
44,31,18.110770276274835,0.0,100.0,18.35755975068582,0.0,100.0,22.67156809750927,0.0,100.0
44,32,18.027756377319946,0.0,100.0,27.53179979587241,0.0,100.0,16.0312195418814,0.0,100.0
44,33,19.261360284258224,0.0,100.0,12.328828005937952,0.0,100.0,15.0996688705415,0.0,100.0
44,34,15.748015748023622,0.0,100.0,10.0,0.0,100.0,18.193405398660254,0.0,100.0
44,35,13.96424004376894,0.0,100.0,21.95449840010015,0.0,100.0,16.61324772583615,0.0,100.0
44,36,19.026297590440446,0.0,100.0,18.24828759089466,0.0,100.0,21.656407827707714,0.0,100.0
44,37,12.884098726725126,0.0,100.0,21.283796653792763,0.0,100.0,15.684387141358123,0.0,100.0
44,38,21.863211109075447,0.0,100.0,22.67156809750927,0.0,100.0,17.804493814764857,0.0,100.0
44,39,20.904544960366874,0.0,100.0,21.0,0.0,100.0,17.11724276862369,0.0,100.0
44,40,26.419689627245813,0.0,100.0,21.307275752662516,0.0,100.0,12.36931687685298,0.0,100.0
44,41,30.643106892089126,0.0,100.0,14.071247279470288,0.0,100.0,14.352700094407323,0.0,100.0
44,42,20.346989949375804,0.0,100.0,14.142135623730951,0.0,100.0,12.884098726725126,0.0,100.0
44,43,24.535688292770594,0.0,100.0,9.899494936611665,0.0,100.0,16.30950643030009,0.0,100.0
44,44,17.233687939614086,0.0,100.0,22.045407685048602,0.0,100.0,18.49324200890693,0.0,100.0
44,45,8.774964387392123,0.0,100.0,16.55294535724685,0.0,100.0,8.54400374531753,0.0,100.0
44,46,25.67099530598687,0.0,100.0,24.899799195977465,0.0,100.0,21.213203435596427,0.0,100.0
44,47,11.180339887498949,0.0,100.0,7.211102550927978,0.0,100.0,19.1049731745428,0.0,100.0
44,48,23.68543856465402,0.0,100.0,21.470910553583888,0.0,100.0,24.1039415863879,0.0,100.0
44,49,22.47220505424423,0.0,100.0,27.349588662354687,0.0,100.0,21.77154105707724,0.0,100.0
44,50,23.2163735324878,0.0,100.0,22.44994432064365,0.0,100.0,16.673332000533065,0.0,100.0
44,51,27.331300737432898,0.0,100.0,19.672315572906,0.0,100.0,20.46948949045872,0.0,100.0
44,52,27.964262908219126,0.0,100.0,12.96148139681572,0.0,100.0,14.7648230602334,0.0,100.0
44,53,12.328828005937952,0.0,100.0,20.46948949045872,0.0,100.0,16.73320053068151,0.0,100.0
44,54,19.544820285692065,0.0,100.0,15.7797338380595,0.0,100.0,23.280893453645632,0.0,100.0
44,55,12.806248474865697,0.0,100.0,21.400934559032695,0.0,100.0,18.384776310850235,0.0,100.0
44,56,23.108440016582687,0.0,100.0,17.69180601295413,0.0,100.0,28.61817604250837,0.0,100.0
44,57,18.411952639521967,0.0,100.0,16.522711641858304,0.0,100.0,16.30950643030009,0.0,100.0
44,58,19.0,0.0,100.0,19.72308292331602,0.0,100.0,7.280109889280518,0.0,100.0
44,59,17.4928556845359,0.0,100.0,10.04987562112089,0.0,100.0,20.639767440550294,0.0,100.0
44,60,24.454038521274967,0.0,100.0,24.515301344262525,0.0,100.0,21.37755832643195,0.0,100.0
44,61,25.534290669607408,0.0,100.0,11.180339887498949,0.0,100.0,29.546573405388315,0.0,100.0
44,62,21.283796653792763,0.0,100.0,14.798648586948742,0.0,100.0,13.0,0.0,100.0
44,63,19.026297590440446,0.0,100.0,20.97617696340303,0.0,100.0,20.83266665599966,0.0,100.0
45,0,20.248456731316587,0.0,100.0,25.0,0.0,100.0,24.919871588754223,0.0,100.0
45,1,16.583123951777,0.0,100.0,19.05255888325765,0.0,100.0,28.39013913315678,0.0,100.0
45,2,20.615528128088304,0.0,100.0,18.05547008526779,0.0,100.0,3.3166247903554,0.0,100.0
45,3,18.138357147217054,0.0,100.0,7.0710678118654755,0.0,100.0,21.42428528562855,0.0,100.0
45,4,16.97056274847714,0.0,100.0,18.708286933869708,0.0,100.0,21.213203435596427,0.0,100.0
45,5,13.490737563232042,0.0,100.0,12.649110640673518,0.0,100.0,6.324555320336759,0.0,100.0
45,6,8.602325267042627,0.0,100.0,16.55294535724685,0.0,100.0,18.193405398660254,0.0,100.0
45,7,29.546573405388315,0.0,100.0,11.40175425099138,0.0,100.0,25.079872407968907,0.0,100.0
45,8,13.0,0.0,100.0,21.61018278497431,0.0,100.0,15.297058540778355,0.0,100.0
45,9,13.601470508735444,0.0,100.0,18.973665961010276,0.0,100.0,7.3484692283495345,0.0,100.0
45,10,12.36931687685298,0.0,100.0,6.082762530298219,0.0,100.0,22.045407685048602,0.0,100.0
45,11,25.65151067676132,0.0,100.0,14.696938456699069,0.0,100.0,15.066519173319364,0.0,100.0
45,12,17.378147196982766,0.0,100.0,15.231546211727817,0.0,100.0,17.578395831246947,0.0,100.0
45,13,25.0,0.0,100.0,18.33030277982336,0.0,100.0,24.289915602982237,0.0,100.0
45,14,24.43358344574123,0.0,100.0,19.8997487421324,0.0,100.0,25.079872407968907,0.0,100.0
45,15,28.6705423736629,0.0,100.0,24.372115213907882,0.0,100.0,15.0,0.0,100.0
45,16,13.92838827718412,0.0,100.0,20.149441679609886,0.0,100.0,18.920887928424502,0.0,100.0
45,17,24.372115213907882,0.0,100.0,22.22611077089287,0.0,100.0,11.575836902790225,0.0,100.0
45,18,21.118712081942874,0.0,100.0,26.795522013948524,0.0,100.0,28.478061731796284,0.0,100.0
45,19,7.14142842854285,0.0,100.0,11.661903789690601,0.0,100.0,21.18962010041709,0.0,100.0
45,20,19.390719429665317,0.0,100.0,19.131126469708992,0.0,100.0,24.73863375370596,0.0,100.0
45,21,7.615773105863909,0.0,100.0,24.1039415863879,0.0,100.0,25.709920264364882,0.0,100.0
45,22,28.142494558940577,0.0,100.0,11.357816691600547,0.0,100.0,9.695359714832659,0.0,100.0
45,23,17.204650534085253,0.0,100.0,16.34013463836819,0.0,100.0,27.730849247724095,0.0,100.0
45,24,9.899494936611665,0.0,100.0,16.911534525287763,0.0,100.0,20.83266665599966,0.0,100.0
45,25,21.047565179849187,0.0,100.0,23.62202362203543,0.0,100.0,18.466185312619388,0.0,100.0
45,26,17.804493814764857,0.0,100.0,15.652475842498529,0.0,100.0,16.881943016134134,0.0,100.0
45,27,13.152946437965905,0.0,100.0,23.08679276123039,0.0,100.0,19.339079605813716,0.0,100.0
45,28,23.043437243605826,0.0,100.0,12.727922061357855,0.0,100.0,17.378147196982766,0.0,100.0
45,29,13.038404810405298,0.0,100.0,17.804493814764857,0.0,100.0,13.0,0.0,100.0
45,30,16.09347693943108,0.0,100.0,19.72308292331602,0.0,100.0,9.899494936611665,0.0,100.0
45,31,20.639767440550294,0.0,100.0,26.720778431774775,0.0,100.0,17.804493814764857,0.0,100.0
45,32,15.937377450509228,0.0,100.0,22.494443758403985,0.0,100.0,12.529964086141668,0.0,100.0
45,33,19.235384061671343,0.0,100.0,18.681541692269406,0.0,100.0,20.346989949375804,0.0,100.0
45,34,22.759613353482084,0.0,100.0,19.0,0.0,100.0,28.337254630609507,0.0,100.0
45,35,17.0,0.0,100.0,8.660254037844387,0.0,100.0,17.029386365926403,0.0,100.0
45,36,20.663978319771825,0.0,100.0,16.673332000533065,0.0,100.0,19.44222209522358,0.0,100.0
45,37,20.493901531919196,0.0,100.0,19.949937343260004,0.0,100.0,20.199009876724155,0.0,100.0
45,38,16.431676725154983,0.0,100.0,18.627936010197157,0.0,100.0,25.768197453450252,0.0,100.0
45,39,21.97726097583591,0.0,100.0,28.372521918222215,0.0,100.0,14.696938456699069,0.0,100.0
45,40,16.431676725154983,0.0,100.0,4.242640687119285,0.0,100.0,26.343879744638983,0.0,100.0
45,41,13.038404810405298,0.0,100.0,14.212670403551895,0.0,100.0,11.661903789690601,0.0,100.0
45,42,11.445523142259598,0.0,100.0,20.346989949375804,0.0,100.0,15.652475842498529,0.0,100.0
45,43,13.601470508735444,0.0,100.0,21.18962010041709,0.0,100.0,17.74823934929885,0.0,100.0
45,44,27.51363298439521,0.0,100.0,9.486832980505138,0.0,100.0,14.89966442575134,0.0,100.0
45,45,21.047565179849187,0.0,100.0,21.633307652783937,0.0,100.0,14.45683229480096,0.0,100.0
45,46,25.768197453450252,0.0,100.0,22.561028345356956,0.0,100.0,21.470910553583888,0.0,100.0
45,47,19.6468827043885,0.0,100.0,23.49468024894146,0.0,100.0,12.083045973594572,0.0,100.0
45,48,19.44222209522358,0.0,100.0,20.445048300260872,0.0,100.0,23.600847442411894,0.0,100.0
45,49,28.372521918222215,0.0,100.0,15.684387141358123,0.0,100.0,16.15549442140351,0.0,100.0
45,50,19.209372712298546,0.0,100.0,16.431676725154983,0.0,100.0,26.095976701399778,0.0,100.0
45,51,14.560219778561036,0.0,100.0,15.652475842498529,0.0,100.0,18.0,0.0,100.0
45,52,23.043437243605826,0.0,100.0,8.06225774829855,0.0,100.0,21.470910553583888,0.0,100.0
45,53,17.029386365926403,0.0,100.0,20.445048300260872,0.0,100.0,20.12461179749811,0.0,100.0
45,54,21.840329667841555,0.0,100.0,15.066519173319364,0.0,100.0,19.748417658131498,0.0,100.0
45,55,4.358898943540674,0.0,100.0,31.20897306865447,0.0,100.0,10.392304845413264,0.0,100.0
45,56,20.808652046684813,0.0,100.0,14.491376746189438,0.0,100.0,25.632011235952593,0.0,100.0
45,57,17.97220075561143,0.0,100.0,25.573423705088842,0.0,100.0,19.8997487421324,0.0,100.0
45,58,13.038404810405298,0.0,100.0,18.275666882497067,0.0,100.0,19.82422760159901,0.0,100.0
45,59,20.71231517720798,0.0,100.0,20.049937655763422,0.0,100.0,18.138357147217054,0.0,100.0
45,60,21.42428528562855,0.0,100.0,23.558437978779494,0.0,100.0,14.317821063276353,0.0,100.0
45,61,13.19090595827292,0.0,100.0,12.569805089976535,0.0,100.0,12.206555615733702,0.0,100.0
45,62,25.80697580112788,0.0,100.0,29.68164415931166,0.0,100.0,19.519221295943137,0.0,100.0
45,63,17.72004514666935,0.0,100.0,16.06237840420901,0.0,100.0,23.790754506740637,0.0,100.0
46,0,13.601470508735444,0.0,100.0,27.76688675382964,0.0,100.0,21.748563170931547,0.0,100.0
46,1,16.822603841260722,0.0,100.0,28.142494558940577,0.0,100.0,15.748015748023622,0.0,100.0
46,2,17.72004514666935,0.0,100.0,23.021728866442675,0.0,100.0,23.366642891095847,0.0,100.0
46,3,21.470910553583888,0.0,100.0,13.341664064126334,0.0,100.0,25.573423705088842,0.0,100.0
46,4,12.12435565298214,0.0,100.0,11.832159566199232,0.0,100.0,17.72004514666935,0.0,100.0
46,5,12.36931687685298,0.0,100.0,15.84297951775486,0.0,100.0,18.05547008526779,0.0,100.0
46,6,26.076809620810597,0.0,100.0,5.477225575051661,0.0,100.0,24.919871588754223,0.0,100.0
46,7,23.45207879911715,0.0,100.0,20.73644135332772,0.0,100.0,17.029386365926403,0.0,100.0
46,8,24.228082879171435,0.0,100.0,18.05547008526779,0.0,100.0,13.038404810405298,0.0,100.0
46,9,21.354156504062622,0.0,100.0,21.656407827707714,0.0,100.0,23.366642891095847,0.0,100.0
46,10,12.206555615733702,0.0,100.0,15.231546211727817,0.0,100.0,19.339079605813716,0.0,100.0
46,11,15.620499351813308,0.0,100.0,19.72308292331602,0.0,100.0,24.535688292770594,0.0,100.0
46,12,19.544820285692065,0.0,100.0,19.949937343260004,0.0,100.0,22.02271554554524,0.0,100.0
46,13,18.384776310850235,0.0,100.0,22.22611077089287,0.0,100.0,17.11724276862369,0.0,100.0
46,14,13.0,0.0,100.0,12.206555615733702,0.0,100.0,22.64950330581225,0.0,100.0
46,15,23.366642891095847,0.0,100.0,22.891046284519195,0.0,100.0,7.14142842854285,0.0,100.0
46,16,22.825424421026653,0.0,100.0,13.892443989449804,0.0,100.0,6.164414002968976,0.0,100.0
46,17,15.427248620541512,0.0,100.0,16.1245154965971,0.0,100.0,10.04987562112089,0.0,100.0
46,18,25.019992006393608,0.0,100.0,14.7648230602334,0.0,100.0,16.673332000533065,0.0,100.0
46,19,9.797958971132712,0.0,100.0,24.61706725018234,0.0,100.0,24.454038521274967,0.0,100.0
46,20,23.53720459187964,0.0,100.0,18.24828759089466,0.0,100.0,18.681541692269406,0.0,100.0
46,21,24.269322199023193,0.0,100.0,29.086079144497972,0.0,100.0,19.44222209522358,0.0,100.0
46,22,21.6794833886788,0.0,100.0,26.13426869074396,0.0,100.0,26.90724809414742,0.0,100.0
46,23,19.748417658131498,0.0,100.0,17.11724276862369,0.0,100.0,19.519221295943137,0.0,100.0
46,24,11.0,0.0,100.0,11.74734012447073,0.0,100.0,16.186414056238647,0.0,100.0
46,25,18.2208671582886,0.0,100.0,15.652475842498529,0.0,100.0,29.427877939124322,0.0,100.0
46,26,21.540659228538015,0.0,100.0,10.677078252031311,0.0,100.0,19.28730152198591,0.0,100.0
46,27,18.05547008526779,0.0,100.0,27.09243436828813,0.0,100.0,22.360679774997898,0.0,100.0
46,28,23.515952032609693,0.0,100.0,5.0,0.0,100.0,19.313207915827967,0.0,100.0
46,29,14.247806848775006,0.0,100.0,15.937377450509228,0.0,100.0,23.958297101421877,0.0,100.0
46,30,18.841443681416774,0.0,100.0,12.449899597988733,0.0,100.0,3.7416573867739413,0.0,100.0
46,31,19.026297590440446,0.0,100.0,2.23606797749979,0.0,100.0,27.367864366808018,0.0,100.0
46,32,21.97726097583591,0.0,100.0,18.138357147217054,0.0,100.0,27.85677655436824,0.0,100.0
46,33,29.34280150224242,0.0,100.0,22.0,0.0,100.0,16.3707055437449,0.0,100.0
46,34,25.41653005427767,0.0,100.0,16.278820596099706,0.0,100.0,18.788294228055936,0.0,100.0
46,35,14.352700094407323,0.0,100.0,23.021728866442675,0.0,100.0,21.563858652847824,0.0,100.0
46,36,15.905973720586866,0.0,100.0,12.68857754044952,0.0,100.0,20.024984394500787,0.0,100.0
46,37,27.440845468024488,0.0,100.0,13.490737563232042,0.0,100.0,21.047565179849187,0.0,100.0
46,38,9.9498743710662,0.0,100.0,20.83266665599966,0.0,100.0,18.547236990991408,0.0,100.0
46,39,26.095976701399778,0.0,100.0,25.238858928247925,0.0,100.0,17.204650534085253,0.0,100.0
46,40,10.198039027185569,0.0,100.0,20.615528128088304,0.0,100.0,27.2213151776324,0.0,100.0
46,41,18.681541692269406,0.0,100.0,10.63014581273465,0.0,100.0,20.149441679609886,0.0,100.0
46,42,17.029386365926403,0.0,100.0,19.544820285692065,0.0,100.0,12.206555615733702,0.0,100.0
46,43,18.841443681416774,0.0,100.0,24.041630560342615,0.0,100.0,22.293496809607955,0.0,100.0
46,44,23.2163735324878,0.0,100.0,19.87460691435179,0.0,100.0,20.12461179749811,0.0,100.0
46,45,15.165750888103101,0.0,100.0,15.588457268119896,0.0,100.0,17.52141546793523,0.0,100.0
46,46,25.573423705088842,0.0,100.0,19.05255888325765,0.0,100.0,22.759613353482084,0.0,100.0
46,47,18.894443627691185,0.0,100.0,26.70205984563738,0.0,100.0,17.69180601295413,0.0,100.0
46,48,18.384776310850235,0.0,100.0,15.620499351813308,0.0,100.0,26.40075756488817,0.0,100.0
46,49,19.672315572906,0.0,100.0,22.02271554554524,0.0,100.0,3.0,0.0,100.0
46,50,23.108440016582687,0.0,100.0,21.840329667841555,0.0,100.0,16.1245154965971,0.0,100.0
46,51,24.919871588754223,0.0,100.0,19.313207915827967,0.0,100.0,26.019223662515376,0.0,100.0
46,52,10.04987562112089,0.0,100.0,19.1049731745428,0.0,100.0,12.449899597988733,0.0,100.0
46,53,21.6794833886788,0.0,100.0,25.514701644346147,0.0,100.0,16.881943016134134,0.0,100.0
46,54,11.045361017187261,0.0,100.0,10.723805294763608,0.0,100.0,25.96150997149434,0.0,100.0
46,55,25.317977802344327,0.0,100.0,16.34013463836819,0.0,100.0,21.118712081942874,0.0,100.0
46,56,15.394804318340652,0.0,100.0,17.578395831246947,0.0,100.0,11.40175425099138,0.0,100.0
46,57,18.788294228055936,0.0,100.0,5.385164807134504,0.0,100.0,17.05872210923198,0.0,100.0
46,58,18.027756377319946,0.0,100.0,12.36931687685298,0.0,100.0,20.273134932713294,0.0,100.0
46,59,26.248809496813376,0.0,100.0,10.198039027185569,0.0,100.0,14.560219778561036,0.0,100.0
46,60,21.95449840010015,0.0,100.0,5.196152422706632,0.0,100.0,23.727621035409346,0.0,100.0
46,61,11.40175425099138,0.0,100.0,18.110770276274835,0.0,100.0,25.25866188063018,0.0,100.0
46,62,9.219544457292887,0.0,100.0,26.476404589747453,0.0,100.0,22.135943621178654,0.0,100.0
46,63,31.796226191169293,0.0,100.0,13.076696830622021,0.0,100.0,11.045361017187261,0.0,100.0
47,0,19.026297590440446,0.0,100.0,17.46424919657298,0.0,100.0,19.72308292331602,0.0,100.0
47,1,13.341664064126334,0.0,100.0,20.615528128088304,0.0,100.0,25.099800796022265,0.0,100.0
47,2,2.23606797749979,0.0,100.0,24.413111231467404,0.0,100.0,24.859605789312106,0.0,100.0
47,3,18.027756377319946,0.0,100.0,13.490737563232042,0.0,100.0,12.449899597988733,0.0,100.0
47,4,20.493901531919196,0.0,100.0,20.322401432901575,0.0,100.0,20.8806130178211,0.0,100.0
47,5,21.118712081942874,0.0,100.0,23.366642891095847,0.0,100.0,13.076696830622021,0.0,100.0
47,6,22.759613353482084,0.0,100.0,12.68857754044952,0.0,100.0,17.029386365926403,0.0,100.0
47,7,25.67099530598687,0.0,100.0,6.557438524302,0.0,100.0,24.269322199023193,0.0,100.0
47,8,18.708286933869708,0.0,100.0,18.466185312619388,0.0,100.0,21.633307652783937,0.0,100.0
47,9,26.551836094703507,0.0,100.0,22.20360331117452,0.0,100.0,27.16615541441225,0.0,100.0
47,10,24.61706725018234,0.0,100.0,21.470910553583888,0.0,100.0,22.15851980616034,0.0,100.0
47,11,28.478061731796284,0.0,100.0,4.58257569495584,0.0,100.0,20.518284528683193,0.0,100.0
47,12,12.041594578792296,0.0,100.0,22.869193252058544,0.0,100.0,22.715633383201094,0.0,100.0
47,13,23.345235059857504,0.0,100.0,23.958297101421877,0.0,100.0,17.69180601295413,0.0,100.0
47,14,18.138357147217054,0.0,100.0,14.45683229480096,0.0,100.0,21.633307652783937,0.0,100.0
47,15,12.84523257866513,0.0,100.0,16.3707055437449,0.0,100.0,19.87460691435179,0.0,100.0
47,16,15.905973720586866,0.0,100.0,25.514701644346147,0.0,100.0,17.72004514666935,0.0,100.0
47,17,10.44030650891055,0.0,100.0,10.677078252031311,0.0,100.0,14.035668847618199,0.0,100.0
47,18,22.38302928559939,0.0,100.0,27.018512172212592,0.0,100.0,28.6705423736629,0.0,100.0
47,19,19.28730152198591,0.0,100.0,29.88310559496787,0.0,100.0,19.44222209522358,0.0,100.0
47,20,19.4164878389476,0.0,100.0,26.019223662515376,0.0,100.0,14.177446878757825,0.0,100.0
47,21,19.672315572906,0.0,100.0,18.193405398660254,0.0,100.0,26.343879744638983,0.0,100.0
47,22,19.748417658131498,0.0,100.0,21.77154105707724,0.0,100.0,15.264337522473747,0.0,100.0
47,23,13.92838827718412,0.0,100.0,14.2828568570857,0.0,100.0,3.7416573867739413,0.0,100.0
47,24,19.595917942265423,0.0,100.0,20.346989949375804,0.0,100.0,15.937377450509228,0.0,100.0
47,25,23.2163735324878,0.0,100.0,30.033314835362415,0.0,100.0,14.52583904633395,0.0,100.0
47,26,14.628738838327793,0.0,100.0,7.280109889280518,0.0,100.0,16.0312195418814,0.0,100.0
47,27,22.22611077089287,0.0,100.0,20.12461179749811,0.0,100.0,13.341664064126334,0.0,100.0
47,28,23.430749027719962,0.0,100.0,16.55294535724685,0.0,100.0,18.601075237738275,0.0,100.0
47,29,20.591260281974,0.0,100.0,23.874672772626646,0.0,100.0,23.043437243605826,0.0,100.0
47,30,20.73644135332772,0.0,100.0,17.0,0.0,100.0,21.18962010041709,0.0,100.0
47,31,20.83266665599966,0.0,100.0,6.6332495807108,0.0,100.0,24.20743687382041,0.0,100.0
47,32,19.131126469708992,0.0,100.0,19.79898987322333,0.0,100.0,24.1039415863879,0.0,100.0
47,33,13.74772708486752,0.0,100.0,18.027756377319946,0.0,100.0,24.351591323771842,0.0,100.0
47,34,15.811388300841896,0.0,100.0,14.798648586948742,0.0,100.0,17.97220075561143,0.0,100.0
47,35,17.26267650163207,0.0,100.0,11.180339887498949,0.0,100.0,22.825424421026653,0.0,100.0
47,36,14.071247279470288,0.0,100.0,10.63014581273465,0.0,100.0,24.289915602982237,0.0,100.0
47,37,12.529964086141668,0.0,100.0,17.378147196982766,0.0,100.0,17.832554500127006,0.0,100.0
47,38,11.313708498984761,0.0,100.0,8.774964387392123,0.0,100.0,12.68857754044952,0.0,100.0
47,39,18.841443681416774,0.0,100.0,16.06237840420901,0.0,100.0,11.916375287812984,0.0,100.0
47,40,21.18962010041709,0.0,100.0,20.73644135332772,0.0,100.0,26.68332812825267,0.0,100.0
47,41,15.165750888103101,0.0,100.0,15.066519173319364,0.0,100.0,14.317821063276353,0.0,100.0
47,42,7.615773105863909,0.0,100.0,25.317977802344327,0.0,100.0,18.788294228055936,0.0,100.0
47,43,26.343879744638983,0.0,100.0,24.20743687382041,0.0,100.0,15.556349186104045,0.0,100.0
47,44,18.35755975068582,0.0,100.0,10.0,0.0,100.0,20.396078054371138,0.0,100.0
47,45,30.643106892089126,0.0,100.0,18.110770276274835,0.0,100.0,14.142135623730951,0.0,100.0
47,46,8.246211251235321,0.0,100.0,20.71231517720798,0.0,100.0,14.352700094407323,0.0,100.0
47,47,16.583123951777,0.0,100.0,14.491376746189438,0.0,100.0,23.853720883753127,0.0,100.0
47,48,22.67156809750927,0.0,100.0,19.748417658131498,0.0,100.0,22.090722034374522,0.0,100.0
47,49,16.30950643030009,0.0,100.0,19.949937343260004,0.0,100.0,17.0,0.0,100.0
47,50,22.494443758403985,0.0,100.0,24.839484696748443,0.0,100.0,31.20897306865447,0.0,100.0
47,51,24.779023386727733,0.0,100.0,29.68164415931166,0.0,100.0,13.076696830622021,0.0,100.0
47,52,13.341664064126334,0.0,100.0,19.924858845171276,0.0,100.0,17.26267650163207,0.0,100.0
47,53,9.219544457292887,0.0,100.0,6.4031242374328485,0.0,100.0,14.247806848775006,0.0,100.0
47,54,13.19090595827292,0.0,100.0,17.97220075561143,0.0,100.0,6.164414002968976,0.0,100.0
47,55,12.569805089976535,0.0,100.0,13.076696830622021,0.0,100.0,14.142135623730951,0.0,100.0
47,56,22.891046284519195,0.0,100.0,17.26267650163207,0.0,100.0,14.7648230602334,0.0,100.0
47,57,16.1245154965971,0.0,100.0,16.30950643030009,0.0,100.0,27.85677655436824,0.0,100.0
47,58,14.177446878757825,0.0,100.0,14.866068747318506,0.0,100.0,23.15167380558045,0.0,100.0
47,59,12.529964086141668,0.0,100.0,23.790754506740637,0.0,100.0,20.808652046684813,0.0,100.0
47,60,17.204650534085253,0.0,100.0,26.92582403567252,0.0,100.0,27.964262908219126,0.0,100.0
47,61,15.748015748023622,0.0,100.0,23.366642891095847,0.0,100.0,2.23606797749979,0.0,100.0
47,62,12.68857754044952,0.0,100.0,22.64950330581225,0.0,100.0,25.475478405713993,0.0,100.0
47,63,24.596747752497688,0.0,100.0,13.490737563232042,0.0,100.0,25.337718918639855,0.0,100.0
48,0,23.45207879911715,0.0,100.0,20.808652046684813,0.0,100.0,24.372115213907882,0.0,100.0
48,1,17.029386365926403,0.0,100.0,27.964262908219126,0.0,100.0,26.1725046566048,0.0,100.0
48,2,25.099800796022265,0.0,100.0,14.212670403551895,0.0,100.0,24.228082879171435,0.0,100.0
48,3,16.09347693943108,0.0,100.0,21.095023109728988,0.0,100.0,29.748949561287034,0.0,100.0
48,4,22.40535650240808,0.0,100.0,17.0,0.0,100.0,25.03996805109783,0.0,100.0
48,5,7.0710678118654755,0.0,100.0,21.633307652783937,0.0,100.0,14.422205101855956,0.0,100.0
48,6,8.602325267042627,0.0,100.0,18.193405398660254,0.0,100.0,11.445523142259598,0.0,100.0
48,7,10.44030650891055,0.0,100.0,21.6794833886788,0.0,100.0,25.019992006393608,0.0,100.0
48,8,17.74823934929885,0.0,100.0,18.708286933869708,0.0,100.0,19.949937343260004,0.0,100.0
48,9,17.029386365926403,0.0,100.0,28.792360097775937,0.0,100.0,15.165750888103101,0.0,100.0
48,10,22.135943621178654,0.0,100.0,27.294688127912362,0.0,100.0,20.346989949375804,0.0,100.0
48,11,7.810249675906654,0.0,100.0,21.0,0.0,100.0,21.118712081942874,0.0,100.0
48,12,24.166091947189145,0.0,100.0,19.339079605813716,0.0,100.0,19.72308292331602,0.0,100.0
48,13,12.206555615733702,0.0,100.0,20.09975124224178,0.0,100.0,19.313207915827967,0.0,100.0
48,14,23.790754506740637,0.0,100.0,11.532562594670797,0.0,100.0,17.4928556845359,0.0,100.0
48,15,18.841443681416774,0.0,100.0,16.792855623746664,0.0,100.0,27.03701166919155,0.0,100.0
48,16,19.313207915827967,0.0,100.0,24.166091947189145,0.0,100.0,10.954451150103322,0.0,100.0
48,17,20.615528128088304,0.0,100.0,18.35755975068582,0.0,100.0,20.273134932713294,0.0,100.0
48,18,15.652475842498529,0.0,100.0,28.178005607210743,0.0,100.0,16.673332000533065,0.0,100.0
48,19,12.24744871391589,0.0,100.0,10.04987562112089,0.0,100.0,17.916472867168917,0.0,100.0
48,20,18.627936010197157,0.0,100.0,21.95449840010015,0.0,100.0,11.575836902790225,0.0,100.0
48,21,25.709920264364882,0.0,100.0,23.62202362203543,0.0,100.0,18.547236990991408,0.0,100.0
48,22,10.488088481701515,0.0,100.0,18.275666882497067,0.0,100.0,26.343879744638983,0.0,100.0
48,23,24.919871588754223,0.0,100.0,18.2208671582886,0.0,100.0,6.324555320336759,0.0,100.0
48,24,22.825424421026653,0.0,100.0,18.681541692269406,0.0,100.0,22.64950330581225,0.0,100.0
48,25,13.564659966250536,0.0,100.0,18.894443627691185,0.0,100.0,21.400934559032695,0.0,100.0
48,26,25.337718918639855,0.0,100.0,19.44222209522358,0.0,100.0,10.816653826391969,0.0,100.0
48,27,10.344080432788601,0.0,100.0,18.973665961010276,0.0,100.0,19.209372712298546,0.0,100.0
48,28,19.339079605813716,0.0,100.0,22.15851980616034,0.0,100.0,14.89966442575134,0.0,100.0
48,29,21.77154105707724,0.0,100.0,20.71231517720798,0.0,100.0,21.18962010041709,0.0,100.0
48,30,22.715633383201094,0.0,100.0,22.11334438749598,0.0,100.0,22.11334438749598,0.0,100.0
48,31,15.033296378372908,0.0,100.0,18.439088914585774,0.0,100.0,19.44222209522358,0.0,100.0
48,32,21.118712081942874,0.0,100.0,12.727922061357855,0.0,100.0,21.494185260204677,0.0,100.0
48,33,22.9128784747792,0.0,100.0,18.81488772222678,0.0,100.0,17.204650534085253,0.0,100.0
48,34,23.68543856465402,0.0,100.0,21.18962010041709,0.0,100.0,10.099504938362077,0.0,100.0
48,35,21.95449840010015,0.0,100.0,28.337254630609507,0.0,100.0,23.259406699226016,0.0,100.0
48,36,26.645825188948457,0.0,100.0,18.466185312619388,0.0,100.0,10.0,0.0,100.0
48,37,23.790754506740637,0.0,100.0,20.46948949045872,0.0,100.0,26.476404589747453,0.0,100.0
48,38,14.560219778561036,0.0,100.0,21.61018278497431,0.0,100.0,12.569805089976535,0.0,100.0
48,39,25.632011235952593,0.0,100.0,13.379088160259652,0.0,100.0,20.92844953645635,0.0,100.0
48,40,18.466185312619388,0.0,100.0,11.180339887498949,0.0,100.0,23.280893453645632,0.0,100.0
48,41,24.535688292770594,0.0,100.0,25.88435821108957,0.0,100.0,23.345235059857504,0.0,100.0
48,42,23.2163735324878,0.0,100.0,24.1039415863879,0.0,100.0,16.431676725154983,0.0,100.0
48,43,15.394804318340652,0.0,100.0,22.11334438749598,0.0,100.0,20.71231517720798,0.0,100.0
48,44,16.583123951777,0.0,100.0,14.45683229480096,0.0,100.0,16.76305461424021,0.0,100.0
48,45,11.357816691600547,0.0,100.0,4.69041575982343,0.0,100.0,22.9128784747792,0.0,100.0
48,46,19.949937343260004,0.0,100.0,13.92838827718412,0.0,100.0,21.047565179849187,0.0,100.0
48,47,15.652475842498529,0.0,100.0,25.15949125081825,0.0,100.0,17.944358444926362,0.0,100.0
48,48,22.11334438749598,0.0,100.0,16.186414056238647,0.0,100.0,20.639767440550294,0.0,100.0
48,49,13.2664991614216,0.0,100.0,22.825424421026653,0.0,100.0,16.24807680927192,0.0,100.0
48,50,21.93171219946131,0.0,100.0,28.442925306655784,0.0,100.0,17.233687939614086,0.0,100.0
48,51,18.894443627691185,0.0,100.0,25.079872407968907,0.0,100.0,16.06237840420901,0.0,100.0
48,52,18.16590212458495,0.0,100.0,15.937377450509228,0.0,100.0,19.467922333931785,0.0,100.0
48,53,27.676705006196094,0.0,100.0,20.615528128088304,0.0,100.0,16.186414056238647,0.0,100.0
48,54,25.65151067676132,0.0,100.0,9.0,0.0,100.0,27.76688675382964,0.0,100.0
48,55,22.22611077089287,0.0,100.0,8.06225774829855,0.0,100.0,15.748015748023622,0.0,100.0
48,56,10.246950765959598,0.0,100.0,14.866068747318506,0.0,100.0,17.233687939614086,0.0,100.0
48,57,15.132745950421556,0.0,100.0,24.269322199023193,0.0,100.0,20.518284528683193,0.0,100.0
48,58,23.853720883753127,0.0,100.0,20.149441679609886,0.0,100.0,26.570660511172846,0.0,100.0
48,59,9.1104335791443,0.0,100.0,16.0312195418814,0.0,100.0,18.466185312619388,0.0,100.0
48,60,27.294688127912362,0.0,100.0,19.44222209522358,0.0,100.0,21.61018278497431,0.0,100.0
48,61,24.269322199023193,0.0,100.0,12.727922061357855,0.0,100.0,7.280109889280518,0.0,100.0
48,62,31.89043743820395,0.0,100.0,25.13961017995307,0.0,100.0,16.522711641858304,0.0,100.0
48,63,20.92844953645635,0.0,100.0,23.958297101421877,0.0,100.0,25.67099530598687,0.0,100.0
49,0,27.09243436828813,0.0,100.0,22.825424421026653,0.0,100.0,16.911534525287763,0.0,100.0
49,1,18.547236990991408,0.0,100.0,21.93171219946131,0.0,100.0,26.720778431774775,0.0,100.0
49,2,9.797958971132712,0.0,100.0,15.524174696260024,0.0,100.0,20.149441679609886,0.0,100.0
49,3,20.346989949375804,0.0,100.0,19.209372712298546,0.0,100.0,16.522711641858304,0.0,100.0
49,4,18.110770276274835,0.0,100.0,7.681145747868608,0.0,100.0,19.949937343260004,0.0,100.0
49,5,21.77154105707724,0.0,100.0,23.49468024894146,0.0,100.0,14.0,0.0,100.0
49,6,24.596747752497688,0.0,100.0,9.0,0.0,100.0,24.124676163629637,0.0,100.0
49,7,14.142135623730951,0.0,100.0,23.043437243605826,0.0,100.0,15.297058540778355,0.0,100.0
49,8,15.264337522473747,0.0,100.0,21.633307652783937,0.0,100.0,13.601470508735444,0.0,100.0
49,9,13.564659966250536,0.0,100.0,9.433981132056603,0.0,100.0,19.339079605813716,0.0,100.0
49,10,30.643106892089126,0.0,100.0,17.74823934929885,0.0,100.0,9.486832980505138,0.0,100.0
49,11,24.020824298928627,0.0,100.0,26.589471600616662,0.0,100.0,21.37755832643195,0.0,100.0
49,12,30.773365106858236,0.0,100.0,25.019992006393608,0.0,100.0,9.219544457292887,0.0,100.0
49,13,18.384776310850235,0.0,100.0,20.54263858417414,0.0,100.0,22.15851980616034,0.0,100.0
49,14,17.88854381999832,0.0,100.0,15.937377450509228,0.0,100.0,3.0,0.0,100.0
49,15,18.601075237738275,0.0,100.0,11.045361017187261,0.0,100.0,19.313207915827967,0.0,100.0
49,16,23.748684174075834,0.0,100.0,18.81488772222678,0.0,100.0,19.0,0.0,100.0
49,17,12.529964086141668,0.0,100.0,23.108440016582687,0.0,100.0,8.246211251235321,0.0,100.0
49,18,19.544820285692065,0.0,100.0,20.248456731316587,0.0,100.0,15.7797338380595,0.0,100.0
49,19,6.48074069840786,0.0,100.0,26.19160170741759,0.0,100.0,24.372115213907882,0.0,100.0
49,20,4.69041575982343,0.0,100.0,18.384776310850235,0.0,100.0,5.477225575051661,0.0,100.0
49,21,17.46424919657298,0.0,100.0,13.601470508735444,0.0,100.0,14.422205101855956,0.0,100.0
49,22,19.748417658131498,0.0,100.0,29.58039891549808,0.0,100.0,20.024984394500787,0.0,100.0
49,23,8.12403840463596,0.0,100.0,16.1245154965971,0.0,100.0,16.1245154965971,0.0,100.0
49,24,10.04987562112089,0.0,100.0,14.866068747318506,0.0,100.0,21.095023109728988,0.0,100.0
49,25,10.954451150103322,0.0,100.0,25.03996805109783,0.0,100.0,12.884098726725126,0.0,100.0
49,26,22.293496809607955,0.0,100.0,7.211102550927978,0.0,100.0,26.343879744638983,0.0,100.0
49,27,23.853720883753127,0.0,100.0,20.46948949045872,0.0,100.0,19.697715603592208,0.0,100.0
49,28,14.866068747318506,0.0,100.0,22.293496809607955,0.0,100.0,22.847319317591726,0.0,100.0
49,29,6.164414002968976,0.0,100.0,25.709920264364882,0.0,100.0,26.19160170741759,0.0,100.0
49,30,27.16615541441225,0.0,100.0,20.639767440550294,0.0,100.0,24.61706725018234,0.0,100.0
49,31,13.892443989449804,0.0,100.0,20.83266665599966,0.0,100.0,22.11334438749598,0.0,100.0
49,32,8.06225774829855,0.0,100.0,23.2163735324878,0.0,100.0,19.519221295943137,0.0,100.0
49,33,22.715633383201094,0.0,100.0,22.135943621178654,0.0,100.0,26.419689627245813,0.0,100.0
49,34,26.851443164195103,0.0,100.0,25.39685019840059,0.0,100.0,23.194827009486403,0.0,100.0
49,35,23.769728648009426,0.0,100.0,23.558437978779494,0.0,100.0,20.85665361461421,0.0,100.0
49,36,23.558437978779494,0.0,100.0,13.19090595827292,0.0,100.0,17.916472867168917,0.0,100.0
49,37,14.317821063276353,0.0,100.0,26.324893162176366,0.0,100.0,21.540659228538015,0.0,100.0
49,38,5.0990195135927845,0.0,100.0,12.68857754044952,0.0,100.0,14.491376746189438,0.0,100.0
49,39,16.06237840420901,0.0,100.0,15.066519173319364,0.0,100.0,15.588457268119896,0.0,100.0
49,40,20.09975124224178,0.0,100.0,25.495097567963924,0.0,100.0,18.138357147217054,0.0,100.0
49,41,15.0,0.0,100.0,18.35755975068582,0.0,100.0,12.449899597988733,0.0,100.0
49,42,21.2602916254693,0.0,100.0,13.601470508735444,0.0,100.0,17.029386365926403,0.0,100.0
49,43,24.454038521274967,0.0,100.0,20.346989949375804,0.0,100.0,19.87460691435179,0.0,100.0
49,44,11.0,0.0,100.0,19.44222209522358,0.0,100.0,18.681541692269406,0.0,100.0
49,45,23.108440016582687,0.0,100.0,21.93171219946131,0.0,100.0,10.816653826391969,0.0,100.0
49,46,8.602325267042627,0.0,100.0,19.131126469708992,0.0,100.0,22.40535650240808,0.0,100.0
49,47,20.615528128088304,0.0,100.0,13.92838827718412,0.0,100.0,22.15851980616034,0.0,100.0
49,48,20.8806130178211,0.0,100.0,11.532562594670797,0.0,100.0,11.74734012447073,0.0,100.0
49,49,19.924858845171276,0.0,100.0,22.93468988235943,0.0,100.0,21.470910553583888,0.0,100.0
49,50,9.486832980505138,0.0,100.0,27.184554438136374,0.0,100.0,12.409673645990857,0.0,100.0
49,51,26.90724809414742,0.0,100.0,20.248456731316587,0.0,100.0,20.639767440550294,0.0,100.0
49,52,17.029386365926403,0.0,100.0,29.086079144497972,0.0,100.0,27.53179979587241,0.0,100.0
49,53,19.519221295943137,0.0,100.0,28.372521918222215,0.0,100.0,14.594519519326424,0.0,100.0
49,54,20.024984394500787,0.0,100.0,9.899494936611665,0.0,100.0,18.439088914585774,0.0,100.0
49,55,26.40075756488817,0.0,100.0,25.768197453450252,0.0,100.0,23.727621035409346,0.0,100.0
49,56,15.297058540778355,0.0,100.0,23.194827009486403,0.0,100.0,19.748417658131498,0.0,100.0
49,57,19.313207915827967,0.0,100.0,23.600847442411894,0.0,100.0,17.69180601295413,0.0,100.0
49,58,7.280109889280518,0.0,100.0,25.15949125081825,0.0,100.0,25.65151067676132,0.0,100.0
49,59,26.076809620810597,0.0,100.0,25.612496949731394,0.0,100.0,21.95449840010015,0.0,100.0
49,60,28.442925306655784,0.0,100.0,11.0,0.0,100.0,31.20897306865447,0.0,100.0
49,61,10.770329614269007,0.0,100.0,24.269322199023193,0.0,100.0,17.944358444926362,0.0,100.0
49,62,10.04987562112089,0.0,100.0,20.12461179749811,0.0,100.0,20.639767440550294,0.0,100.0
49,63,14.212670403551895,0.0,100.0,18.384776310850235,0.0,100.0,26.77685567799177,0.0,100.0
50,0,26.038433132583073,0.0,100.0,21.400934559032695,0.0,100.0,18.466185312619388,0.0,100.0
50,1,26.476404589747453,0.0,100.0,21.656407827707714,0.0,100.0,24.1039415863879,0.0,100.0
50,2,17.46424919657298,0.0,100.0,15.652475842498529,0.0,100.0,11.357816691600547,0.0,100.0
50,3,13.92838827718412,0.0,100.0,14.45683229480096,0.0,100.0,29.068883707497267,0.0,100.0
50,4,18.973665961010276,0.0,100.0,15.394804318340652,0.0,100.0,13.416407864998739,0.0,100.0
50,5,15.297058540778355,0.0,100.0,25.573423705088842,0.0,100.0,10.44030650891055,0.0,100.0
50,6,4.58257569495584,0.0,100.0,17.72004514666935,0.0,100.0,11.180339887498949,0.0,100.0
50,7,23.769728648009426,0.0,100.0,28.91366458960192,0.0,100.0,16.97056274847714,0.0,100.0
50,8,16.401219466856727,0.0,100.0,17.291616465790582,0.0,100.0,5.0990195135927845,0.0,100.0
50,9,18.384776310850235,0.0,100.0,4.47213595499958,0.0,100.0,23.345235059857504,0.0,100.0
50,10,9.9498743710662,0.0,100.0,24.041630560342615,0.0,100.0,26.343879744638983,0.0,100.0
50,11,21.840329667841555,0.0,100.0,18.81488772222678,0.0,100.0,15.556349186104045,0.0,100.0
50,12,16.76305461424021,0.0,100.0,7.0710678118654755,0.0,100.0,18.05547008526779,0.0,100.0
50,13,11.874342087037917,0.0,100.0,12.649110640673518,0.0,100.0,9.486832980505138,0.0,100.0
50,14,18.681541692269406,0.0,100.0,18.33030277982336,0.0,100.0,11.0,0.0,100.0
50,15,16.673332000533065,0.0,100.0,25.88435821108957,0.0,100.0,16.55294535724685,0.0,100.0
50,16,18.027756377319946,0.0,100.0,10.44030650891055,0.0,100.0,25.199206336708304,0.0,100.0
50,17,20.12461179749811,0.0,100.0,26.43860813280457,0.0,100.0,15.811388300841896,0.0,100.0
50,18,22.67156809750927,0.0,100.0,21.42428528562855,0.0,100.0,13.92838827718412,0.0,100.0
50,19,14.317821063276353,0.0,100.0,24.55605831561735,0.0,100.0,15.652475842498529,0.0,100.0
50,20,20.024984394500787,0.0,100.0,21.563858652847824,0.0,100.0,18.57417562100671,0.0,100.0
50,21,8.06225774829855,0.0,100.0,15.297058540778355,0.0,100.0,24.372115213907882,0.0,100.0
50,22,22.293496809607955,0.0,100.0,12.884098726725126,0.0,100.0,18.466185312619388,0.0,100.0
50,23,22.045407685048602,0.0,100.0,16.401219466856727,0.0,100.0,19.82422760159901,0.0,100.0
50,24,15.7797338380595,0.0,100.0,11.832159566199232,0.0,100.0,26.92582403567252,0.0,100.0
50,25,15.427248620541512,0.0,100.0,15.0,0.0,100.0,19.1049731745428,0.0,100.0
50,26,20.85665361461421,0.0,100.0,24.124676163629637,0.0,100.0,16.15549442140351,0.0,100.0
50,27,19.209372712298546,0.0,100.0,17.72004514666935,0.0,100.0,13.601470508735444,0.0,100.0
50,28,14.177446878757825,0.0,100.0,6.164414002968976,0.0,100.0,21.540659228538015,0.0,100.0
50,29,12.083045973594572,0.0,100.0,19.6468827043885,0.0,100.0,26.13426869074396,0.0,100.0
50,30,13.784048752090222,0.0,100.0,22.67156809750927,0.0,100.0,17.832554500127006,0.0,100.0
50,31,27.0,0.0,100.0,21.0,0.0,100.0,27.331300737432898,0.0,100.0
50,32,19.72308292331602,0.0,100.0,22.15851980616034,0.0,100.0,14.212670403551895,0.0,100.0
50,33,22.978250586152114,0.0,100.0,16.15549442140351,0.0,100.0,12.884098726725126,0.0,100.0
50,34,16.76305461424021,0.0,100.0,3.1622776601683795,0.0,100.0,24.269322199023193,0.0,100.0
50,35,18.466185312619388,0.0,100.0,27.386127875258307,0.0,100.0,11.789826122551595,0.0,100.0
50,36,19.28730152198591,0.0,100.0,27.76688675382964,0.0,100.0,6.782329983125268,0.0,100.0
50,37,9.1104335791443,0.0,100.0,9.0,0.0,100.0,16.73320053068151,0.0,100.0
50,38,25.0,0.0,100.0,14.212670403551895,0.0,100.0,27.09243436828813,0.0,100.0
50,39,26.870057685088806,0.0,100.0,8.48528137423857,0.0,100.0,17.204650534085253,0.0,100.0
50,40,15.165750888103101,0.0,100.0,28.231188426986208,0.0,100.0,20.615528128088304,0.0,100.0
50,41,21.236760581595302,0.0,100.0,22.693611435820433,0.0,100.0,19.697715603592208,0.0,100.0
50,42,24.1039415863879,0.0,100.0,21.77154105707724,0.0,100.0,27.2213151776324,0.0,100.0
50,43,12.884098726725126,0.0,100.0,19.131126469708992,0.0,100.0,12.165525060596439,0.0,100.0
50,44,19.697715603592208,0.0,100.0,18.384776310850235,0.0,100.0,24.779023386727733,0.0,100.0
50,45,18.24828759089466,0.0,100.0,11.532562594670797,0.0,100.0,14.966629547095765,0.0,100.0
50,46,23.769728648009426,0.0,100.0,24.186773244895647,0.0,100.0,24.186773244895647,0.0,100.0
50,47,23.430749027719962,0.0,100.0,12.409673645990857,0.0,100.0,23.769728648009426,0.0,100.0
50,48,21.93171219946131,0.0,100.0,30.643106892089126,0.0,100.0,26.19160170741759,0.0,100.0
50,49,20.92844953645635,0.0,100.0,8.54400374531753,0.0,100.0,20.493901531919196,0.0,100.0
50,50,18.466185312619388,0.0,100.0,19.4164878389476,0.0,100.0,16.0312195418814,0.0,100.0
50,51,31.272991542223778,0.0,100.0,18.138357147217054,0.0,100.0,5.0990195135927845,0.0,100.0
50,52,21.97726097583591,0.0,100.0,15.427248620541512,0.0,100.0,21.470910553583888,0.0,100.0
50,53,12.569805089976535,0.0,100.0,26.324893162176366,0.0,100.0,23.62202362203543,0.0,100.0
50,54,21.97726097583591,0.0,100.0,11.180339887498949,0.0,100.0,8.12403840463596,0.0,100.0
50,55,21.213203435596427,0.0,100.0,32.93933818400121,0.0,100.0,15.132745950421556,0.0,100.0
50,56,16.492422502470642,0.0,100.0,19.261360284258224,0.0,100.0,22.22611077089287,0.0,100.0
50,57,18.920887928424502,0.0,100.0,18.81488772222678,0.0,100.0,12.083045973594572,0.0,100.0
50,58,17.05872210923198,0.0,100.0,24.919871588754223,0.0,100.0,19.235384061671343,0.0,100.0
50,59,10.488088481701515,0.0,100.0,22.293496809607955,0.0,100.0,21.540659228538015,0.0,100.0
50,60,25.45584412271571,0.0,100.0,19.72308292331602,0.0,100.0,19.6468827043885,0.0,100.0
50,61,19.79898987322333,0.0,100.0,17.378147196982766,0.0,100.0,23.366642891095847,0.0,100.0
50,62,19.6468827043885,0.0,100.0,22.869193252058544,0.0,100.0,23.62202362203543,0.0,100.0
50,63,19.026297590440446,0.0,100.0,10.770329614269007,0.0,100.0,26.851443164195103,0.0,100.0
51,0,20.024984394500787,0.0,100.0,13.784048752090222,0.0,100.0,23.021728866442675,0.0,100.0
51,1,11.661903789690601,0.0,100.0,26.19160170741759,0.0,100.0,26.92582403567252,0.0,100.0
51,2,20.615528128088304,0.0,100.0,21.307275752662516,0.0,100.0,15.066519173319364,0.0,100.0
51,3,12.083045973594572,0.0,100.0,22.561028345356956,0.0,100.0,19.131126469708992,0.0,100.0
51,4,12.409673645990857,0.0,100.0,10.246950765959598,0.0,100.0,18.601075237738275,0.0,100.0
51,5,17.233687939614086,0.0,100.0,8.06225774829855,0.0,100.0,22.44994432064365,0.0,100.0
51,6,20.85665361461421,0.0,100.0,28.61817604250837,0.0,100.0,18.49324200890693,0.0,100.0
51,7,24.228082879171435,0.0,100.0,20.346989949375804,0.0,100.0,16.30950643030009,0.0,100.0
51,8,24.939927826679853,0.0,100.0,22.561028345356956,0.0,100.0,23.345235059857504,0.0,100.0
51,9,22.22611077089287,0.0,100.0,12.36931687685298,0.0,100.0,13.638181696985855,0.0,100.0
51,10,11.445523142259598,0.0,100.0,17.804493814764857,0.0,100.0,21.42428528562855,0.0,100.0
51,11,14.730919862656235,0.0,100.0,26.343879744638983,0.0,100.0,26.248809496813376,0.0,100.0
51,12,18.027756377319946,0.0,100.0,26.476404589747453,0.0,100.0,23.021728866442675,0.0,100.0
51,13,11.180339887498949,0.0,100.0,22.02271554554524,0.0,100.0,17.4928556845359,0.0,100.0
51,14,21.93171219946131,0.0,100.0,19.87460691435179,0.0,100.0,31.89043743820395,0.0,100.0
51,15,23.769728648009426,0.0,100.0,25.495097567963924,0.0,100.0,18.05547008526779,0.0,100.0
51,16,14.491376746189438,0.0,100.0,26.019223662515376,0.0,100.0,12.12435565298214,0.0,100.0
51,17,19.0,0.0,100.0,21.656407827707714,0.0,100.0,20.223748416156685,0.0,100.0
51,18,17.549928774784245,0.0,100.0,8.12403840463596,0.0,100.0,18.708286933869708,0.0,100.0
51,19,19.261360284258224,0.0,100.0,18.547236990991408,0.0,100.0,22.22611077089287,0.0,100.0
51,20,11.357816691600547,0.0,100.0,9.16515138991168,0.0,100.0,24.61706725018234,0.0,100.0
51,21,18.466185312619388,0.0,100.0,17.349351572897472,0.0,100.0,16.492422502470642,0.0,100.0
51,22,15.811388300841896,0.0,100.0,19.544820285692065,0.0,100.0,24.392621835300936,0.0,100.0
51,23,18.466185312619388,0.0,100.0,21.840329667841555,0.0,100.0,16.522711641858304,0.0,100.0
51,24,14.317821063276353,0.0,100.0,7.280109889280518,0.0,100.0,17.146428199482248,0.0,100.0
51,25,20.73644135332772,0.0,100.0,22.494443758403985,0.0,100.0,25.25866188063018,0.0,100.0
51,26,15.0,0.0,100.0,22.847319317591726,0.0,100.0,27.0,0.0,100.0
51,27,28.372521918222215,0.0,100.0,11.916375287812984,0.0,100.0,24.758836806279895,0.0,100.0
51,28,17.05872210923198,0.0,100.0,24.20743687382041,0.0,100.0,17.320508075688775,0.0,100.0
51,29,26.77685567799177,0.0,100.0,13.379088160259652,0.0,100.0,23.021728866442675,0.0,100.0
51,30,25.67099530598687,0.0,100.0,18.49324200890693,0.0,100.0,3.3166247903554,0.0,100.0
51,31,3.7416573867739413,0.0,100.0,12.884098726725126,0.0,100.0,18.0,0.0,100.0
51,32,21.748563170931547,0.0,100.0,19.209372712298546,0.0,100.0,25.632011235952593,0.0,100.0
51,33,14.89966442575134,0.0,100.0,22.22611077089287,0.0,100.0,21.02379604162864,0.0,100.0
51,34,21.400934559032695,0.0,100.0,14.352700094407323,0.0,100.0,21.656407827707714,0.0,100.0
51,35,7.483314773547883,0.0,100.0,24.839484696748443,0.0,100.0,11.74734012447073,0.0,100.0
51,36,22.360679774997898,0.0,100.0,23.874672772626646,0.0,100.0,21.840329667841555,0.0,100.0
51,37,20.97617696340303,0.0,100.0,20.71231517720798,0.0,100.0,19.8997487421324,0.0,100.0
51,38,15.652475842498529,0.0,100.0,31.176914536239792,0.0,100.0,18.193405398660254,0.0,100.0
51,39,23.853720883753127,0.0,100.0,14.071247279470288,0.0,100.0,12.12435565298214,0.0,100.0
51,40,17.029386365926403,0.0,100.0,19.748417658131498,0.0,100.0,13.892443989449804,0.0,100.0
51,41,21.2602916254693,0.0,100.0,21.77154105707724,0.0,100.0,23.62202362203543,0.0,100.0
51,42,19.0,0.0,100.0,13.92838827718412,0.0,100.0,16.673332000533065,0.0,100.0
51,43,19.621416870348583,0.0,100.0,13.076696830622021,0.0,100.0,10.04987562112089,0.0,100.0
51,44,25.15949125081825,0.0,100.0,22.93468988235943,0.0,100.0,25.45584412271571,0.0,100.0
51,45,22.15851980616034,0.0,100.0,18.466185312619388,0.0,100.0,13.564659966250536,0.0,100.0
51,46,26.038433132583073,0.0,100.0,4.123105625617661,0.0,100.0,16.97056274847714,0.0,100.0
51,47,19.924858845171276,0.0,100.0,21.236760581595302,0.0,100.0,20.223748416156685,0.0,100.0
51,48,4.123105625617661,0.0,100.0,13.038404810405298,0.0,100.0,23.853720883753127,0.0,100.0
51,49,20.97617696340303,0.0,100.0,18.110770276274835,0.0,100.0,19.209372712298546,0.0,100.0
51,50,19.72308292331602,0.0,100.0,17.72004514666935,0.0,100.0,11.180339887498949,0.0,100.0
51,51,22.759613353482084,0.0,100.0,12.24744871391589,0.0,100.0,18.16590212458495,0.0,100.0
51,52,20.024984394500787,0.0,100.0,23.515952032609693,0.0,100.0,22.15851980616034,0.0,100.0
51,53,22.825424421026653,0.0,100.0,18.05547008526779,0.0,100.0,18.466185312619388,0.0,100.0
51,54,17.72004514666935,0.0,100.0,17.944358444926362,0.0,100.0,13.45362404707371,0.0,100.0
51,55,15.394804318340652,0.0,100.0,14.422205101855956,0.0,100.0,19.72308292331602,0.0,100.0
51,56,17.291616465790582,0.0,100.0,18.0,0.0,100.0,18.027756377319946,0.0,100.0
51,57,22.67156809750927,0.0,100.0,18.708286933869708,0.0,100.0,27.03701166919155,0.0,100.0
51,58,26.476404589747453,0.0,100.0,20.09975124224178,0.0,100.0,25.65151067676132,0.0,100.0
51,59,17.46424919657298,0.0,100.0,8.602325267042627,0.0,100.0,20.46948949045872,0.0,100.0
51,60,24.454038521274967,0.0,100.0,25.475478405713993,0.0,100.0,21.0,0.0,100.0
51,61,19.748417658131498,0.0,100.0,20.223748416156685,0.0,100.0,17.4928556845359,0.0,100.0
51,62,20.591260281974,0.0,100.0,4.69041575982343,0.0,100.0,16.0312195418814,0.0,100.0
51,63,13.341664064126334,0.0,100.0,10.677078252031311,0.0,100.0,18.16590212458495,0.0,100.0
52,0,22.67156809750927,0.0,100.0,23.853720883753127,0.0,100.0,25.67099530598687,0.0,100.0
52,1,11.532562594670797,0.0,100.0,21.400934559032695,0.0,100.0,17.72004514666935,0.0,100.0
52,2,30.675723300355934,0.0,100.0,22.58317958127243,0.0,100.0,9.273618495495704,0.0,100.0
52,3,13.601470508735444,0.0,100.0,17.916472867168917,0.0,100.0,21.79449471770337,0.0,100.0
52,4,21.540659228538015,0.0,100.0,12.529964086141668,0.0,100.0,13.30413469565007,0.0,100.0
52,5,14.177446878757825,0.0,100.0,16.15549442140351,0.0,100.0,19.697715603592208,0.0,100.0
52,6,10.677078252031311,0.0,100.0,6.324555320336759,0.0,100.0,11.704699910719626,0.0,100.0
52,7,20.639767440550294,0.0,100.0,21.470910553583888,0.0,100.0,18.138357147217054,0.0,100.0
52,8,21.563858652847824,0.0,100.0,11.224972160321824,0.0,100.0,18.81488772222678,0.0,100.0
52,9,20.615528128088304,0.0,100.0,24.919871588754223,0.0,100.0,22.9128784747792,0.0,100.0
52,10,25.787593916455254,0.0,100.0,21.77154105707724,0.0,100.0,15.427248620541512,0.0,100.0
52,11,4.123105625617661,0.0,100.0,18.275666882497067,0.0,100.0,13.152946437965905,0.0,100.0
52,12,21.213203435596427,0.0,100.0,22.494443758403985,0.0,100.0,22.494443758403985,0.0,100.0
52,13,13.490737563232042,0.0,100.0,9.486832980505138,0.0,100.0,20.615528128088304,0.0,100.0
52,14,13.0,0.0,100.0,14.035668847618199,0.0,100.0,21.77154105707724,0.0,100.0
52,15,24.596747752497688,0.0,100.0,26.795522013948524,0.0,100.0,28.372521918222215,0.0,100.0
52,16,21.213203435596427,0.0,100.0,19.672315572906,0.0,100.0,18.35755975068582,0.0,100.0
52,17,18.920887928424502,0.0,100.0,24.269322199023193,0.0,100.0,25.495097567963924,0.0,100.0
52,18,9.848857801796104,0.0,100.0,19.72308292331602,0.0,100.0,19.1049731745428,0.0,100.0
52,19,12.083045973594572,0.0,100.0,18.466185312619388,0.0,100.0,19.519221295943137,0.0,100.0
52,20,9.539392014169456,0.0,100.0,17.4928556845359,0.0,100.0,26.13426869074396,0.0,100.0
52,21,16.881943016134134,0.0,100.0,6.324555320336759,0.0,100.0,20.396078054371138,0.0,100.0
52,22,12.806248474865697,0.0,100.0,8.660254037844387,0.0,100.0,20.54263858417414,0.0,100.0
52,23,17.4928556845359,0.0,100.0,4.242640687119285,0.0,100.0,19.0,0.0,100.0
52,24,23.45207879911715,0.0,100.0,16.911534525287763,0.0,100.0,17.97220075561143,0.0,100.0
52,25,27.386127875258307,0.0,100.0,19.544820285692065,0.0,100.0,17.0,0.0,100.0
52,26,15.264337522473747,0.0,100.0,18.76166303929372,0.0,100.0,25.25866188063018,0.0,100.0
52,27,9.899494936611665,0.0,100.0,26.90724809414742,0.0,100.0,21.656407827707714,0.0,100.0
52,28,22.64950330581225,0.0,100.0,16.583123951777,0.0,100.0,21.42428528562855,0.0,100.0
52,29,15.066519173319364,0.0,100.0,12.68857754044952,0.0,100.0,22.22611077089287,0.0,100.0
52,30,11.180339887498949,0.0,100.0,23.769728648009426,0.0,100.0,17.029386365926403,0.0,100.0
52,31,26.343879744638983,0.0,100.0,29.03446228191595,0.0,100.0,20.223748416156685,0.0,100.0
52,32,23.08679276123039,0.0,100.0,12.328828005937952,0.0,100.0,10.344080432788601,0.0,100.0
52,33,13.152946437965905,0.0,100.0,16.30950643030009,0.0,100.0,17.72004514666935,0.0,100.0
52,34,10.295630140987,0.0,100.0,20.09975124224178,0.0,100.0,15.748015748023622,0.0,100.0
52,35,22.825424421026653,0.0,100.0,17.72004514666935,0.0,100.0,23.83275057562597,0.0,100.0
52,36,22.293496809607955,0.0,100.0,20.615528128088304,0.0,100.0,13.601470508735444,0.0,100.0
52,37,20.322401432901575,0.0,100.0,14.560219778561036,0.0,100.0,17.378147196982766,0.0,100.0
52,38,12.68857754044952,0.0,100.0,11.0,0.0,100.0,17.08800749063506,0.0,100.0
52,39,18.681541692269406,0.0,100.0,19.1049731745428,0.0,100.0,20.808652046684813,0.0,100.0
52,40,18.439088914585774,0.0,100.0,28.792360097775937,0.0,100.0,17.916472867168917,0.0,100.0
52,41,27.586228448267445,0.0,100.0,17.46424919657298,0.0,100.0,22.315913604421397,0.0,100.0
52,42,22.693611435820433,0.0,100.0,23.043437243605826,0.0,100.0,23.430749027719962,0.0,100.0
52,43,12.529964086141668,0.0,100.0,6.708203932499369,0.0,100.0,21.02379604162864,0.0,100.0
52,44,10.04987562112089,0.0,100.0,24.535688292770594,0.0,100.0,15.066519173319364,0.0,100.0
52,45,22.847319317591726,0.0,100.0,19.924858845171276,0.0,100.0,5.916079783099616,0.0,100.0
52,46,21.470910553583888,0.0,100.0,13.638181696985855,0.0,100.0,13.341664064126334,0.0,100.0
52,47,16.278820596099706,0.0,100.0,16.0312195418814,0.0,100.0,22.58317958127243,0.0,100.0
52,48,21.95449840010015,0.0,100.0,14.035668847618199,0.0,100.0,25.573423705088842,0.0,100.0
52,49,9.9498743710662,0.0,100.0,18.867962264113206,0.0,100.0,21.61018278497431,0.0,100.0
52,50,20.024984394500787,0.0,100.0,27.331300737432898,0.0,100.0,26.60826939130014,0.0,100.0
52,51,24.1039415863879,0.0,100.0,25.88435821108957,0.0,100.0,11.874342087037917,0.0,100.0
52,52,28.035691537752374,0.0,100.0,16.30950643030009,0.0,100.0,15.811388300841896,0.0,100.0
52,53,5.0990195135927845,0.0,100.0,16.881943016134134,0.0,100.0,24.08318915758459,0.0,100.0
52,54,16.30950643030009,0.0,100.0,21.656407827707714,0.0,100.0,20.049937655763422,0.0,100.0
52,55,22.715633383201094,0.0,100.0,14.352700094407323,0.0,100.0,22.561028345356956,0.0,100.0
52,56,15.066519173319364,0.0,100.0,11.532562594670797,0.0,100.0,19.949937343260004,0.0,100.0
52,57,29.68164415931166,0.0,100.0,20.493901531919196,0.0,100.0,20.322401432901575,0.0,100.0
52,58,24.372115213907882,0.0,100.0,27.85677655436824,0.0,100.0,14.352700094407323,0.0,100.0
52,59,19.519221295943137,0.0,100.0,17.291616465790582,0.0,100.0,14.866068747318506,0.0,100.0
52,60,22.9128784747792,0.0,100.0,18.973665961010276,0.0,100.0,19.672315572906,0.0,100.0
52,61,12.36931687685298,0.0,100.0,18.0,0.0,100.0,14.035668847618199,0.0,100.0
52,62,11.532562594670797,0.0,100.0,21.656407827707714,0.0,100.0,22.9128784747792,0.0,100.0
52,63,24.20743687382041,0.0,100.0,18.708286933869708,0.0,100.0,19.519221295943137,0.0,100.0
53,0,21.840329667841555,0.0,100.0,17.832554500127006,0.0,100.0,16.186414056238647,0.0,100.0
53,1,20.12461179749811,0.0,100.0,12.529964086141668,0.0,100.0,27.676705006196094,0.0,100.0
53,2,26.095976701399778,0.0,100.0,15.652475842498529,0.0,100.0,17.204650534085253,0.0,100.0
53,3,14.317821063276353,0.0,100.0,22.64950330581225,0.0,100.0,17.549928774784245,0.0,100.0
53,4,28.337254630609507,0.0,100.0,22.293496809607955,0.0,100.0,20.049937655763422,0.0,100.0
53,5,7.3484692283495345,0.0,100.0,18.138357147217054,0.0,100.0,30.033314835362415,0.0,100.0
53,6,24.1039415863879,0.0,100.0,24.919871588754223,0.0,100.0,20.518284528683193,0.0,100.0
53,7,19.672315572906,0.0,100.0,26.90724809414742,0.0,100.0,12.68857754044952,0.0,100.0
53,8,21.540659228538015,0.0,100.0,21.95449840010015,0.0,100.0,24.124676163629637,0.0,100.0
53,9,18.193405398660254,0.0,100.0,20.518284528683193,0.0,100.0,4.69041575982343,0.0,100.0
53,10,21.236760581595302,0.0,100.0,2.23606797749979,0.0,100.0,21.0,0.0,100.0
53,11,27.367864366808018,0.0,100.0,21.95449840010015,0.0,100.0,19.209372712298546,0.0,100.0
53,12,20.12461179749811,0.0,100.0,15.394804318340652,0.0,100.0,13.601470508735444,0.0,100.0
53,13,20.83266665599966,0.0,100.0,23.68543856465402,0.0,100.0,12.24744871391589,0.0,100.0
53,14,13.490737563232042,0.0,100.0,21.0,0.0,100.0,15.0,0.0,100.0
53,15,22.20360331117452,0.0,100.0,21.79449471770337,0.0,100.0,20.639767440550294,0.0,100.0
53,16,27.964262908219126,0.0,100.0,10.04987562112089,0.0,100.0,7.483314773547883,0.0,100.0
53,17,23.895606290697042,0.0,100.0,21.79449471770337,0.0,100.0,13.0,0.0,100.0
53,18,12.727922061357855,0.0,100.0,28.513154858766505,0.0,100.0,12.569805089976535,0.0,100.0
53,19,13.490737563232042,0.0,100.0,19.261360284258224,0.0,100.0,21.400934559032695,0.0,100.0
53,20,22.20360331117452,0.0,100.0,7.280109889280518,0.0,100.0,21.095023109728988,0.0,100.0
53,21,19.6468827043885,0.0,100.0,23.366642891095847,0.0,100.0,7.3484692283495345,0.0,100.0
53,22,15.264337522473747,0.0,100.0,23.68543856465402,0.0,100.0,13.601470508735444,0.0,100.0
53,23,23.173260452512935,0.0,100.0,18.466185312619388,0.0,100.0,14.2828568570857,0.0,100.0
53,24,24.413111231467404,0.0,100.0,10.488088481701515,0.0,100.0,10.816653826391969,0.0,100.0
53,25,22.045407685048602,0.0,100.0,14.142135623730951,0.0,100.0,12.68857754044952,0.0,100.0
53,26,14.352700094407323,0.0,100.0,21.42428528562855,0.0,100.0,10.488088481701515,0.0,100.0
53,27,18.867962264113206,0.0,100.0,20.73644135332772,0.0,100.0,25.475478405713993,0.0,100.0
53,28,7.0,0.0,100.0,22.22611077089287,0.0,100.0,12.083045973594572,0.0,100.0
53,29,17.0,0.0,100.0,24.919871588754223,0.0,100.0,8.12403840463596,0.0,100.0
53,30,28.035691537752374,0.0,100.0,6.4031242374328485,0.0,100.0,20.273134932713294,0.0,100.0
53,31,20.09975124224178,0.0,100.0,21.213203435596427,0.0,100.0,30.066592756745816,0.0,100.0
53,32,20.248456731316587,0.0,100.0,25.39685019840059,0.0,100.0,15.394804318340652,0.0,100.0
53,33,18.439088914585774,0.0,100.0,25.768197453450252,0.0,100.0,25.96150997149434,0.0,100.0
53,34,25.553864678361276,0.0,100.0,16.0312195418814,0.0,100.0,25.0,0.0,100.0
53,35,23.430749027719962,0.0,100.0,16.55294535724685,0.0,100.0,25.39685019840059,0.0,100.0
53,36,12.68857754044952,0.0,100.0,7.615773105863909,0.0,100.0,24.228082879171435,0.0,100.0
53,37,17.26267650163207,0.0,100.0,19.949937343260004,0.0,100.0,22.494443758403985,0.0,100.0
53,38,13.490737563232042,0.0,100.0,22.561028345356956,0.0,100.0,15.524174696260024,0.0,100.0
53,39,19.72308292331602,0.0,100.0,18.138357147217054,0.0,100.0,10.862780491200215,0.0,100.0
53,40,16.1245154965971,0.0,100.0,12.449899597988733,0.0,100.0,10.198039027185569,0.0,100.0
53,41,19.209372712298546,0.0,100.0,19.209372712298546,0.0,100.0,8.831760866327848,0.0,100.0
53,42,21.400934559032695,0.0,100.0,22.67156809750927,0.0,100.0,25.98076211353316,0.0,100.0
53,43,17.60681686165901,0.0,100.0,11.180339887498949,0.0,100.0,26.832815729997478,0.0,100.0
53,44,17.11724276862369,0.0,100.0,6.0,0.0,100.0,18.275666882497067,0.0,100.0
53,45,8.774964387392123,0.0,100.0,12.083045973594572,0.0,100.0,12.36931687685298,0.0,100.0
53,46,26.248809496813376,0.0,100.0,15.937377450509228,0.0,100.0,12.806248474865697,0.0,100.0
53,47,6.557438524302,0.0,100.0,9.433981132056603,0.0,100.0,19.0,0.0,100.0
53,48,14.177446878757825,0.0,100.0,19.235384061671343,0.0,100.0,25.019992006393608,0.0,100.0
53,49,21.400934559032695,0.0,100.0,19.078784028338912,0.0,100.0,25.39685019840059,0.0,100.0
53,50,17.029386365926403,0.0,100.0,27.386127875258307,0.0,100.0,20.322401432901575,0.0,100.0
53,51,18.027756377319946,0.0,100.0,20.223748416156685,0.0,100.0,17.11724276862369,0.0,100.0
53,52,24.939927826679853,0.0,100.0,14.491376746189438,0.0,100.0,20.73644135332772,0.0,100.0
53,53,16.15549442140351,0.0,100.0,15.427248620541512,0.0,100.0,24.859605789312106,0.0,100.0
53,54,14.317821063276353,0.0,100.0,25.238858928247925,0.0,100.0,18.24828759089466,0.0,100.0
53,55,18.275666882497067,0.0,100.0,22.693611435820433,0.0,100.0,17.74823934929885,0.0,100.0
53,56,18.110770276274835,0.0,100.0,10.677078252031311,0.0,100.0,18.708286933869708,0.0,100.0
53,57,3.605551275463989,0.0,100.0,23.021728866442675,0.0,100.0,15.394804318340652,0.0,100.0
53,58,25.768197453450252,0.0,100.0,20.346989949375804,0.0,100.0,20.688160865577203,0.0,100.0
53,59,13.490737563232042,0.0,100.0,21.37755832643195,0.0,100.0,21.93171219946131,0.0,100.0
53,60,20.0,0.0,100.0,19.748417658131498,0.0,100.0,12.806248474865697,0.0,100.0
53,61,20.493901531919196,0.0,100.0,22.64950330581225,0.0,100.0,20.904544960366874,0.0,100.0
53,62,16.792855623746664,0.0,100.0,13.601470508735444,0.0,100.0,19.339079605813716,0.0,100.0
53,63,21.79449471770337,0.0,100.0,19.28730152198591,0.0,100.0,20.273134932713294,0.0,100.0
54,0,27.018512172212592,0.0,100.0,18.601075237738275,0.0,100.0,22.80350850198276,0.0,100.0
54,1,29.189039038652847,0.0,100.0,22.715633383201094,0.0,100.0,13.45362404707371,0.0,100.0
54,2,18.708286933869708,0.0,100.0,17.46424919657298,0.0,100.0,16.278820596099706,0.0,100.0
54,3,21.118712081942874,0.0,100.0,15.811388300841896,0.0,100.0,22.40535650240808,0.0,100.0
54,4,19.519221295943137,0.0,100.0,23.043437243605826,0.0,100.0,14.071247279470288,0.0,100.0
54,5,18.708286933869708,0.0,100.0,31.20897306865447,0.0,100.0,6.708203932499369,0.0,100.0
54,6,16.792855623746664,0.0,100.0,18.681541692269406,0.0,100.0,14.730919862656235,0.0,100.0
54,7,10.246950765959598,0.0,100.0,22.045407685048602,0.0,100.0,31.304951684997057,0.0,100.0
54,8,11.575836902790225,0.0,100.0,30.675723300355934,0.0,100.0,21.37755832643195,0.0,100.0
54,9,21.02379604162864,0.0,100.0,23.280893453645632,0.0,100.0,7.280109889280518,0.0,100.0
54,10,20.73644135332772,0.0,100.0,19.209372712298546,0.0,100.0,19.209372712298546,0.0,100.0
54,11,16.55294535724685,0.0,100.0,18.601075237738275,0.0,100.0,11.661903789690601,0.0,100.0
54,12,22.58317958127243,0.0,100.0,21.2602916254693,0.0,100.0,7.874007874011811,0.0,100.0
54,13,17.05872210923198,0.0,100.0,25.768197453450252,0.0,100.0,14.142135623730951,0.0,100.0
54,14,17.72004514666935,0.0,100.0,23.83275057562597,0.0,100.0,12.083045973594572,0.0,100.0
54,15,10.246950765959598,0.0,100.0,21.656407827707714,0.0,100.0,19.87460691435179,0.0,100.0
54,16,14.560219778561036,0.0,100.0,13.92838827718412,0.0,100.0,16.55294535724685,0.0,100.0
54,17,16.822603841260722,0.0,100.0,15.0996688705415,0.0,100.0,17.60681686165901,0.0,100.0
54,18,17.72004514666935,0.0,100.0,22.02271554554524,0.0,100.0,5.0990195135927845,0.0,100.0
54,19,12.165525060596439,0.0,100.0,15.937377450509228,0.0,100.0,5.916079783099616,0.0,100.0
54,20,20.83266665599966,0.0,100.0,18.708286933869708,0.0,100.0,16.24807680927192,0.0,100.0
54,21,18.920887928424502,0.0,100.0,14.7648230602334,0.0,100.0,14.352700094407323,0.0,100.0
54,22,22.11334438749598,0.0,100.0,22.58317958127243,0.0,100.0,22.02271554554524,0.0,100.0
54,23,10.488088481701515,0.0,100.0,22.360679774997898,0.0,100.0,27.16615541441225,0.0,100.0
54,24,25.826343140289914,0.0,100.0,11.090536506409418,0.0,100.0,19.72308292331602,0.0,100.0
54,25,20.09975124224178,0.0,100.0,20.12461179749811,0.0,100.0,21.840329667841555,0.0,100.0
54,26,23.430749027719962,0.0,100.0,14.594519519326424,0.0,100.0,22.20360331117452,0.0,100.0
54,27,14.352700094407323,0.0,100.0,20.346989949375804,0.0,100.0,13.416407864998739,0.0,100.0
54,28,11.789826122551595,0.0,100.0,22.64950330581225,0.0,100.0,23.62202362203543,0.0,100.0
54,29,27.184554438136374,0.0,100.0,19.467922333931785,0.0,100.0,20.904544960366874,0.0,100.0
54,30,15.0,0.0,100.0,20.97617696340303,0.0,100.0,18.411952639521967,0.0,100.0
54,31,28.792360097775937,0.0,100.0,21.18962010041709,0.0,100.0,19.672315572906,0.0,100.0
54,32,20.54263858417414,0.0,100.0,25.80697580112788,0.0,100.0,15.0,0.0,100.0
54,33,16.401219466856727,0.0,100.0,15.684387141358123,0.0,100.0,14.352700094407323,0.0,100.0
54,34,23.790754506740637,0.0,100.0,22.045407685048602,0.0,100.0,20.85665361461421,0.0,100.0
54,35,19.621416870348583,0.0,100.0,18.867962264113206,0.0,100.0,20.615528128088304,0.0,100.0
54,36,15.0996688705415,0.0,100.0,21.118712081942874,0.0,100.0,26.90724809414742,0.0,100.0
54,37,17.05872210923198,0.0,100.0,15.0996688705415,0.0,100.0,4.358898943540674,0.0,100.0
54,38,12.206555615733702,0.0,100.0,13.92838827718412,0.0,100.0,9.16515138991168,0.0,100.0
54,39,17.578395831246947,0.0,100.0,24.269322199023193,0.0,100.0,20.73644135332772,0.0,100.0
54,40,15.0,0.0,100.0,19.621416870348583,0.0,100.0,7.615773105863909,0.0,100.0
54,41,18.466185312619388,0.0,100.0,17.916472867168917,0.0,100.0,19.131126469708992,0.0,100.0
54,42,24.454038521274967,0.0,100.0,26.324893162176366,0.0,100.0,13.92838827718412,0.0,100.0
54,43,27.51363298439521,0.0,100.0,8.306623862918075,0.0,100.0,13.152946437965905,0.0,100.0
54,44,25.099800796022265,0.0,100.0,17.549928774784245,0.0,100.0,27.440845468024488,0.0,100.0
54,45,13.92838827718412,0.0,100.0,23.748684174075834,0.0,100.0,22.045407685048602,0.0,100.0
54,46,22.715633383201094,0.0,100.0,18.138357147217054,0.0,100.0,15.165750888103101,0.0,100.0
54,47,11.832159566199232,0.0,100.0,10.677078252031311,0.0,100.0,22.58317958127243,0.0,100.0
54,48,15.937377450509228,0.0,100.0,19.949937343260004,0.0,100.0,17.72004514666935,0.0,100.0
54,49,25.632011235952593,0.0,100.0,23.664319132398465,0.0,100.0,9.695359714832659,0.0,100.0
54,50,22.15851980616034,0.0,100.0,15.427248620541512,0.0,100.0,26.94438717061496,0.0,100.0
54,51,15.066519173319364,0.0,100.0,22.58317958127243,0.0,100.0,9.1104335791443,0.0,100.0
54,52,25.475478405713993,0.0,100.0,20.346989949375804,0.0,100.0,23.600847442411894,0.0,100.0
54,53,6.4031242374328485,0.0,100.0,23.93741840717165,0.0,100.0,24.919871588754223,0.0,100.0
54,54,11.74734012447073,0.0,100.0,7.0710678118654755,0.0,100.0,2.449489742783178,0.0,100.0
54,55,17.97220075561143,0.0,100.0,13.19090595827292,0.0,100.0,17.916472867168917,0.0,100.0
54,56,28.442925306655784,0.0,100.0,13.490737563232042,0.0,100.0,7.810249675906654,0.0,100.0
54,57,25.019992006393608,0.0,100.0,12.083045973594572,0.0,100.0,18.973665961010276,0.0,100.0
54,58,25.37715508089904,0.0,100.0,20.12461179749811,0.0,100.0,16.09347693943108,0.0,100.0
54,59,21.447610589527216,0.0,100.0,15.588457268119896,0.0,100.0,15.7797338380595,0.0,100.0
54,60,16.30950643030009,0.0,100.0,22.627416997969522,0.0,100.0,22.47220505424423,0.0,100.0
54,61,22.045407685048602,0.0,100.0,6.708203932499369,0.0,100.0,16.15549442140351,0.0,100.0
54,62,20.83266665599966,0.0,100.0,19.748417658131498,0.0,100.0,15.0,0.0,100.0
54,63,20.024984394500787,0.0,100.0,22.293496809607955,0.0,100.0,26.476404589747453,0.0,100.0
55,0,22.561028345356956,0.0,100.0,24.020824298928627,0.0,100.0,26.720778431774775,0.0,100.0
55,1,23.706539182259394,0.0,100.0,19.390719429665317,0.0,100.0,29.68164415931166,0.0,100.0
55,2,10.488088481701515,0.0,100.0,21.2602916254693,0.0,100.0,16.73320053068151,0.0,100.0
55,3,16.401219466856727,0.0,100.0,17.4928556845359,0.0,100.0,17.578395831246947,0.0,100.0
55,4,12.569805089976535,0.0,100.0,15.811388300841896,0.0,100.0,18.16590212458495,0.0,100.0
55,5,21.118712081942874,0.0,100.0,9.899494936611665,0.0,100.0,21.470910553583888,0.0,100.0
55,6,19.026297590440446,0.0,100.0,27.331300737432898,0.0,100.0,20.639767440550294,0.0,100.0
55,7,21.213203435596427,0.0,100.0,20.09975124224178,0.0,100.0,28.653097563788805,0.0,100.0
55,8,17.4928556845359,0.0,100.0,15.524174696260024,0.0,100.0,26.248809496813376,0.0,100.0
55,9,17.204650534085253,0.0,100.0,24.413111231467404,0.0,100.0,21.840329667841555,0.0,100.0
55,10,9.433981132056603,0.0,100.0,29.427877939124322,0.0,100.0,23.366642891095847,0.0,100.0
55,11,11.874342087037917,0.0,100.0,23.0,0.0,100.0,21.79449471770337,0.0,100.0
55,12,24.06241883103193,0.0,100.0,21.72556098240043,0.0,100.0,11.532562594670797,0.0,100.0
55,13,25.96150997149434,0.0,100.0,23.45207879911715,0.0,100.0,19.6468827043885,0.0,100.0
55,14,16.431676725154983,0.0,100.0,22.090722034374522,0.0,100.0,23.0,0.0,100.0
55,15,26.248809496813376,0.0,100.0,20.024984394500787,0.0,100.0,18.57417562100671,0.0,100.0
55,16,15.264337522473747,0.0,100.0,19.1049731745428,0.0,100.0,13.416407864998739,0.0,100.0
55,17,23.021728866442675,0.0,100.0,25.25866188063018,0.0,100.0,20.615528128088304,0.0,100.0
55,18,19.519221295943137,0.0,100.0,15.394804318340652,0.0,100.0,19.748417658131498,0.0,100.0
55,19,17.233687939614086,0.0,100.0,14.352700094407323,0.0,100.0,12.529964086141668,0.0,100.0
55,20,26.720778431774775,0.0,100.0,24.919871588754223,0.0,100.0,14.352700094407323,0.0,100.0
55,21,23.15167380558045,0.0,100.0,9.899494936611665,0.0,100.0,17.029386365926403,0.0,100.0
55,22,18.49324200890693,0.0,100.0,18.973665961010276,0.0,100.0,17.46424919657298,0.0,100.0
55,23,19.72308292331602,0.0,100.0,25.37715508089904,0.0,100.0,16.522711641858304,0.0,100.0
55,24,14.177446878757825,0.0,100.0,25.729360660537214,0.0,100.0,23.280893453645632,0.0,100.0
55,25,19.748417658131498,0.0,100.0,22.561028345356956,0.0,100.0,22.0,0.0,100.0
55,26,18.788294228055936,0.0,100.0,8.246211251235321,0.0,100.0,11.874342087037917,0.0,100.0
55,27,17.378147196982766,0.0,100.0,25.337718918639855,0.0,100.0,20.518284528683193,0.0,100.0
55,28,25.019992006393608,0.0,100.0,7.3484692283495345,0.0,100.0,17.578395831246947,0.0,100.0
55,29,21.307275752662516,0.0,100.0,22.22611077089287,0.0,100.0,19.544820285692065,0.0,100.0
55,30,17.05872210923198,0.0,100.0,15.132745950421556,0.0,100.0,24.289915602982237,0.0,100.0
55,31,22.561028345356956,0.0,100.0,20.518284528683193,0.0,100.0,15.066519173319364,0.0,100.0
55,32,20.808652046684813,0.0,100.0,14.035668847618199,0.0,100.0,21.283796653792763,0.0,100.0
55,33,18.384776310850235,0.0,100.0,23.021728866442675,0.0,100.0,11.575836902790225,0.0,100.0
55,34,26.832815729997478,0.0,100.0,22.11334438749598,0.0,100.0,22.02271554554524,0.0,100.0
55,35,24.677925358506133,0.0,100.0,17.05872210923198,0.0,100.0,29.46183972531247,0.0,100.0
55,36,8.660254037844387,0.0,100.0,13.601470508735444,0.0,100.0,19.849433241279208,0.0,100.0
55,37,12.68857754044952,0.0,100.0,18.49324200890693,0.0,100.0,19.44222209522358,0.0,100.0
55,38,16.76305461424021,0.0,100.0,22.869193252058544,0.0,100.0,16.881943016134134,0.0,100.0
55,39,9.0,0.0,100.0,17.578395831246947,0.0,100.0,17.26267650163207,0.0,100.0
55,40,13.19090595827292,0.0,100.0,25.553864678361276,0.0,100.0,24.71841418861655,0.0,100.0
55,41,24.839484696748443,0.0,100.0,22.181073012818835,0.0,100.0,28.792360097775937,0.0,100.0
55,42,8.94427190999916,0.0,100.0,20.223748416156685,0.0,100.0,16.06237840420901,0.0,100.0
55,43,24.124676163629637,0.0,100.0,23.366642891095847,0.0,100.0,21.77154105707724,0.0,100.0
55,44,21.213203435596427,0.0,100.0,13.416407864998739,0.0,100.0,8.602325267042627,0.0,100.0
55,45,18.788294228055936,0.0,100.0,21.047565179849187,0.0,100.0,4.69041575982343,0.0,100.0
55,46,21.0,0.0,100.0,9.486832980505138,0.0,100.0,23.40939982143925,0.0,100.0
55,47,24.899799195977465,0.0,100.0,20.12461179749811,0.0,100.0,17.69180601295413,0.0,100.0
55,48,25.98076211353316,0.0,100.0,16.911534525287763,0.0,100.0,12.96148139681572,0.0,100.0
55,49,19.519221295943137,0.0,100.0,10.295630140987,0.0,100.0,23.62202362203543,0.0,100.0
55,50,12.68857754044952,0.0,100.0,8.306623862918075,0.0,100.0,20.396078054371138,0.0,100.0
55,51,11.357816691600547,0.0,100.0,17.4928556845359,0.0,100.0,16.1245154965971,0.0,100.0
55,52,10.488088481701515,0.0,100.0,24.372115213907882,0.0,100.0,21.470910553583888,0.0,100.0
55,53,22.315913604421397,0.0,100.0,13.74772708486752,0.0,100.0,16.401219466856727,0.0,100.0
55,54,12.68857754044952,0.0,100.0,17.944358444926362,0.0,100.0,24.515301344262525,0.0,100.0
55,55,31.20897306865447,0.0,100.0,7.874007874011811,0.0,100.0,18.81488772222678,0.0,100.0
55,56,21.18962010041709,0.0,100.0,5.744562646538029,0.0,100.0,27.85677655436824,0.0,100.0
55,57,9.848857801796104,0.0,100.0,26.720778431774775,0.0,100.0,20.049937655763422,0.0,100.0
55,58,23.15167380558045,0.0,100.0,6.708203932499369,0.0,100.0,19.4164878389476,0.0,100.0
55,59,19.390719429665317,0.0,100.0,17.72004514666935,0.0,100.0,22.825424421026653,0.0,100.0
55,60,19.313207915827967,0.0,100.0,16.431676725154983,0.0,100.0,18.466185312619388,0.0,100.0
55,61,21.400934559032695,0.0,100.0,13.92838827718412,0.0,100.0,19.72308292331602,0.0,100.0
55,62,17.46424919657298,0.0,100.0,16.673332000533065,0.0,100.0,10.488088481701515,0.0,100.0
55,63,24.20743687382041,0.0,100.0,21.77154105707724,0.0,100.0,17.60681686165901,0.0,100.0
56,0,11.532562594670797,0.0,100.0,27.03701166919155,0.0,100.0,21.95449840010015,0.0,100.0
56,1,17.60681686165901,0.0,100.0,23.108440016582687,0.0,100.0,15.264337522473747,0.0,100.0
56,2,29.0516780926679,0.0,100.0,14.071247279470288,0.0,100.0,19.949937343260004,0.0,100.0
56,3,16.76305461424021,0.0,100.0,27.147743920996454,0.0,100.0,12.041594578792296,0.0,100.0
56,4,9.273618495495704,0.0,100.0,19.1049731745428,0.0,100.0,16.30950643030009,0.0,100.0
56,5,23.53720459187964,0.0,100.0,24.779023386727733,0.0,100.0,22.181073012818835,0.0,100.0
56,6,8.717797887081348,0.0,100.0,18.894443627691185,0.0,100.0,19.6468827043885,0.0,100.0
56,7,9.055385138137417,0.0,100.0,22.0,0.0,100.0,15.84297951775486,0.0,100.0
56,8,30.740852297878796,0.0,100.0,15.524174696260024,0.0,100.0,26.758176320519304,0.0,100.0
56,9,17.74823934929885,0.0,100.0,24.372115213907882,0.0,100.0,26.476404589747453,0.0,100.0
56,10,22.516660498395403,0.0,100.0,11.180339887498949,0.0,100.0,10.770329614269007,0.0,100.0
56,11,11.575836902790225,0.0,100.0,22.737634001804146,0.0,100.0,18.681541692269406,0.0,100.0
56,12,4.69041575982343,0.0,100.0,18.841443681416774,0.0,100.0,18.973665961010276,0.0,100.0
56,13,24.71841418861655,0.0,100.0,23.08679276123039,0.0,100.0,19.026297590440446,0.0,100.0
56,14,9.1104335791443,0.0,100.0,3.4641016151377544,0.0,100.0,11.180339887498949,0.0,100.0
56,15,29.58039891549808,0.0,100.0,16.792855623746664,0.0,100.0,20.248456731316587,0.0,100.0
56,16,16.30950643030009,0.0,100.0,20.322401432901575,0.0,100.0,20.223748416156685,0.0,100.0
56,17,25.514701644346147,0.0,100.0,22.9128784747792,0.0,100.0,18.627936010197157,0.0,100.0
56,18,22.494443758403985,0.0,100.0,10.488088481701515,0.0,100.0,16.1245154965971,0.0,100.0
56,19,18.81488772222678,0.0,100.0,16.881943016134134,0.0,100.0,22.15851980616034,0.0,100.0
56,20,25.099800796022265,0.0,100.0,26.19160170741759,0.0,100.0,25.15949125081825,0.0,100.0
56,21,22.44994432064365,0.0,100.0,24.351591323771842,0.0,100.0,12.68857754044952,0.0,100.0
56,22,12.206555615733702,0.0,100.0,23.706539182259394,0.0,100.0,22.02271554554524,0.0,100.0
56,23,18.681541692269406,0.0,100.0,24.919871588754223,0.0,100.0,9.433981132056603,0.0,100.0
56,24,22.090722034374522,0.0,100.0,10.488088481701515,0.0,100.0,18.708286933869708,0.0,100.0
56,25,20.71231517720798,0.0,100.0,11.224972160321824,0.0,100.0,20.46948949045872,0.0,100.0
56,26,17.944358444926362,0.0,100.0,21.307275752662516,0.0,100.0,22.759613353482084,0.0,100.0
56,27,20.615528128088304,0.0,100.0,19.672315572906,0.0,100.0,24.413111231467404,0.0,100.0
56,28,20.73644135332772,0.0,100.0,17.349351572897472,0.0,100.0,21.400934559032695,0.0,100.0
56,29,25.709920264364882,0.0,100.0,12.206555615733702,0.0,100.0,10.246950765959598,0.0,100.0
56,30,18.708286933869708,0.0,100.0,26.248809496813376,0.0,100.0,21.540659228538015,0.0,100.0
56,31,13.152946437965905,0.0,100.0,20.83266665599966,0.0,100.0,13.45362404707371,0.0,100.0
56,32,13.341664064126334,0.0,100.0,22.9128784747792,0.0,100.0,19.1049731745428,0.0,100.0
56,33,23.430749027719962,0.0,100.0,25.96150997149434,0.0,100.0,17.88854381999832,0.0,100.0
56,34,12.529964086141668,0.0,100.0,25.079872407968907,0.0,100.0,16.583123951777,0.0,100.0
56,35,14.0,0.0,100.0,18.2208671582886,0.0,100.0,22.67156809750927,0.0,100.0
56,36,20.248456731316587,0.0,100.0,26.720778431774775,0.0,100.0,27.367864366808018,0.0,100.0
56,37,17.72004514666935,0.0,100.0,15.165750888103101,0.0,100.0,25.495097567963924,0.0,100.0
56,38,19.621416870348583,0.0,100.0,27.331300737432898,0.0,100.0,14.352700094407323,0.0,100.0
56,39,20.591260281974,0.0,100.0,10.246950765959598,0.0,100.0,17.832554500127006,0.0,100.0
56,40,22.22611077089287,0.0,100.0,21.447610589527216,0.0,100.0,22.516660498395403,0.0,100.0
56,41,20.049937655763422,0.0,100.0,17.72004514666935,0.0,100.0,20.248456731316587,0.0,100.0
56,42,7.14142842854285,0.0,100.0,18.138357147217054,0.0,100.0,9.695359714832659,0.0,100.0
56,43,20.808652046684813,0.0,100.0,16.881943016134134,0.0,100.0,23.45207879911715,0.0,100.0
56,44,24.124676163629637,0.0,100.0,8.306623862918075,0.0,100.0,23.366642891095847,0.0,100.0
56,45,23.345235059857504,0.0,100.0,15.297058540778355,0.0,100.0,21.42428528562855,0.0,100.0
56,46,16.673332000533065,0.0,100.0,24.413111231467404,0.0,100.0,22.64950330581225,0.0,100.0
56,47,20.248456731316587,0.0,100.0,15.264337522473747,0.0,100.0,15.066519173319364,0.0,100.0
56,48,22.02271554554524,0.0,100.0,19.519221295943137,0.0,100.0,22.02271554554524,0.0,100.0
56,49,11.045361017187261,0.0,100.0,21.61018278497431,0.0,100.0,18.05547008526779,0.0,100.0
56,50,19.209372712298546,0.0,100.0,22.825424421026653,0.0,100.0,17.72004514666935,0.0,100.0
56,51,25.612496949731394,0.0,100.0,10.677078252031311,0.0,100.0,20.445048300260872,0.0,100.0
56,52,16.06237840420901,0.0,100.0,13.564659966250536,0.0,100.0,13.856406460551018,0.0,100.0
56,53,24.041630560342615,0.0,100.0,27.331300737432898,0.0,100.0,23.280893453645632,0.0,100.0
56,54,18.601075237738275,0.0,100.0,12.12435565298214,0.0,100.0,12.767145334803704,0.0,100.0
56,55,12.206555615733702,0.0,100.0,20.248456731316587,0.0,100.0,13.638181696985855,0.0,100.0
56,56,11.661903789690601,0.0,100.0,12.24744871391589,0.0,100.0,17.832554500127006,0.0,100.0
56,57,7.681145747868608,0.0,100.0,21.97726097583591,0.0,100.0,22.135943621178654,0.0,100.0
56,58,20.223748416156685,0.0,100.0,16.401219466856727,0.0,100.0,19.72308292331602,0.0,100.0
56,59,11.916375287812984,0.0,100.0,2.23606797749979,0.0,100.0,22.715633383201094,0.0,100.0
56,60,14.0,0.0,100.0,19.72308292331602,0.0,100.0,24.228082879171435,0.0,100.0
56,61,21.354156504062622,0.0,100.0,24.289915602982237,0.0,100.0,21.840329667841555,0.0,100.0
56,62,15.84297951775486,0.0,100.0,12.206555615733702,0.0,100.0,22.293496809607955,0.0,100.0
56,63,7.0710678118654755,0.0,100.0,25.729360660537214,0.0,100.0,2.23606797749979,0.0,100.0
57,0,18.24828759089466,0.0,100.0,20.049937655763422,0.0,100.0,21.470910553583888,0.0,100.0
57,1,24.535688292770594,0.0,100.0,10.198039027185569,0.0,100.0,19.72308292331602,0.0,100.0
57,2,22.64950330581225,0.0,100.0,13.038404810405298,0.0,100.0,31.272991542223778,0.0,100.0
57,3,20.808652046684813,0.0,100.0,13.038404810405298,0.0,100.0,13.784048752090222,0.0,100.0
57,4,26.248809496813376,0.0,100.0,19.44222209522358,0.0,100.0,23.853720883753127,0.0,100.0
57,5,14.45683229480096,0.0,100.0,7.0710678118654755,0.0,100.0,22.0,0.0,100.0
57,6,16.30950643030009,0.0,100.0,22.11334438749598,0.0,100.0,3.7416573867739413,0.0,100.0
57,7,24.372115213907882,0.0,100.0,27.2213151776324,0.0,100.0,15.905973720586866,0.0,100.0
57,8,25.514701644346147,0.0,100.0,13.152946437965905,0.0,100.0,20.346989949375804,0.0,100.0
57,9,21.77154105707724,0.0,100.0,19.544820285692065,0.0,100.0,19.339079605813716,0.0,100.0
57,10,19.131126469708992,0.0,100.0,17.46424919657298,0.0,100.0,22.090722034374522,0.0,100.0
57,11,22.516660498395403,0.0,100.0,2.23606797749979,0.0,100.0,17.291616465790582,0.0,100.0
57,12,26.645825188948457,0.0,100.0,23.40939982143925,0.0,100.0,7.0710678118654755,0.0,100.0
57,13,13.638181696985855,0.0,100.0,18.275666882497067,0.0,100.0,14.560219778561036,0.0,100.0
57,14,22.38302928559939,0.0,100.0,24.779023386727733,0.0,100.0,19.05255888325765,0.0,100.0
57,15,22.15851980616034,0.0,100.0,8.246211251235321,0.0,100.0,21.0,0.0,100.0
57,16,18.81488772222678,0.0,100.0,21.656407827707714,0.0,100.0,12.84523257866513,0.0,100.0
57,17,10.198039027185569,0.0,100.0,19.390719429665317,0.0,100.0,30.495901363953813,0.0,100.0
57,18,23.93741840717165,0.0,100.0,27.65863337187866,0.0,100.0,26.645825188948457,0.0,100.0
57,19,19.390719429665317,0.0,100.0,22.090722034374522,0.0,100.0,21.840329667841555,0.0,100.0
57,20,16.76305461424021,0.0,100.0,11.704699910719626,0.0,100.0,14.142135623730951,0.0,100.0
57,21,29.68164415931166,0.0,100.0,12.884098726725126,0.0,100.0,22.759613353482084,0.0,100.0
57,22,23.790754506740637,0.0,100.0,24.55605831561735,0.0,100.0,17.291616465790582,0.0,100.0
57,23,27.748873851023216,0.0,100.0,20.049937655763422,0.0,100.0,16.34013463836819,0.0,100.0
57,24,15.033296378372908,0.0,100.0,20.049937655763422,0.0,100.0,18.547236990991408,0.0,100.0
57,25,17.72004514666935,0.0,100.0,21.400934559032695,0.0,100.0,18.466185312619388,0.0,100.0
57,26,25.514701644346147,0.0,100.0,17.72004514666935,0.0,100.0,16.61324772583615,0.0,100.0
57,27,17.08800749063506,0.0,100.0,19.519221295943137,0.0,100.0,15.7797338380595,0.0,100.0
57,28,26.153393661244042,0.0,100.0,15.588457268119896,0.0,100.0,9.9498743710662,0.0,100.0
57,29,14.071247279470288,0.0,100.0,26.419689627245813,0.0,100.0,28.035691537752374,0.0,100.0
57,30,22.693611435820433,0.0,100.0,18.466185312619388,0.0,100.0,22.67156809750927,0.0,100.0
57,31,20.71231517720798,0.0,100.0,18.35755975068582,0.0,100.0,14.177446878757825,0.0,100.0
57,32,22.045407685048602,0.0,100.0,25.553864678361276,0.0,100.0,20.904544960366874,0.0,100.0
57,33,25.729360660537214,0.0,100.0,16.1245154965971,0.0,100.0,14.866068747318506,0.0,100.0
57,34,18.439088914585774,0.0,100.0,16.64331697709324,0.0,100.0,19.0,0.0,100.0
57,35,27.349588662354687,0.0,100.0,9.433981132056603,0.0,100.0,13.601470508735444,0.0,100.0
57,36,22.847319317591726,0.0,100.0,21.748563170931547,0.0,100.0,19.209372712298546,0.0,100.0
57,37,7.0,0.0,100.0,25.632011235952593,0.0,100.0,16.673332000533065,0.0,100.0
57,38,18.867962264113206,0.0,100.0,10.862780491200215,0.0,100.0,14.7648230602334,0.0,100.0
57,39,14.966629547095765,0.0,100.0,10.099504938362077,0.0,100.0,14.142135623730951,0.0,100.0
57,40,20.639767440550294,0.0,100.0,26.645825188948457,0.0,100.0,18.547236990991408,0.0,100.0
57,41,16.0312195418814,0.0,100.0,21.93171219946131,0.0,100.0,14.7648230602334,0.0,100.0
57,42,26.77685567799177,0.0,100.0,17.320508075688775,0.0,100.0,13.601470508735444,0.0,100.0
57,43,25.96150997149434,0.0,100.0,18.0,0.0,100.0,18.601075237738275,0.0,100.0
57,44,18.57417562100671,0.0,100.0,13.114877048604,0.0,100.0,15.652475842498529,0.0,100.0
57,45,24.73863375370596,0.0,100.0,9.16515138991168,0.0,100.0,28.178005607210743,0.0,100.0
57,46,21.236760581595302,0.0,100.0,20.97617696340303,0.0,100.0,15.748015748023622,0.0,100.0
57,47,13.892443989449804,0.0,100.0,19.0,0.0,100.0,25.15949125081825,0.0,100.0
57,48,21.02379604162864,0.0,100.0,24.289915602982237,0.0,100.0,20.223748416156685,0.0,100.0
57,49,15.427248620541512,0.0,100.0,20.248456731316587,0.0,100.0,21.283796653792763,0.0,100.0
57,50,20.83266665599966,0.0,100.0,13.30413469565007,0.0,100.0,26.13426869074396,0.0,100.0
57,51,15.264337522473747,0.0,100.0,26.019223662515376,0.0,100.0,21.840329667841555,0.0,100.0
57,52,13.784048752090222,0.0,100.0,14.89966442575134,0.0,100.0,21.307275752662516,0.0,100.0
57,53,27.65863337187866,0.0,100.0,21.863211109075447,0.0,100.0,18.601075237738275,0.0,100.0
57,54,16.673332000533065,0.0,100.0,18.384776310850235,0.0,100.0,19.209372712298546,0.0,100.0
57,55,8.246211251235321,0.0,100.0,10.04987562112089,0.0,100.0,20.322401432901575,0.0,100.0
57,56,14.560219778561036,0.0,100.0,17.146428199482248,0.0,100.0,29.34280150224242,0.0,100.0
57,57,15.0,0.0,100.0,19.519221295943137,0.0,100.0,27.730849247724095,0.0,100.0
57,58,10.63014581273465,0.0,100.0,11.445523142259598,0.0,100.0,7.483314773547883,0.0,100.0
57,59,20.83266665599966,0.0,100.0,26.095976701399778,0.0,100.0,23.0,0.0,100.0
57,60,12.84523257866513,0.0,100.0,26.343879744638983,0.0,100.0,11.180339887498949,0.0,100.0
57,61,17.146428199482248,0.0,100.0,20.322401432901575,0.0,100.0,23.727621035409346,0.0,100.0
57,62,8.602325267042627,0.0,100.0,20.71231517720798,0.0,100.0,16.55294535724685,0.0,100.0
57,63,18.411952639521967,0.0,100.0,22.561028345356956,0.0,100.0,7.483314773547883,0.0,100.0
58,0,15.132745950421556,0.0,100.0,11.090536506409418,0.0,100.0,22.80350850198276,0.0,100.0
58,1,8.306623862918075,0.0,100.0,14.212670403551895,0.0,100.0,22.293496809607955,0.0,100.0
58,2,14.866068747318506,0.0,100.0,16.1245154965971,0.0,100.0,6.6332495807108,0.0,100.0
58,3,16.30950643030009,0.0,100.0,27.964262908219126,0.0,100.0,19.261360284258224,0.0,100.0
58,4,12.68857754044952,0.0,100.0,15.524174696260024,0.0,100.0,13.96424004376894,0.0,100.0
58,5,19.6468827043885,0.0,100.0,26.095976701399778,0.0,100.0,26.758176320519304,0.0,100.0
58,6,11.090536506409418,0.0,100.0,17.26267650163207,0.0,100.0,15.033296378372908,0.0,100.0
58,7,17.88854381999832,0.0,100.0,11.445523142259598,0.0,100.0,17.832554500127006,0.0,100.0
58,8,22.825424421026653,0.0,100.0,24.124676163629637,0.0,100.0,24.899799195977465,0.0,100.0
58,9,16.0,0.0,100.0,19.697715603592208,0.0,100.0,22.715633383201094,0.0,100.0
58,10,14.594519519326424,0.0,100.0,25.0,0.0,100.0,20.322401432901575,0.0,100.0
58,11,7.874007874011811,0.0,100.0,16.186414056238647,0.0,100.0,16.76305461424021,0.0,100.0
58,12,24.61706725018234,0.0,100.0,13.638181696985855,0.0,100.0,12.569805089976535,0.0,100.0
58,13,20.346989949375804,0.0,100.0,14.594519519326424,0.0,100.0,12.12435565298214,0.0,100.0
58,14,23.194827009486403,0.0,100.0,27.09243436828813,0.0,100.0,17.029386365926403,0.0,100.0
58,15,27.76688675382964,0.0,100.0,13.638181696985855,0.0,100.0,19.697715603592208,0.0,100.0
58,16,15.652475842498529,0.0,100.0,15.297058540778355,0.0,100.0,29.017236257093817,0.0,100.0
58,17,17.663521732655695,0.0,100.0,17.72004514666935,0.0,100.0,28.372521918222215,0.0,100.0
58,18,20.518284528683193,0.0,100.0,24.08318915758459,0.0,100.0,22.0,0.0,100.0
58,19,12.449899597988733,0.0,100.0,9.16515138991168,0.0,100.0,11.74734012447073,0.0,100.0
58,20,25.15949125081825,0.0,100.0,16.911534525287763,0.0,100.0,23.108440016582687,0.0,100.0
58,21,5.385164807134504,0.0,100.0,13.076696830622021,0.0,100.0,16.30950643030009,0.0,100.0
58,22,12.96148139681572,0.0,100.0,18.788294228055936,0.0,100.0,31.400636936215164,0.0,100.0
58,23,22.293496809607955,0.0,100.0,13.490737563232042,0.0,100.0,28.0178514522438,0.0,100.0
58,24,22.38302928559939,0.0,100.0,17.029386365926403,0.0,100.0,19.4164878389476,0.0,100.0
58,25,23.021728866442675,0.0,100.0,20.493901531919196,0.0,100.0,22.22611077089287,0.0,100.0
58,26,27.16615541441225,0.0,100.0,23.53720459187964,0.0,100.0,16.492422502470642,0.0,100.0
58,27,17.74823934929885,0.0,100.0,21.840329667841555,0.0,100.0,23.727621035409346,0.0,100.0
58,28,16.401219466856727,0.0,100.0,12.36931687685298,0.0,100.0,24.372115213907882,0.0,100.0
58,29,16.911534525287763,0.0,100.0,23.727621035409346,0.0,100.0,31.796226191169293,0.0,100.0
58,30,22.045407685048602,0.0,100.0,14.317821063276353,0.0,100.0,16.1245154965971,0.0,100.0
58,31,15.165750888103101,0.0,100.0,25.25866188063018,0.0,100.0,20.591260281974,0.0,100.0
58,32,15.84297951775486,0.0,100.0,15.811388300841896,0.0,100.0,19.1049731745428,0.0,100.0
58,33,17.233687939614086,0.0,100.0,15.620499351813308,0.0,100.0,20.346989949375804,0.0,100.0
58,34,22.9128784747792,0.0,100.0,23.45207879911715,0.0,100.0,14.7648230602334,0.0,100.0
58,35,21.42428528562855,0.0,100.0,12.041594578792296,0.0,100.0,19.748417658131498,0.0,100.0
58,36,19.339079605813716,0.0,100.0,17.832554500127006,0.0,100.0,21.97726097583591,0.0,100.0
58,37,26.77685567799177,0.0,100.0,23.62202362203543,0.0,100.0,24.677925358506133,0.0,100.0
58,38,19.544820285692065,0.0,100.0,18.138357147217054,0.0,100.0,19.209372712298546,0.0,100.0
58,39,17.291616465790582,0.0,100.0,15.556349186104045,0.0,100.0,16.24807680927192,0.0,100.0
58,40,17.72004514666935,0.0,100.0,26.851443164195103,0.0,100.0,23.515952032609693,0.0,100.0
58,41,14.866068747318506,0.0,100.0,19.078784028338912,0.0,100.0,17.74823934929885,0.0,100.0
58,42,19.4164878389476,0.0,100.0,14.212670403551895,0.0,100.0,7.0710678118654755,0.0,100.0
58,43,18.788294228055936,0.0,100.0,14.071247279470288,0.0,100.0,17.944358444926362,0.0,100.0
58,44,19.519221295943137,0.0,100.0,20.024984394500787,0.0,100.0,12.806248474865697,0.0,100.0
58,45,13.19090595827292,0.0,100.0,23.2163735324878,0.0,100.0,16.06237840420901,0.0,100.0
58,46,21.307275752662516,0.0,100.0,20.808652046684813,0.0,100.0,6.6332495807108,0.0,100.0
58,47,15.7797338380595,0.0,100.0,23.62202362203543,0.0,100.0,13.19090595827292,0.0,100.0
58,48,14.247806848775006,0.0,100.0,16.34013463836819,0.0,100.0,19.748417658131498,0.0,100.0
58,49,29.478805945967352,0.0,100.0,20.518284528683193,0.0,100.0,12.727922061357855,0.0,100.0
58,50,22.38302928559939,0.0,100.0,22.045407685048602,0.0,100.0,21.77154105707724,0.0,100.0
58,51,19.44222209522358,0.0,100.0,19.87460691435179,0.0,100.0,20.73644135332772,0.0,100.0
58,52,18.2208671582886,0.0,100.0,14.594519519326424,0.0,100.0,20.808652046684813,0.0,100.0
58,53,21.37755832643195,0.0,100.0,14.696938456699069,0.0,100.0,12.884098726725126,0.0,100.0
58,54,4.47213595499958,0.0,100.0,22.494443758403985,0.0,100.0,20.322401432901575,0.0,100.0
58,55,23.430749027719962,0.0,100.0,10.63014581273465,0.0,100.0,17.916472867168917,0.0,100.0
58,56,16.76305461424021,0.0,100.0,18.2208671582886,0.0,100.0,23.280893453645632,0.0,100.0
58,57,11.916375287812984,0.0,100.0,19.390719429665317,0.0,100.0,30.675723300355934,0.0,100.0
58,58,19.72308292331602,0.0,100.0,8.48528137423857,0.0,100.0,17.549928774784245,0.0,100.0
58,59,21.61018278497431,0.0,100.0,26.019223662515376,0.0,100.0,22.9128784747792,0.0,100.0
58,60,17.08800749063506,0.0,100.0,18.384776310850235,0.0,100.0,25.099800796022265,0.0,100.0
58,61,11.575836902790225,0.0,100.0,19.849433241279208,0.0,100.0,5.196152422706632,0.0,100.0
58,62,11.874342087037917,0.0,100.0,20.223748416156685,0.0,100.0,25.39685019840059,0.0,100.0
58,63,21.656407827707714,0.0,100.0,12.0,0.0,100.0,9.797958971132712,0.0,100.0
59,0,15.132745950421556,0.0,100.0,9.486832980505138,0.0,100.0,26.019223662515376,0.0,100.0
59,1,22.693611435820433,0.0,100.0,15.524174696260024,0.0,100.0,24.06241883103193,0.0,100.0
59,2,11.489125293076057,0.0,100.0,23.515952032609693,0.0,100.0,17.74823934929885,0.0,100.0
59,3,22.891046284519195,0.0,100.0,9.0,0.0,100.0,21.79449471770337,0.0,100.0
59,4,23.68543856465402,0.0,100.0,25.199206336708304,0.0,100.0,18.867962264113206,0.0,100.0
59,5,18.681541692269406,0.0,100.0,12.727922061357855,0.0,100.0,21.37755832643195,0.0,100.0
59,6,13.379088160259652,0.0,100.0,11.445523142259598,0.0,100.0,25.826343140289914,0.0,100.0
59,7,14.247806848775006,0.0,100.0,19.209372712298546,0.0,100.0,7.810249675906654,0.0,100.0
59,8,17.349351572897472,0.0,100.0,22.11334438749598,0.0,100.0,17.05872210923198,0.0,100.0
59,9,8.774964387392123,0.0,100.0,24.859605789312106,0.0,100.0,28.30194339616981,0.0,100.0
59,10,14.352700094407323,0.0,100.0,4.242640687119285,0.0,100.0,18.788294228055936,0.0,100.0
59,11,14.798648586948742,0.0,100.0,27.85677655436824,0.0,100.0,18.138357147217054,0.0,100.0
59,12,18.867962264113206,0.0,100.0,20.615528128088304,0.0,100.0,11.575836902790225,0.0,100.0
59,13,13.45362404707371,0.0,100.0,22.561028345356956,0.0,100.0,15.652475842498529,0.0,100.0
59,14,25.019992006393608,0.0,100.0,18.81488772222678,0.0,100.0,15.066519173319364,0.0,100.0
59,15,21.563858652847824,0.0,100.0,16.822603841260722,0.0,100.0,10.44030650891055,0.0,100.0
59,16,15.132745950421556,0.0,100.0,10.04987562112089,0.0,100.0,19.1049731745428,0.0,100.0
59,17,21.77154105707724,0.0,100.0,25.709920264364882,0.0,100.0,20.273134932713294,0.0,100.0
59,18,4.0,0.0,100.0,21.118712081942874,0.0,100.0,17.0,0.0,100.0
59,19,20.591260281974,0.0,100.0,15.588457268119896,0.0,100.0,18.867962264113206,0.0,100.0
59,20,17.146428199482248,0.0,100.0,9.848857801796104,0.0,100.0,14.560219778561036,0.0,100.0
59,21,15.362291495737216,0.0,100.0,6.324555320336759,0.0,100.0,12.84523257866513,0.0,100.0
59,22,24.61706725018234,0.0,100.0,1.0,0.0,100.0,24.939927826679853,0.0,100.0
59,23,10.488088481701515,0.0,100.0,18.920887928424502,0.0,100.0,19.949937343260004,0.0,100.0
59,24,24.535688292770594,0.0,100.0,21.840329667841555,0.0,100.0,14.071247279470288,0.0,100.0
59,25,9.486832980505138,0.0,100.0,15.231546211727817,0.0,100.0,21.470910553583888,0.0,100.0
59,26,17.0,0.0,100.0,23.366642891095847,0.0,100.0,17.029386365926403,0.0,100.0
59,27,17.74823934929885,0.0,100.0,15.556349186104045,0.0,100.0,10.44030650891055,0.0,100.0
59,28,27.09243436828813,0.0,100.0,15.132745950421556,0.0,100.0,27.586228448267445,0.0,100.0
59,29,10.723805294763608,0.0,100.0,27.964262908219126,0.0,100.0,23.53720459187964,0.0,100.0
59,30,26.720778431774775,0.0,100.0,18.138357147217054,0.0,100.0,28.948229652260256,0.0,100.0
59,31,24.392621835300936,0.0,100.0,20.149441679609886,0.0,100.0,22.135943621178654,0.0,100.0
59,32,28.178005607210743,0.0,100.0,29.68164415931166,0.0,100.0,19.235384061671343,0.0,100.0
59,33,24.819347291981714,0.0,100.0,21.047565179849187,0.0,100.0,17.578395831246947,0.0,100.0
59,34,21.61018278497431,0.0,100.0,22.9128784747792,0.0,100.0,2.449489742783178,0.0,100.0
59,35,16.431676725154983,0.0,100.0,22.20360331117452,0.0,100.0,15.394804318340652,0.0,100.0
59,36,17.233687939614086,0.0,100.0,15.297058540778355,0.0,100.0,6.082762530298219,0.0,100.0
59,37,12.24744871391589,0.0,100.0,23.558437978779494,0.0,100.0,30.495901363953813,0.0,100.0
59,38,21.283796653792763,0.0,100.0,16.881943016134134,0.0,100.0,25.768197453450252,0.0,100.0
59,39,24.919871588754223,0.0,100.0,24.535688292770594,0.0,100.0,13.45362404707371,0.0,100.0
59,40,23.065125189341593,0.0,100.0,20.46948949045872,0.0,100.0,24.124676163629637,0.0,100.0
59,41,22.315913604421397,0.0,100.0,16.1245154965971,0.0,100.0,26.851443164195103,0.0,100.0
59,42,17.916472867168917,0.0,100.0,14.7648230602334,0.0,100.0,11.045361017187261,0.0,100.0
59,43,23.366642891095847,0.0,100.0,18.05547008526779,0.0,100.0,10.723805294763608,0.0,100.0
59,44,16.1245154965971,0.0,100.0,22.293496809607955,0.0,100.0,14.2828568570857,0.0,100.0
59,45,24.677925358506133,0.0,100.0,14.177446878757825,0.0,100.0,14.352700094407323,0.0,100.0
59,46,17.72004514666935,0.0,100.0,23.2163735324878,0.0,100.0,12.84523257866513,0.0,100.0
59,47,18.466185312619388,0.0,100.0,3.605551275463989,0.0,100.0,19.697715603592208,0.0,100.0
59,48,15.132745950421556,0.0,100.0,21.656407827707714,0.0,100.0,15.937377450509228,0.0,100.0
59,49,17.146428199482248,0.0,100.0,25.475478405713993,0.0,100.0,18.24828759089466,0.0,100.0
59,50,10.198039027185569,0.0,100.0,19.87460691435179,0.0,100.0,23.45207879911715,0.0,100.0
59,51,11.74734012447073,0.0,100.0,17.320508075688775,0.0,100.0,17.46424919657298,0.0,100.0
59,52,27.440845468024488,0.0,100.0,19.026297590440446,0.0,100.0,27.440845468024488,0.0,100.0
59,53,17.916472867168917,0.0,100.0,28.39013913315678,0.0,100.0,18.76166303929372,0.0,100.0
59,54,13.892443989449804,0.0,100.0,21.400934559032695,0.0,100.0,9.9498743710662,0.0,100.0
59,55,10.44030650891055,0.0,100.0,14.560219778561036,0.0,100.0,16.15549442140351,0.0,100.0
59,56,21.37755832643195,0.0,100.0,21.0,0.0,100.0,22.20360331117452,0.0,100.0
59,57,13.45362404707371,0.0,100.0,25.37715508089904,0.0,100.0,21.400934559032695,0.0,100.0
59,58,16.15549442140351,0.0,100.0,13.490737563232042,0.0,100.0,18.867962264113206,0.0,100.0
59,59,15.165750888103101,0.0,100.0,17.435595774162696,0.0,100.0,18.708286933869708,0.0,100.0
59,60,14.317821063276353,0.0,100.0,18.384776310850235,0.0,100.0,21.77154105707724,0.0,100.0
59,61,19.209372712298546,0.0,100.0,24.535688292770594,0.0,100.0,25.514701644346147,0.0,100.0
59,62,17.291616465790582,0.0,100.0,19.390719429665317,0.0,100.0,27.147743920996454,0.0,100.0
59,63,19.519221295943137,0.0,100.0,12.24744871391589,0.0,100.0,23.895606290697042,0.0,100.0
60,0,22.715633383201094,0.0,100.0,25.80697580112788,0.0,100.0,18.16590212458495,0.0,100.0
60,1,9.695359714832659,0.0,100.0,14.45683229480096,0.0,100.0,22.494443758403985,0.0,100.0
60,2,17.378147196982766,0.0,100.0,13.038404810405298,0.0,100.0,17.291616465790582,0.0,100.0
60,3,17.663521732655695,0.0,100.0,25.768197453450252,0.0,100.0,17.916472867168917,0.0,100.0
60,4,24.351591323771842,0.0,100.0,12.041594578792296,0.0,100.0,20.149441679609886,0.0,100.0
60,5,22.715633383201094,0.0,100.0,25.88435821108957,0.0,100.0,18.81488772222678,0.0,100.0
60,6,25.475478405713993,0.0,100.0,17.804493814764857,0.0,100.0,20.808652046684813,0.0,100.0
60,7,18.027756377319946,0.0,100.0,12.68857754044952,0.0,100.0,23.49468024894146,0.0,100.0
60,8,28.442925306655784,0.0,100.0,26.40075756488817,0.0,100.0,18.708286933869708,0.0,100.0
60,9,14.52583904633395,0.0,100.0,10.677078252031311,0.0,100.0,21.354156504062622,0.0,100.0
60,10,24.535688292770594,0.0,100.0,15.811388300841896,0.0,100.0,25.67099530598687,0.0,100.0
60,11,17.74823934929885,0.0,100.0,5.0,0.0,100.0,22.47220505424423,0.0,100.0
60,12,22.93468988235943,0.0,100.0,18.027756377319946,0.0,100.0,13.341664064126334,0.0,100.0
60,13,13.601470508735444,0.0,100.0,20.46948949045872,0.0,100.0,23.15167380558045,0.0,100.0
60,14,18.05547008526779,0.0,100.0,19.949937343260004,0.0,100.0,23.280893453645632,0.0,100.0
60,15,12.68857754044952,0.0,100.0,24.392621835300936,0.0,100.0,23.065125189341593,0.0,100.0
60,16,17.05872210923198,0.0,100.0,21.77154105707724,0.0,100.0,17.72004514666935,0.0,100.0
60,17,15.0,0.0,100.0,20.85665361461421,0.0,100.0,26.68332812825267,0.0,100.0
60,18,23.62202362203543,0.0,100.0,13.0,0.0,100.0,14.45683229480096,0.0,100.0
60,19,17.291616465790582,0.0,100.0,7.810249675906654,0.0,100.0,24.166091947189145,0.0,100.0
60,20,20.12461179749811,0.0,100.0,31.400636936215164,0.0,100.0,24.919871588754223,0.0,100.0
60,21,23.49468024894146,0.0,100.0,17.804493814764857,0.0,100.0,13.601470508735444,0.0,100.0
60,22,9.273618495495704,0.0,100.0,13.416407864998739,0.0,100.0,18.681541692269406,0.0,100.0
60,23,25.337718918639855,0.0,100.0,24.06241883103193,0.0,100.0,10.723805294763608,0.0,100.0
60,24,17.804493814764857,0.0,100.0,9.273618495495704,0.0,100.0,27.03701166919155,0.0,100.0
60,25,8.602325267042627,0.0,100.0,22.737634001804146,0.0,100.0,31.796226191169293,0.0,100.0
60,26,8.774964387392123,0.0,100.0,19.519221295943137,0.0,100.0,7.874007874011811,0.0,100.0
60,27,20.322401432901575,0.0,100.0,30.23243291566195,0.0,100.0,14.45683229480096,0.0,100.0
60,28,13.076696830622021,0.0,100.0,19.4164878389476,0.0,100.0,18.05547008526779,0.0,100.0
60,29,26.30589287593181,0.0,100.0,24.351591323771842,0.0,100.0,22.561028345356956,0.0,100.0
60,30,15.033296378372908,0.0,100.0,19.672315572906,0.0,100.0,14.866068747318506,0.0,100.0
60,31,17.578395831246947,0.0,100.0,20.346989949375804,0.0,100.0,18.027756377319946,0.0,100.0
60,32,22.847319317591726,0.0,100.0,18.110770276274835,0.0,100.0,14.177446878757825,0.0,100.0
60,33,23.2163735324878,0.0,100.0,13.92838827718412,0.0,100.0,22.561028345356956,0.0,100.0
60,34,22.44994432064365,0.0,100.0,25.39685019840059,0.0,100.0,9.433981132056603,0.0,100.0
60,35,10.198039027185569,0.0,100.0,14.628738838327793,0.0,100.0,22.9128784747792,0.0,100.0
60,36,12.36931687685298,0.0,100.0,25.96150997149434,0.0,100.0,9.16515138991168,0.0,100.0
60,37,5.0,0.0,100.0,14.035668847618199,0.0,100.0,20.396078054371138,0.0,100.0
60,38,12.083045973594572,0.0,100.0,28.948229652260256,0.0,100.0,24.919871588754223,0.0,100.0
60,39,18.57417562100671,0.0,100.0,7.54983443527075,0.0,100.0,29.086079144497972,0.0,100.0
60,40,17.11724276862369,0.0,100.0,22.181073012818835,0.0,100.0,13.638181696985855,0.0,100.0
60,41,18.138357147217054,0.0,100.0,16.06237840420901,0.0,100.0,17.0,0.0,100.0
60,42,20.024984394500787,0.0,100.0,16.881943016134134,0.0,100.0,21.0,0.0,100.0
60,43,23.853720883753127,0.0,100.0,22.315913604421397,0.0,100.0,23.15167380558045,0.0,100.0
60,44,23.68543856465402,0.0,100.0,17.46424919657298,0.0,100.0,19.79898987322333,0.0,100.0
60,45,23.600847442411894,0.0,100.0,18.05547008526779,0.0,100.0,18.547236990991408,0.0,100.0
60,46,23.600847442411894,0.0,100.0,11.916375287812984,0.0,100.0,22.11334438749598,0.0,100.0
60,47,16.0312195418814,0.0,100.0,21.6794833886788,0.0,100.0,15.297058540778355,0.0,100.0
60,48,24.228082879171435,0.0,100.0,24.899799195977465,0.0,100.0,29.478805945967352,0.0,100.0
60,49,6.782329983125268,0.0,100.0,23.345235059857504,0.0,100.0,25.514701644346147,0.0,100.0
60,50,11.874342087037917,0.0,100.0,15.748015748023622,0.0,100.0,23.366642891095847,0.0,100.0
60,51,24.839484696748443,0.0,100.0,8.06225774829855,0.0,100.0,21.6794833886788,0.0,100.0
60,52,17.804493814764857,0.0,100.0,24.596747752497688,0.0,100.0,12.68857754044952,0.0,100.0
60,53,18.439088914585774,0.0,100.0,10.04987562112089,0.0,100.0,9.643650760992955,0.0,100.0
60,54,20.615528128088304,0.0,100.0,24.20743687382041,0.0,100.0,14.45683229480096,0.0,100.0
60,55,17.88854381999832,0.0,100.0,17.663521732655695,0.0,100.0,9.0,0.0,100.0
60,56,10.344080432788601,0.0,100.0,16.06237840420901,0.0,100.0,9.1104335791443,0.0,100.0
60,57,20.049937655763422,0.0,100.0,26.70205984563738,0.0,100.0,17.11724276862369,0.0,100.0
60,58,11.045361017187261,0.0,100.0,23.727621035409346,0.0,100.0,21.236760581595302,0.0,100.0
60,59,20.248456731316587,0.0,100.0,20.92844953645635,0.0,100.0,17.549928774784245,0.0,100.0
60,60,9.1104335791443,0.0,100.0,26.076809620810597,0.0,100.0,16.61324772583615,0.0,100.0
60,61,11.045361017187261,0.0,100.0,17.029386365926403,0.0,100.0,24.392621835300936,0.0,100.0
60,62,22.825424421026653,0.0,100.0,17.46424919657298,0.0,100.0,18.788294228055936,0.0,100.0
60,63,16.911534525287763,0.0,100.0,22.20360331117452,0.0,100.0,14.45683229480096,0.0,100.0
61,0,27.586228448267445,0.0,100.0,23.853720883753127,0.0,100.0,11.489125293076057,0.0,100.0
61,1,24.779023386727733,0.0,100.0,19.44222209522358,0.0,100.0,17.663521732655695,0.0,100.0
61,2,15.811388300841896,0.0,100.0,15.652475842498529,0.0,100.0,15.588457268119896,0.0,100.0
61,3,19.72308292331602,0.0,100.0,15.132745950421556,0.0,100.0,12.12435565298214,0.0,100.0
61,4,7.874007874011811,0.0,100.0,24.535688292770594,0.0,100.0,15.0,0.0,100.0
61,5,10.954451150103322,0.0,100.0,15.329709716755891,0.0,100.0,14.45683229480096,0.0,100.0
61,6,22.93468988235943,0.0,100.0,25.0,0.0,100.0,27.60434748368452,0.0,100.0
61,7,4.358898943540674,0.0,100.0,12.449899597988733,0.0,100.0,15.684387141358123,0.0,100.0
61,8,21.400934559032695,0.0,100.0,11.180339887498949,0.0,100.0,17.0,0.0,100.0
61,9,16.1245154965971,0.0,100.0,13.076696830622021,0.0,100.0,14.035668847618199,0.0,100.0
61,10,11.0,0.0,100.0,23.345235059857504,0.0,100.0,12.884098726725126,0.0,100.0
61,11,14.317821063276353,0.0,100.0,19.026297590440446,0.0,100.0,15.556349186104045,0.0,100.0
61,12,23.62202362203543,0.0,100.0,24.515301344262525,0.0,100.0,13.92838827718412,0.0,100.0
61,13,26.19160170741759,0.0,100.0,15.394804318340652,0.0,100.0,20.223748416156685,0.0,100.0
61,14,21.95449840010015,0.0,100.0,16.06237840420901,0.0,100.0,12.083045973594572,0.0,100.0
61,15,23.021728866442675,0.0,100.0,18.867962264113206,0.0,100.0,26.851443164195103,0.0,100.0
61,16,24.939927826679853,0.0,100.0,15.0996688705415,0.0,100.0,26.248809496813376,0.0,100.0
61,17,14.52583904633395,0.0,100.0,19.131126469708992,0.0,100.0,17.944358444926362,0.0,100.0
61,18,26.720778431774775,0.0,100.0,20.248456731316587,0.0,100.0,18.411952639521967,0.0,100.0
61,19,14.212670403551895,0.0,100.0,23.958297101421877,0.0,100.0,19.339079605813716,0.0,100.0
61,20,23.345235059857504,0.0,100.0,18.81488772222678,0.0,100.0,26.19160170741759,0.0,100.0
61,21,24.020824298928627,0.0,100.0,26.019223662515376,0.0,100.0,17.72004514666935,0.0,100.0
61,22,20.688160865577203,0.0,100.0,12.529964086141668,0.0,100.0,21.6794833886788,0.0,100.0
61,23,14.352700094407323,0.0,100.0,19.79898987322333,0.0,100.0,17.46424919657298,0.0,100.0
61,24,10.488088481701515,0.0,100.0,16.401219466856727,0.0,100.0,29.46183972531247,0.0,100.0
61,25,23.366642891095847,0.0,100.0,8.602325267042627,0.0,100.0,30.298514815086232,0.0,100.0
61,26,22.47220505424423,0.0,100.0,17.72004514666935,0.0,100.0,18.788294228055936,0.0,100.0
61,27,14.491376746189438,0.0,100.0,23.853720883753127,0.0,100.0,32.37282811247729,0.0,100.0
61,28,13.92838827718412,0.0,100.0,19.849433241279208,0.0,100.0,19.6468827043885,0.0,100.0
61,29,5.744562646538029,0.0,100.0,9.9498743710662,0.0,100.0,22.891046284519195,0.0,100.0
61,30,18.681541692269406,0.0,100.0,16.431676725154983,0.0,100.0,8.306623862918075,0.0,100.0
61,31,15.0,0.0,100.0,17.4928556845359,0.0,100.0,27.440845468024488,0.0,100.0
61,32,10.816653826391969,0.0,100.0,28.442925306655784,0.0,100.0,22.715633383201094,0.0,100.0
61,33,20.85665361461421,0.0,100.0,19.72308292331602,0.0,100.0,26.153393661244042,0.0,100.0
61,34,21.93171219946131,0.0,100.0,12.649110640673518,0.0,100.0,29.698484809834994,0.0,100.0
61,35,16.30950643030009,0.0,100.0,13.30413469565007,0.0,100.0,18.35755975068582,0.0,100.0
61,36,19.949937343260004,0.0,100.0,23.366642891095847,0.0,100.0,19.4164878389476,0.0,100.0
61,37,5.385164807134504,0.0,100.0,23.853720883753127,0.0,100.0,22.02271554554524,0.0,100.0
61,38,9.16515138991168,0.0,100.0,12.569805089976535,0.0,100.0,28.337254630609507,0.0,100.0
61,39,21.840329667841555,0.0,100.0,9.433981132056603,0.0,100.0,21.400934559032695,0.0,100.0
61,40,18.466185312619388,0.0,100.0,20.615528128088304,0.0,100.0,23.68543856465402,0.0,100.0
61,41,28.948229652260256,0.0,100.0,7.3484692283495345,0.0,100.0,18.681541692269406,0.0,100.0
61,42,25.37715508089904,0.0,100.0,22.93468988235943,0.0,100.0,23.2163735324878,0.0,100.0
61,43,19.672315572906,0.0,100.0,23.280893453645632,0.0,100.0,23.021728866442675,0.0,100.0
61,44,19.519221295943137,0.0,100.0,20.591260281974,0.0,100.0,20.85665361461421,0.0,100.0
61,45,25.317977802344327,0.0,100.0,26.419689627245813,0.0,100.0,11.445523142259598,0.0,100.0
61,46,20.149441679609886,0.0,100.0,20.024984394500787,0.0,100.0,31.20897306865447,0.0,100.0
61,47,19.209372712298546,0.0,100.0,20.12461179749811,0.0,100.0,26.476404589747453,0.0,100.0
61,48,20.615528128088304,0.0,100.0,19.87460691435179,0.0,100.0,20.808652046684813,0.0,100.0
61,49,22.090722034374522,0.0,100.0,20.639767440550294,0.0,100.0,17.029386365926403,0.0,100.0
61,50,17.46424919657298,0.0,100.0,21.540659228538015,0.0,100.0,22.22611077089287,0.0,100.0
61,51,16.30950643030009,0.0,100.0,12.68857754044952,0.0,100.0,8.54400374531753,0.0,100.0
61,52,16.911534525287763,0.0,100.0,20.904544960366874,0.0,100.0,18.49324200890693,0.0,100.0
61,53,12.68857754044952,0.0,100.0,16.431676725154983,0.0,100.0,10.198039027185569,0.0,100.0
61,54,24.392621835300936,0.0,100.0,8.54400374531753,0.0,100.0,14.352700094407323,0.0,100.0
61,55,10.677078252031311,0.0,100.0,20.223748416156685,0.0,100.0,24.392621835300936,0.0,100.0
61,56,21.37755832643195,0.0,100.0,10.246950765959598,0.0,100.0,8.774964387392123,0.0,100.0
61,57,6.557438524302,0.0,100.0,25.37715508089904,0.0,100.0,25.98076211353316,0.0,100.0
61,58,21.37755832643195,0.0,100.0,6.4031242374328485,0.0,100.0,6.082762530298219,0.0,100.0
61,59,29.017236257093817,0.0,100.0,10.04987562112089,0.0,100.0,18.33030277982336,0.0,100.0
61,60,24.372115213907882,0.0,100.0,22.561028345356956,0.0,100.0,21.400934559032695,0.0,100.0
61,61,3.3166247903554,0.0,100.0,23.021728866442675,0.0,100.0,13.19090595827292,0.0,100.0
61,62,16.0312195418814,0.0,100.0,13.379088160259652,0.0,100.0,19.672315572906,0.0,100.0
61,63,17.11724276862369,0.0,100.0,23.68543856465402,0.0,100.0,20.83266665599966,0.0,100.0
62,0,8.602325267042627,0.0,100.0,26.870057685088806,0.0,100.0,17.291616465790582,0.0,100.0
62,1,10.816653826391969,0.0,100.0,18.027756377319946,0.0,100.0,18.2208671582886,0.0,100.0
62,2,22.15851980616034,0.0,100.0,17.46424919657298,0.0,100.0,21.95449840010015,0.0,100.0
62,3,17.944358444926362,0.0,100.0,14.866068747318506,0.0,100.0,18.601075237738275,0.0,100.0
62,4,23.515952032609693,0.0,100.0,17.72004514666935,0.0,100.0,15.684387141358123,0.0,100.0
62,5,18.05547008526779,0.0,100.0,21.494185260204677,0.0,100.0,16.30950643030009,0.0,100.0
62,6,14.45683229480096,0.0,100.0,13.0,0.0,100.0,14.352700094407323,0.0,100.0
62,7,17.146428199482248,0.0,100.0,12.083045973594572,0.0,100.0,25.573423705088842,0.0,100.0
62,8,23.664319132398465,0.0,100.0,19.519221295943137,0.0,100.0,8.831760866327848,0.0,100.0
62,9,18.708286933869708,0.0,100.0,10.677078252031311,0.0,100.0,14.866068747318506,0.0,100.0
62,10,21.563858652847824,0.0,100.0,21.213203435596427,0.0,100.0,17.26267650163207,0.0,100.0
62,11,18.2208671582886,0.0,100.0,18.027756377319946,0.0,100.0,26.095976701399778,0.0,100.0
62,12,9.433981132056603,0.0,100.0,19.4164878389476,0.0,100.0,17.72004514666935,0.0,100.0
62,13,21.93171219946131,0.0,100.0,15.264337522473747,0.0,100.0,31.20897306865447,0.0,100.0
62,14,19.1049731745428,0.0,100.0,26.70205984563738,0.0,100.0,23.727621035409346,0.0,100.0
62,15,22.869193252058544,0.0,100.0,17.578395831246947,0.0,100.0,17.916472867168917,0.0,100.0
62,16,13.74772708486752,0.0,100.0,9.899494936611665,0.0,100.0,13.74772708486752,0.0,100.0
62,17,26.832815729997478,0.0,100.0,20.73644135332772,0.0,100.0,15.427248620541512,0.0,100.0
62,18,7.0710678118654755,0.0,100.0,14.730919862656235,0.0,100.0,12.767145334803704,0.0,100.0
62,19,18.49324200890693,0.0,100.0,12.24744871391589,0.0,100.0,17.72004514666935,0.0,100.0
62,20,12.649110640673518,0.0,100.0,20.808652046684813,0.0,100.0,15.165750888103101,0.0,100.0
62,21,30.099833886584822,0.0,100.0,16.881943016134134,0.0,100.0,24.166091947189145,0.0,100.0
62,22,22.759613353482084,0.0,100.0,10.04987562112089,0.0,100.0,17.74823934929885,0.0,100.0
62,23,23.93741840717165,0.0,100.0,16.73320053068151,0.0,100.0,28.372521918222215,0.0,100.0
62,24,16.0312195418814,0.0,100.0,20.615528128088304,0.0,100.0,18.110770276274835,0.0,100.0
62,25,13.92838827718412,0.0,100.0,18.275666882497067,0.0,100.0,23.68543856465402,0.0,100.0
62,26,21.047565179849187,0.0,100.0,21.540659228538015,0.0,100.0,15.0,0.0,100.0
62,27,9.486832980505138,0.0,100.0,25.019992006393608,0.0,100.0,14.966629547095765,0.0,100.0
62,28,15.0,0.0,100.0,5.744562646538029,0.0,100.0,19.8997487421324,0.0,100.0
62,29,26.589471600616662,0.0,100.0,14.035668847618199,0.0,100.0,11.532562594670797,0.0,100.0
62,30,26.038433132583073,0.0,100.0,20.493901531919196,0.0,100.0,18.05547008526779,0.0,100.0
62,31,25.514701644346147,0.0,100.0,27.09243436828813,0.0,100.0,31.827660925679098,0.0,100.0
62,32,11.045361017187261,0.0,100.0,10.488088481701515,0.0,100.0,24.758836806279895,0.0,100.0
62,33,22.15851980616034,0.0,100.0,29.8496231131986,0.0,100.0,18.05547008526779,0.0,100.0
62,34,22.15851980616034,0.0,100.0,7.280109889280518,0.0,100.0,16.186414056238647,0.0,100.0
62,35,26.1725046566048,0.0,100.0,14.177446878757825,0.0,100.0,19.078784028338912,0.0,100.0
62,36,11.045361017187261,0.0,100.0,17.378147196982766,0.0,100.0,12.884098726725126,0.0,100.0
62,37,12.24744871391589,0.0,100.0,29.68164415931166,0.0,100.0,26.019223662515376,0.0,100.0
62,38,22.561028345356956,0.0,100.0,14.45683229480096,0.0,100.0,17.88854381999832,0.0,100.0
62,39,14.177446878757825,0.0,100.0,15.620499351813308,0.0,100.0,18.57417562100671,0.0,100.0
62,40,19.519221295943137,0.0,100.0,18.411952639521967,0.0,100.0,24.1039415863879,0.0,100.0
62,41,22.293496809607955,0.0,100.0,11.357816691600547,0.0,100.0,15.684387141358123,0.0,100.0
62,42,24.535688292770594,0.0,100.0,27.09243436828813,0.0,100.0,23.40939982143925,0.0,100.0
62,43,20.273134932713294,0.0,100.0,19.672315572906,0.0,100.0,16.492422502470642,0.0,100.0
62,44,6.4031242374328485,0.0,100.0,18.867962264113206,0.0,100.0,22.58317958127243,0.0,100.0
62,45,26.095976701399778,0.0,100.0,22.825424421026653,0.0,100.0,26.94438717061496,0.0,100.0
62,46,18.788294228055936,0.0,100.0,15.748015748023622,0.0,100.0,26.43860813280457,0.0,100.0
62,47,24.596747752497688,0.0,100.0,22.58317958127243,0.0,100.0,23.366642891095847,0.0,100.0
62,48,17.52141546793523,0.0,100.0,7.0710678118654755,0.0,100.0,15.7797338380595,0.0,100.0
62,49,22.978250586152114,0.0,100.0,26.720778431774775,0.0,100.0,18.788294228055936,0.0,100.0
62,50,10.44030650891055,0.0,100.0,10.44030650891055,0.0,100.0,10.770329614269007,0.0,100.0
62,51,20.024984394500787,0.0,100.0,14.866068747318506,0.0,100.0,13.038404810405298,0.0,100.0
62,52,4.0,0.0,100.0,13.892443989449804,0.0,100.0,17.204650534085253,0.0,100.0
62,53,23.345235059857504,0.0,100.0,14.89966442575134,0.0,100.0,21.79449471770337,0.0,100.0
62,54,20.024984394500787,0.0,100.0,12.68857754044952,0.0,100.0,18.788294228055936,0.0,100.0
62,55,19.4164878389476,0.0,100.0,10.770329614269007,0.0,100.0,30.033314835362415,0.0,100.0
62,56,23.53720459187964,0.0,100.0,18.920887928424502,0.0,100.0,13.076696830622021,0.0,100.0
62,57,29.427877939124322,0.0,100.0,17.029386365926403,0.0,100.0,22.561028345356956,0.0,100.0
62,58,12.727922061357855,0.0,100.0,10.295630140987,0.0,100.0,24.372115213907882,0.0,100.0
62,59,19.6468827043885,0.0,100.0,24.535688292770594,0.0,100.0,18.027756377319946,0.0,100.0
62,60,27.53179979587241,0.0,100.0,21.6794833886788,0.0,100.0,25.15949125081825,0.0,100.0
62,61,9.899494936611665,0.0,100.0,21.494185260204677,0.0,100.0,25.573423705088842,0.0,100.0
62,62,13.45362404707371,0.0,100.0,21.840329667841555,0.0,100.0,23.043437243605826,0.0,100.0
62,63,18.547236990991408,0.0,100.0,15.165750888103101,0.0,100.0,29.03446228191595,0.0,100.0
