row,col,original_red,corrected_red,red_original_dist,red_corrected_dist,red_improvement,original_green,corrected_green,green_original_dist,green_corrected_dist,green_improvement,original_blue,corrected_blue,blue_original_dist,blue_corrected_dist,blue_improvement
0,0,[227   6  18],[220   0   0],20.223748416156685,0.0,100.0,[  5 219  18],[  0 220   0],18.708286933869708,0.0,100.0,[  5   1 230],[  0   0 220],11.224972160321824,0.0,100.0
0,1,[210   4  10],[220   0   0],14.696938456699069,0.0,100.0,[  2 221  11],[  0 220   0],11.224972160321824,0.0,100.0,[  0  10 233],[  0   0 220],16.401219466856727,0.0,100.0
0,2,[208   4   8],[220   0   0],14.966629547095765,0.0,100.0,[  1 223   3],[  0 220   0],4.358898943540674,0.0,100.0,[  0  12 215],[  0   0 220],13.0,0.0,100.0
0,3,[215   0   1],[220   0   0],5.0990195135927845,0.0,100.0,[ 19 233  10],[  0 220   0],25.099800796022265,0.0,100.0,[  4   0 216],[  0   0 220],5.656854249492381,0.0,100.0
0,4,[213  12  14],[220   0   0],19.72308292331602,0.0,100.0,[ 16 205   7],[  0 220   0],23.021728866442675,0.0,100.0,[ 17   8 234],[  0   0 220],23.430749027719962,0.0,100.0
0,5,[226  15   8],[220   0   0],18.027756377319946,0.0,100.0,[  4 238   2],[  0 220   0],18.547236990991408,0.0,100.0,[  7  15 218],[  0   0 220],16.673332000533065,0.0,100.0
0,6,[231   0  14],[220   0   0],17.804493814764857,0.0,100.0,[ 15 233   7],[  0 220   0],21.047565179849187,0.0,100.0,[  2  12 208],[  0   0 220],17.08800749063506,0.0,100.0
0,7,[237  19   4],[220   0   0],25.80697580112788,0.0,100.0,[ 10 219  10],[  0 220   0],14.177446878757825,0.0,100.0,[ 18  13 231],[  0   0 220],24.779023386727733,0.0,100.0
0,8,[208  10  17],[220   0   0],23.08679276123039,0.0,100.0,[  2 207   3],[  0 220   0],13.490737563232042,0.0,100.0,[  8   4 205],[  0   0 220],17.46424919657298,0.0,100.0
0,9,[213   1   6],[220   0   0],9.273618495495704,0.0,100.0,[ 11 235   0],[  0 220   0],18.601075237738275,0.0,100.0,[  0   2 203],[  0   0 220],17.11724276862369,0.0,100.0
0,10,[233  13  11],[220   0   0],21.42428528562855,0.0,100.0,[ 16 227  19],[  0 220   0],25.80697580112788,0.0,100.0,[ 10   6 233],[  0   0 220],17.46424919657298,0.0,100.0
0,11,[217   9   2],[220   0   0],9.695359714832659,0.0,100.0,[ 17 232   4],[  0 220   0],21.18962010041709,0.0,100.0,[  3  12 230],[  0   0 220],15.905973720586866,0.0,100.0
0,12,[209  14  12],[220   0   0],21.470910553583888,0.0,100.0,[ 19 208  12],[  0 220   0],25.475478405713993,0.0,100.0,[ 10  12 220],[  0   0 220],15.620499351813308,0.0,100.0
0,13,[219  18   4],[220   0   0],18.466185312619388,0.0,100.0,[ 10 237  18],[  0 220   0],26.70205984563738,0.0,100.0,[  1  14 229],[  0   0 220],16.673332000533065,0.0,100.0
0,14,[228   2   1],[220   0   0],8.306623862918075,0.0,100.0,[ 11 217  16],[  0 220   0],19.6468827043885,0.0,100.0,[ 14   4 224],[  0   0 220],15.0996688705415,0.0,100.0
0,15,[200   2  12],[220   0   0],23.40939982143925,0.0,100.0,[ 17 223  14],[  0 220   0],22.22611077089287,0.0,100.0,[ 18   7 210],[  0   0 220],21.748563170931547,0.0,100.0
0,16,[225   9   2],[220   0   0],10.488088481701515,0.0,100.0,[ 15 207   2],[  0 220   0],19.949937343260004,0.0,100.0,[  9   7 237],[  0   0 220],20.46948949045872,0.0,100.0
0,17,[206  16  12],[220   0   0],24.413111231467404,0.0,100.0,[ 12 203   5],[  0 220   0],21.400934559032695,0.0,100.0,[  2  15 227],[  0   0 220],16.673332000533065,0.0,100.0
0,18,[208  11  12],[220   0   0],20.223748416156685,0.0,100.0,[ 13 203   1],[  0 220   0],21.42428528562855,0.0,100.0,[  8   4 215],[  0   0 220],10.246950765959598,0.0,100.0
0,19,[221   8  13],[220   0   0],15.297058540778355,0.0,100.0,[ 18 201   4],[  0 220   0],26.476404589747453,0.0,100.0,[  3   2 206],[  0   0 220],14.45683229480096,0.0,100.0
0,20,[203   4   3],[220   0   0],17.72004514666935,0.0,100.0,[  9 213   5],[  0 220   0],12.449899597988733,0.0,100.0,[  6  16 207],[  0   0 220],21.470910553583888,0.0,100.0
0,21,[236  15  17],[220   0   0],27.748873851023216,0.0,100.0,[  9 212  14],[  0 220   0],18.466185312619388,0.0,100.0,[ 19   7 214],[  0   0 220],21.118712081942874,0.0,100.0
0,22,[226  15   5],[220   0   0],16.911534525287763,0.0,100.0,[  9 234   4],[  0 220   0],17.11724276862369,0.0,100.0,[ 13   8 202],[  0   0 220],23.600847442411894,0.0,100.0
0,23,[202   6   0],[220   0   0],18.973665961010276,0.0,100.0,[ 14 238  15],[  0 220   0],27.294688127912362,0.0,100.0,[  7  17 209],[  0   0 220],21.42428528562855,0.0,100.0
0,24,[216  16  19],[220   0   0],25.15949125081825,0.0,100.0,[ 19 221  19],[  0 220   0],26.888659319497503,0.0,100.0,[ 14  15 223],[  0   0 220],20.73644135332772,0.0,100.0
0,25,[210   3   9],[220   0   0],13.784048752090222,0.0,100.0,[ 12 211   7],[  0 220   0],16.55294535724685,0.0,100.0,[  6  18 228],[  0   0 220],20.591260281974,0.0,100.0
0,26,[208   0  18],[220   0   0],21.633307652783937,0.0,100.0,[  2 200  12],[  0 220   0],23.40939982143925,0.0,100.0,[ 11   4 219],[  0   0 220],11.74734012447073,0.0,100.0
0,27,[203  10  16],[220   0   0],25.39685019840059,0.0,100.0,[  5 230  18],[  0 220   0],21.18962010041709,0.0,100.0,[  4  19 239],[  0   0 220],27.16615541441225,0.0,100.0
0,28,[226   4  15],[220   0   0],16.64331697709324,0.0,100.0,[ 12 230   8],[  0 220   0],17.549928774784245,0.0,100.0,[  9  16 215],[  0   0 220],19.026297590440446,0.0,100.0
0,29,[200   5  17],[220   0   0],26.720778431774775,0.0,100.0,[  9 210   9],[  0 220   0],16.186414056238647,0.0,100.0,[ 16  13 202],[  0   0 220],27.367864366808018,0.0,100.0
0,30,[236  16   5],[220   0   0],23.173260452512935,0.0,100.0,[ 19 231   1],[  0 220   0],21.97726097583591,0.0,100.0,[  0  16 219],[  0   0 220],16.0312195418814,0.0,100.0
0,31,[209  11  18],[220   0   0],23.790754506740637,0.0,100.0,[ 11 215   6],[  0 220   0],13.490737563232042,0.0,100.0,[ 13  14 204],[  0   0 220],24.919871588754223,0.0,100.0
0,32,[223  15  10],[220   0   0],18.275666882497067,0.0,100.0,[  9 222  10],[  0 220   0],13.601470508735444,0.0,100.0,[  6   6 229],[  0   0 220],12.36931687685298,0.0,100.0
0,33,[223   5  16],[220   0   0],17.029386365926403,0.0,100.0,[ 11 232  11],[  0 220   0],19.6468827043885,0.0,100.0,[ 14  14 225],[  0   0 220],20.42057785666214,0.0,100.0
0,34,[224  11   9],[220   0   0],14.7648230602334,0.0,100.0,[ 18 223   1],[  0 220   0],18.275666882497067,0.0,100.0,[  0  15 205],[  0   0 220],21.213203435596427,0.0,100.0
0,35,[216  19   4],[220   0   0],19.82422760159901,0.0,100.0,[  8 234  17],[  0 220   0],23.430749027719962,0.0,100.0,[  2   0 217],[  0   0 220],3.605551275463989,0.0,100.0
0,36,[224  16  10],[220   0   0],19.28730152198591,0.0,100.0,[ 10 202  16],[  0 220   0],26.076809620810597,0.0,100.0,[ 12   3 204],[  0   0 220],20.223748416156685,0.0,100.0
0,37,[234   6  13],[220   0   0],20.024984394500787,0.0,100.0,[  5 229  18],[  0 220   0],20.73644135332772,0.0,100.0,[  9   1 210],[  0   0 220],13.490737563232042,0.0,100.0
0,38,[214   9  12],[220   0   0],16.15549442140351,0.0,100.0,[  4 213  13],[  0 220   0],15.297058540778355,0.0,100.0,[ 14   0 226],[  0   0 220],15.231546211727817,0.0,100.0
0,39,[239   3  17],[220   0   0],25.67099530598687,0.0,100.0,[ 13 229  12],[  0 220   0],19.849433241279208,0.0,100.0,[  8  15 228],[  0   0 220],18.788294228055936,0.0,100.0
0,40,[231  12  13],[220   0   0],20.83266665599966,0.0,100.0,[  1 222  14],[  0 220   0],14.177446878757825,0.0,100.0,[  5   1 213],[  0   0 220],8.660254037844387,0.0,100.0
0,41,[203   7   4],[220   0   0],18.81488772222678,0.0,100.0,[  3 224  10],[  0 220   0],11.180339887498949,0.0,100.0,[  8  17 210],[  0   0 220],21.283796653792763,0.0,100.0
0,42,[235   8   5],[220   0   0],17.72004514666935,0.0,100.0,[ 17 217  16],[  0 220   0],23.53720459187964,0.0,100.0,[ 18   5 203],[  0   0 220],25.25866188063018,0.0,100.0
0,43,[225   1  15],[220   0   0],15.84297951775486,0.0,100.0,[ 12 236  13],[  0 220   0],23.853720883753127,0.0,100.0,[  0  10 237],[  0   0 220],19.72308292331602,0.0,100.0
0,44,[205  16   1],[220   0   0],21.95449840010015,0.0,100.0,[ 16 219  16],[  0 220   0],22.64950330581225,0.0,100.0,[ 15   2 204],[  0   0 220],22.02271554554524,0.0,100.0
0,45,[210  11  19],[220   0   0],24.124676163629637,0.0,100.0,[ 12 212  13],[  0 220   0],19.4164878389476,0.0,100.0,[  4   5 219],[  0   0 220],6.48074069840786,0.0,100.0
0,46,[206  13   1],[220   0   0],19.131126469708992,0.0,100.0,[  3 232   3],[  0 220   0],12.727922061357855,0.0,100.0,[  1   1 200],[  0   0 220],20.049937655763422,0.0,100.0
0,47,[219  18  14],[220   0   0],22.825424421026653,0.0,100.0,[  6 208  15],[  0 220   0],20.12461179749811,0.0,100.0,[  5  15 214],[  0   0 220],16.911534525287763,0.0,100.0
0,48,[204  18  15],[220   0   0],28.372521918222215,0.0,100.0,[ 13 220  15],[  0 220   0],19.849433241279208,0.0,100.0,[  8   4 228],[  0   0 220],12.0,0.0,100.0
0,49,[201   6  14],[220   0   0],24.351591323771842,0.0,100.0,[ 10 202   0],[  0 220   0],20.591260281974,0.0,100.0,[  3  15 216],[  0   0 220],15.811388300841896,0.0,100.0
0,50,[233   1  16],[220   0   0],20.639767440550294,0.0,100.0,[  9 222   4],[  0 220   0],10.04987562112089,0.0,100.0,[ 18   3 217],[  0   0 220],18.49324200890693,0.0,100.0
0,51,[224   8  13],[220   0   0],15.7797338380595,0.0,100.0,[  2 211   1],[  0 220   0],9.273618495495704,0.0,100.0,[ 12   0 216],[  0   0 220],12.649110640673518,0.0,100.0
0,52,[228  19  18],[220   0   0],27.367864366808018,0.0,100.0,[ 19 232   6],[  0 220   0],23.259406699226016,0.0,100.0,[  5  13 227],[  0   0 220],15.588457268119896,0.0,100.0
0,53,[204   9   6],[220   0   0],19.313207915827967,0.0,100.0,[ 14 223   3],[  0 220   0],14.628738838327793,0.0,100.0,[  0   6 219],[  0   0 220],6.082762530298219,0.0,100.0
0,54,[233  14  11],[220   0   0],22.045407685048602,0.0,100.0,[  4 239   0],[  0 220   0],19.4164878389476,0.0,100.0,[  3  11 239],[  0   0 220],22.15851980616034,0.0,100.0
0,55,[233   8   5],[220   0   0],16.06237840420901,0.0,100.0,[  8 205  12],[  0 220   0],20.808652046684813,0.0,100.0,[  3  11 230],[  0   0 220],15.165750888103101,0.0,100.0
0,56,[234  12   7],[220   0   0],19.72308292331602,0.0,100.0,[ 15 208   3],[  0 220   0],19.44222209522358,0.0,100.0,[  5  18 217],[  0   0 220],18.920887928424502,0.0,100.0
0,57,[206  11   4],[220   0   0],18.24828759089466,0.0,100.0,[ 14 231  16],[  0 220   0],23.93741840717165,0.0,100.0,[  5   4 213],[  0   0 220],9.486832980505138,0.0,100.0
0,58,[205  18   9],[220   0   0],25.099800796022265,0.0,100.0,[ 12 206  12],[  0 220   0],22.0,0.0,100.0,[ 18   7 215],[  0   0 220],19.949937343260004,0.0,100.0
0,59,[212  11   7],[220   0   0],15.297058540778355,0.0,100.0,[  4 233   6],[  0 220   0],14.866068747318506,0.0,100.0,[  7  16 226],[  0   0 220],18.466185312619388,0.0,100.0
0,60,[204   8   7],[220   0   0],19.209372712298546,0.0,100.0,[ 12 230  10],[  0 220   0],18.547236990991408,0.0,100.0,[  8   9 210],[  0   0 220],15.652475842498529,0.0,100.0
0,61,[207   0   4],[220   0   0],13.601470508735444,0.0,100.0,[ 15 202   4],[  0 220   0],23.769728648009426,0.0,100.0,[  1   2 211],[  0   0 220],9.273618495495704,0.0,100.0
0,62,[203   1   8],[220   0   0],18.81488772222678,0.0,100.0,[ 11 221  10],[  0 220   0],14.89966442575134,0.0,100.0,[  1   1 202],[  0   0 220],18.05547008526779,0.0,100.0
0,63,[203   3   8],[220   0   0],19.026297590440446,0.0,100.0,[ 11 221   4],[  0 220   0],11.74734012447073,0.0,100.0,[  1   1 205],[  0   0 220],15.066519173319364,0.0,100.0
1,0,[206   0  17],[220   0   0],22.02271554554524,0.0,100.0,[  4 212   7],[  0 220   0],11.357816691600547,0.0,100.0,[  4   2 215],[  0   0 220],6.708203932499369,0.0,100.0
1,1,[209  19   2],[220   0   0],22.045407685048602,0.0,100.0,[ 17 214  15],[  0 220   0],23.45207879911715,0.0,100.0,[ 11  14 214],[  0   0 220],18.788294228055936,0.0,100.0
1,2,[218  10  13],[220   0   0],16.522711641858304,0.0,100.0,[ 10 219  17],[  0 220   0],19.748417658131498,0.0,100.0,[ 15  13 202],[  0   0 220],26.795522013948524,0.0,100.0
1,3,[235  19   8],[220   0   0],25.495097567963924,0.0,100.0,[ 12 214  12],[  0 220   0],18.0,0.0,100.0,[ 13   6 221],[  0   0 220],14.352700094407323,0.0,100.0
1,4,[216  11  12],[220   0   0],16.76305461424021,0.0,100.0,[ 19 213  16],[  0 220   0],25.80697580112788,0.0,100.0,[ 16  17 208],[  0   0 220],26.248809496813376,0.0,100.0
1,5,[215   7  17],[220   0   0],19.05255888325765,0.0,100.0,[ 17 235   9],[  0 220   0],24.392621835300936,0.0,100.0,[  3  10 235],[  0   0 220],18.275666882497067,0.0,100.0
1,6,[223   3   6],[220   0   0],7.3484692283495345,0.0,100.0,[ 19 217  15],[  0 220   0],24.392621835300936,0.0,100.0,[  3   6 225],[  0   0 220],8.366600265340756,0.0,100.0
1,7,[228  19  12],[220   0   0],23.853720883753127,0.0,100.0,[ 13 234   9],[  0 220   0],21.118712081942874,0.0,100.0,[  8  10 226],[  0   0 220],14.142135623730951,0.0,100.0
1,8,[208  15  18],[220   0   0],26.324893162176366,0.0,100.0,[  4 209   8],[  0 220   0],14.177446878757825,0.0,100.0,[  5   2 218],[  0   0 220],5.744562646538029,0.0,100.0
1,9,[206   4   7],[220   0   0],16.15549442140351,0.0,100.0,[ 19 229   7],[  0 220   0],22.15851980616034,0.0,100.0,[  5  18 228],[  0   0 220],20.322401432901575,0.0,100.0
1,10,[216   8  11],[220   0   0],14.177446878757825,0.0,100.0,[ 12 219   4],[  0 220   0],12.68857754044952,0.0,100.0,[  6  14 231],[  0   0 220],18.788294228055936,0.0,100.0
1,11,[203   8   3],[220   0   0],19.026297590440446,0.0,100.0,[  8 227  14],[  0 220   0],17.578395831246947,0.0,100.0,[  8  12 220],[  0   0 220],14.422205101855956,0.0,100.0
1,12,[214  15  19],[220   0   0],24.939927826679853,0.0,100.0,[ 13 209  10],[  0 220   0],19.748417658131498,0.0,100.0,[  1  19 202],[  0   0 220],26.19160170741759,0.0,100.0
1,13,[226   6   7],[220   0   0],11.0,0.0,100.0,[ 13 210  13],[  0 220   0],20.92844953645635,0.0,100.0,[ 15   8 224],[  0   0 220],17.46424919657298,0.0,100.0
1,14,[232  13   2],[220   0   0],17.804493814764857,0.0,100.0,[ 11 225  12],[  0 220   0],17.029386365926403,0.0,100.0,[  9  14 203],[  0   0 220],23.790754506740637,0.0,100.0
1,15,[236  14   4],[220   0   0],21.633307652783937,0.0,100.0,[ 11 235   0],[  0 220   0],18.601075237738275,0.0,100.0,[ 13  14 201],[  0   0 220],26.94438717061496,0.0,100.0
1,16,[201   4  11],[220   0   0],22.315913604421397,0.0,100.0,[ 16 232  15],[  0 220   0],25.0,0.0,100.0,[ 15  12 202],[  0   0 220],26.324893162176366,0.0,100.0
1,17,[233  19  14],[220   0   0],26.94438717061496,0.0,100.0,[  1 205  18],[  0 220   0],23.45207879911715,0.0,100.0,[  0  19 228],[  0   0 220],20.615528128088304,0.0,100.0
1,18,[204  19   3],[220   0   0],25.019992006393608,0.0,100.0,[  0 214   7],[  0 220   0],9.219544457292887,0.0,100.0,[ 17  15 201],[  0   0 220],29.58039891549808,0.0,100.0
1,19,[200   6   0],[220   0   0],20.8806130178211,0.0,100.0,[  2 223  16],[  0 220   0],16.401219466856727,0.0,100.0,[  0  16 233],[  0   0 220],20.615528128088304,0.0,100.0
1,20,[239  14   2],[220   0   0],23.68543856465402,0.0,100.0,[ 18 207   4],[  0 220   0],22.561028345356956,0.0,100.0,[ 17  19 239],[  0   0 220],31.796226191169293,0.0,100.0
1,21,[219  13   8],[220   0   0],15.297058540778355,0.0,100.0,[ 15 229  18],[  0 220   0],25.099800796022265,0.0,100.0,[ 17  16 212],[  0   0 220],24.677925358506133,0.0,100.0
1,22,[229   3  15],[220   0   0],17.74823934929885,0.0,100.0,[ 11 230  18],[  0 220   0],23.345235059857504,0.0,100.0,[ 11   9 219],[  0   0 220],14.247806848775006,0.0,100.0
1,23,[238   8  16],[220   0   0],25.37715508089904,0.0,100.0,[  8 233   2],[  0 220   0],15.394804318340652,0.0,100.0,[ 10  11 227],[  0   0 220],16.431676725154983,0.0,100.0
1,24,[231   2  10],[220   0   0],15.0,0.0,100.0,[  9 200  16],[  0 220   0],27.147743920996454,0.0,100.0,[ 13   0 207],[  0   0 220],18.384776310850235,0.0,100.0
1,25,[237  16   9],[220   0   0],25.019992006393608,0.0,100.0,[ 10 226   5],[  0 220   0],12.68857754044952,0.0,100.0,[  1   0 238],[  0   0 220],18.027756377319946,0.0,100.0
1,26,[219  12   3],[220   0   0],12.409673645990857,0.0,100.0,[  6 231   9],[  0 220   0],15.427248620541512,0.0,100.0,[  5   2 203],[  0   0 220],17.832554500127006,0.0,100.0
1,27,[206   6  10],[220   0   0],18.2208671582886,0.0,100.0,[ 18 207  18],[  0 220   0],28.583211855912904,0.0,100.0,[  5   3 236],[  0   0 220],17.029386365926403,0.0,100.0
1,28,[214  18   6],[220   0   0],19.8997487421324,0.0,100.0,[ 14 207  19],[  0 220   0],26.94438717061496,0.0,100.0,[  9   8 202],[  0   0 220],21.656407827707714,0.0,100.0
1,29,[228  11  13],[220   0   0],18.81488772222678,0.0,100.0,[ 16 210  17],[  0 220   0],25.39685019840059,0.0,100.0,[  6   0 224],[  0   0 220],7.211102550927978,0.0,100.0
1,30,[239  17   6],[220   0   0],26.19160170741759,0.0,100.0,[ 18 239   5],[  0 220   0],26.645825188948457,0.0,100.0,[  7  15 236],[  0   0 220],23.021728866442675,0.0,100.0
1,31,[233   1  18],[220   0   0],22.22611077089287,0.0,100.0,[ 19 225   6],[  0 220   0],20.54263858417414,0.0,100.0,[  9   1 219],[  0   0 220],9.1104335791443,0.0,100.0
1,32,[205   2   3],[220   0   0],15.427248620541512,0.0,100.0,[  3 232  11],[  0 220   0],16.55294535724685,0.0,100.0,[ 15  11 204],[  0   0 220],24.535688292770594,0.0,100.0
1,33,[229  13   6],[220   0   0],16.911534525287763,0.0,100.0,[ 12 231   9],[  0 220   0],18.601075237738275,0.0,100.0,[  9   6 207],[  0   0 220],16.911534525287763,0.0,100.0
1,34,[231   1  19],[220   0   0],21.97726097583591,0.0,100.0,[  3 235   0],[  0 220   0],15.297058540778355,0.0,100.0,[  3  13 238],[  0   0 220],22.40535650240808,0.0,100.0
1,35,[238   8  19],[220   0   0],27.367864366808018,0.0,100.0,[ 11 223  10],[  0 220   0],15.165750888103101,0.0,100.0,[  8   4 214],[  0   0 220],10.770329614269007,0.0,100.0
1,36,[210   9  12],[220   0   0],18.027756377319946,0.0,100.0,[  0 226   6],[  0 220   0],8.48528137423857,0.0,100.0,[ 19  19 206],[  0   0 220],30.298514815086232,0.0,100.0
1,37,[235  11  18],[220   0   0],25.88435821108957,0.0,100.0,[  9 201  16],[  0 220   0],26.419689627245813,0.0,100.0,[ 19  10 236],[  0   0 220],26.77685567799177,0.0,100.0
1,38,[220  17  14],[220   0   0],22.02271554554524,0.0,100.0,[  7 233   0],[  0 220   0],14.7648230602334,0.0,100.0,[ 15   1 234],[  0   0 220],20.54263858417414,0.0,100.0
1,39,[223   1   6],[220   0   0],6.782329983125268,0.0,100.0,[  3 235   3],[  0 220   0],15.588457268119896,0.0,100.0,[ 16   8 235],[  0   0 220],23.345235059857504,0.0,100.0
1,40,[214   0  12],[220   0   0],13.416407864998739,0.0,100.0,[  1 211   6],[  0 220   0],10.862780491200215,0.0,100.0,[ 19  11 214],[  0   0 220],22.759613353482084,0.0,100.0
1,41,[216  18  11],[220   0   0],21.470910553583888,0.0,100.0,[ 10 207   2],[  0 220   0],16.522711641858304,0.0,100.0,[ 19  19 214],[  0   0 220],27.53179979587241,0.0,100.0
1,42,[225   0  17],[220   0   0],17.72004514666935,0.0,100.0,[ 16 228  13],[  0 220   0],22.11334438749598,0.0,100.0,[ 11  19 233],[  0   0 220],25.514701644346147,0.0,100.0
1,43,[220   7  16],[220   0   0],17.46424919657298,0.0,100.0,[ 11 227  19],[  0 220   0],23.043437243605826,0.0,100.0,[ 16  16 213],[  0   0 220],23.68543856465402,0.0,100.0
1,44,[235   4   3],[220   0   0],15.811388300841896,0.0,100.0,[  5 223  18],[  0 220   0],18.920887928424502,0.0,100.0,[  9  13 210],[  0   0 220],18.708286933869708,0.0,100.0
1,45,[222  13   4],[220   0   0],13.74772708486752,0.0,100.0,[  7 218   8],[  0 220   0],10.816653826391969,0.0,100.0,[  0   1 208],[  0   0 220],12.041594578792296,0.0,100.0
1,46,[213  13   5],[220   0   0],15.588457268119896,0.0,100.0,[  1 235  12],[  0 220   0],19.235384061671343,0.0,100.0,[  7  18 200],[  0   0 220],27.80287754891569,0.0,100.0
1,47,[202   5   6],[220   0   0],19.621416870348583,0.0,100.0,[  3 223   1],[  0 220   0],4.358898943540674,0.0,100.0,[  3  18 213],[  0   0 220],19.544820285692065,0.0,100.0
1,48,[232  14   3],[220   0   0],18.681541692269406,0.0,100.0,[ 19 202  15],[  0 220   0],30.166206257996713,0.0,100.0,[  2   1 225],[  0   0 220],5.477225575051661,0.0,100.0
1,49,[234  16   8],[220   0   0],22.715633383201094,0.0,100.0,[ 17 215   5],[  0 220   0],18.411952639521967,0.0,100.0,[  5  15 211],[  0   0 220],18.193405398660254,0.0,100.0
1,50,[210  16   2],[220   0   0],18.973665961010276,0.0,100.0,[ 18 235   0],[  0 220   0],23.430749027719962,0.0,100.0,[  4  15 229],[  0   0 220],17.944358444926362,0.0,100.0
1,51,[221  10  10],[220   0   0],14.177446878757825,0.0,100.0,[ 19 201  15],[  0 220   0],30.773365106858236,0.0,100.0,[ 19   3 205],[  0   0 220],24.392621835300936,0.0,100.0
1,52,[235  13   7],[220   0   0],21.047565179849187,0.0,100.0,[  1 237   3],[  0 220   0],17.291616465790582,0.0,100.0,[ 13  16 202],[  0   0 220],27.367864366808018,0.0,100.0
1,53,[207   9   0],[220   0   0],15.811388300841896,0.0,100.0,[ 10 236  13],[  0 220   0],22.9128784747792,0.0,100.0,[  0  11 237],[  0   0 220],20.248456731316587,0.0,100.0
1,54,[213   3   7],[220   0   0],10.344080432788601,0.0,100.0,[  3 201  10],[  0 220   0],21.6794833886788,0.0,100.0,[ 15   1 201],[  0   0 220],24.228082879171435,0.0,100.0
1,55,[213  18   8],[220   0   0],20.904544960366874,0.0,100.0,[  7 239   6],[  0 220   0],21.118712081942874,0.0,100.0,[ 19  14 208],[  0   0 220],26.476404589747453,0.0,100.0
1,56,[205  15  12],[220   0   0],24.372115213907882,0.0,100.0,[ 12 218  13],[  0 220   0],17.804493814764857,0.0,100.0,[  3   2 236],[  0   0 220],16.401219466856727,0.0,100.0
1,57,[221  13   3],[220   0   0],13.379088160259652,0.0,100.0,[  4 212   2],[  0 220   0],9.16515138991168,0.0,100.0,[  3   4 225],[  0   0 220],7.0710678118654755,0.0,100.0
1,58,[231   5   4],[220   0   0],12.727922061357855,0.0,100.0,[  8 232   7],[  0 220   0],16.0312195418814,0.0,100.0,[ 14   2 209],[  0   0 220],17.916472867168917,0.0,100.0
1,59,[200  10   6],[220   0   0],23.15167380558045,0.0,100.0,[  0 237   3],[  0 220   0],17.26267650163207,0.0,100.0,[  8  18 227],[  0   0 220],20.904544960366874,0.0,100.0
1,60,[211   3  12],[220   0   0],15.297058540778355,0.0,100.0,[ 10 206  16],[  0 220   0],23.49468024894146,0.0,100.0,[  7  16 226],[  0   0 220],18.466185312619388,0.0,100.0
1,61,[211  18   0],[220   0   0],20.12461179749811,0.0,100.0,[  9 221   9],[  0 220   0],12.767145334803704,0.0,100.0,[ 16  12 223],[  0   0 220],20.223748416156685,0.0,100.0
1,62,[231   0  19],[220   0   0],21.95449840010015,0.0,100.0,[ 12 216   7],[  0 220   0],14.45683229480096,0.0,100.0,[  9  12 214],[  0   0 220],16.15549442140351,0.0,100.0
1,63,[228   6  15],[220   0   0],18.027756377319946,0.0,100.0,[ 14 211   9],[  0 220   0],18.920887928424502,0.0,100.0,[ 18  18 207],[  0   0 220],28.583211855912904,0.0,100.0
2,0,[215   8   0],[220   0   0],9.433981132056603,0.0,100.0,[ 13 202  16],[  0 220   0],27.367864366808018,0.0,100.0,[ 19   9 202],[  0   0 220],27.676705006196094,0.0,100.0
2,1,[220   3  11],[220   0   0],11.40175425099138,0.0,100.0,[ 16 219   6],[  0 220   0],17.11724276862369,0.0,100.0,[ 19  11 223],[  0   0 220],22.15851980616034,0.0,100.0
2,2,[215   3   5],[220   0   0],7.681145747868608,0.0,100.0,[  4 207  13],[  0 220   0],18.81488772222678,0.0,100.0,[  5   1 212],[  0   0 220],9.486832980505138,0.0,100.0
2,3,[201   1   7],[220   0   0],20.273134932713294,0.0,100.0,[  7 227  10],[  0 220   0],14.071247279470288,0.0,100.0,[ 13   9 200],[  0   0 220],25.495097567963924,0.0,100.0
2,4,[234   4   6],[220   0   0],15.748015748023622,0.0,100.0,[ 11 221  17],[  0 220   0],20.273134932713294,0.0,100.0,[  1   3 215],[  0   0 220],5.916079783099616,0.0,100.0
2,5,[229   4   7],[220   0   0],12.083045973594572,0.0,100.0,[  7 237   3],[  0 220   0],18.627936010197157,0.0,100.0,[  6   3 239],[  0   0 220],20.149441679609886,0.0,100.0
2,6,[215   6   1],[220   0   0],7.874007874011811,0.0,100.0,[ 17 231  13],[  0 220   0],24.06241883103193,0.0,100.0,[  1  16 227],[  0   0 220],17.4928556845359,0.0,100.0
2,7,[225   9   0],[220   0   0],10.295630140987,0.0,100.0,[ 18 217   1],[  0 220   0],18.275666882497067,0.0,100.0,[  2  15 202],[  0   0 220],23.515952032609693,0.0,100.0
2,8,[230  19  19],[220   0   0],28.6705423736629,0.0,100.0,[  3 220  14],[  0 220   0],14.317821063276353,0.0,100.0,[  8  19 212],[  0   0 220],22.11334438749598,0.0,100.0
2,9,[221   7   7],[220   0   0],9.9498743710662,0.0,100.0,[  9 235  11],[  0 220   0],20.663978319771825,0.0,100.0,[ 17   7 232],[  0   0 220],21.95449840010015,0.0,100.0
2,10,[215   7   9],[220   0   0],12.449899597988733,0.0,100.0,[  2 233   1],[  0 220   0],13.19090595827292,0.0,100.0,[  9   3 223],[  0   0 220],9.9498743710662,0.0,100.0
2,11,[205  10   8],[220   0   0],19.72308292331602,0.0,100.0,[  8 230   1],[  0 220   0],12.84523257866513,0.0,100.0,[ 14  15 238],[  0   0 220],27.294688127912362,0.0,100.0
2,12,[209  19  10],[220   0   0],24.124676163629637,0.0,100.0,[  1 236  17],[  0 220   0],23.366642891095847,0.0,100.0,[  8  18 217],[  0   0 220],19.924858845171276,0.0,100.0
2,13,[224  11   6],[220   0   0],13.152946437965905,0.0,100.0,[ 14 227   0],[  0 220   0],15.652475842498529,0.0,100.0,[  8   0 206],[  0   0 220],16.1245154965971,0.0,100.0
2,14,[221  15   0],[220   0   0],15.033296378372908,0.0,100.0,[  7 225   0],[  0 220   0],8.602325267042627,0.0,100.0,[  8   6 209],[  0   0 220],14.866068747318506,0.0,100.0
2,15,[226  19  19],[220   0   0],27.53179979587241,0.0,100.0,[ 10 232   6],[  0 220   0],16.73320053068151,0.0,100.0,[ 15   7 236],[  0   0 220],23.021728866442675,0.0,100.0
2,16,[239   4   4],[220   0   0],19.82422760159901,0.0,100.0,[ 12 200  14],[  0 220   0],27.202941017470888,0.0,100.0,[  2  17 200],[  0   0 220],26.324893162176366,0.0,100.0
2,17,[214  17   1],[220   0   0],18.05547008526779,0.0,100.0,[ 18 217  12],[  0 220   0],21.840329667841555,0.0,100.0,[  3   0 225],[  0   0 220],5.830951894845301,0.0,100.0
2,18,[223   2   7],[220   0   0],7.874007874011811,0.0,100.0,[ 19 229   0],[  0 220   0],21.02379604162864,0.0,100.0,[ 12  12 223],[  0   0 220],17.233687939614086,0.0,100.0
2,19,[238   2  17],[220   0   0],24.839484696748443,0.0,100.0,[ 10 224   7],[  0 220   0],12.84523257866513,0.0,100.0,[ 15  10 211],[  0   0 220],20.149441679609886,0.0,100.0
2,20,[236   4  17],[220   0   0],23.68543856465402,0.0,100.0,[  4 200  19],[  0 220   0],27.874719729532707,0.0,100.0,[ 18   4 216],[  0   0 220],18.867962264113206,0.0,100.0
2,21,[209   8   6],[220   0   0],14.866068747318506,0.0,100.0,[  3 219  11],[  0 220   0],11.445523142259598,0.0,100.0,[  8  10 230],[  0   0 220],16.24807680927192,0.0,100.0
2,22,[238   0  10],[220   0   0],20.591260281974,0.0,100.0,[ 16 202   8],[  0 220   0],25.37715508089904,0.0,100.0,[ 16   2 224],[  0   0 220],16.61324772583615,0.0,100.0
2,23,[203   1   5],[220   0   0],17.74823934929885,0.0,100.0,[  9 205  15],[  0 220   0],23.043437243605826,0.0,100.0,[  9   9 204],[  0   0 220],20.445048300260872,0.0,100.0
2,24,[235   0   7],[220   0   0],16.55294535724685,0.0,100.0,[ 13 209  13],[  0 220   0],21.42428528562855,0.0,100.0,[  8  15 221],[  0   0 220],17.029386365926403,0.0,100.0
2,25,[223  15   1],[220   0   0],15.329709716755891,0.0,100.0,[ 15 238  19],[  0 220   0],30.166206257996713,0.0,100.0,[  4  14 230],[  0   0 220],17.663521732655695,0.0,100.0
2,26,[217  11   9],[220   0   0],14.52583904633395,0.0,100.0,[  5 207  11],[  0 220   0],17.74823934929885,0.0,100.0,[ 17   2 202],[  0   0 220],24.839484696748443,0.0,100.0
2,27,[209  14  13],[220   0   0],22.045407685048602,0.0,100.0,[  1 209  14],[  0 220   0],17.832554500127006,0.0,100.0,[ 10   7 227],[  0   0 220],14.071247279470288,0.0,100.0
2,28,[238   9   0],[220   0   0],20.12461179749811,0.0,100.0,[  9 234  13],[  0 220   0],21.118712081942874,0.0,100.0,[  8   9 207],[  0   0 220],17.72004514666935,0.0,100.0
2,29,[200   2   9],[220   0   0],22.02271554554524,0.0,100.0,[ 19 216  11],[  0 220   0],22.315913604421397,0.0,100.0,[  7  12 200],[  0   0 220],24.351591323771842,0.0,100.0
2,30,[206   9   1],[220   0   0],16.673332000533065,0.0,100.0,[  2 214  15],[  0 220   0],16.278820596099706,0.0,100.0,[  8  15 230],[  0   0 220],19.72308292331602,0.0,100.0
2,31,[204  10   4],[220   0   0],19.28730152198591,0.0,100.0,[  3 220   4],[  0 220   0],5.0,0.0,100.0,[  9  18 228],[  0   0 220],21.656407827707714,0.0,100.0
2,32,[204   7  18],[220   0   0],25.079872407968907,0.0,100.0,[  8 236   8],[  0 220   0],19.595917942265423,0.0,100.0,[  1   9 228],[  0   0 220],12.083045973594572,0.0,100.0
2,33,[202  19   2],[220   0   0],26.248809496813376,0.0,100.0,[  8 228  19],[  0 220   0],22.11334438749598,0.0,100.0,[  5  11 232],[  0   0 220],17.029386365926403,0.0,100.0
2,34,[208  14   8],[220   0   0],20.09975124224178,0.0,100.0,[  8 222  17],[  0 220   0],18.894443627691185,0.0,100.0,[  0   7 231],[  0   0 220],13.038404810405298,0.0,100.0
2,35,[234  13   3],[220   0   0],19.339079605813716,0.0,100.0,[  5 228   8],[  0 220   0],12.36931687685298,0.0,100.0,[ 11   5 203],[  0   0 220],20.85665361461421,0.0,100.0
2,36,[231   3   6],[220   0   0],12.884098726725126,0.0,100.0,[ 18 218   7],[  0 220   0],19.4164878389476,0.0,100.0,[ 13   0 205],[  0   0 220],19.849433241279208,0.0,100.0
2,37,[210   5  18],[220   0   0],21.18962010041709,0.0,100.0,[ 11 220   3],[  0 220   0],11.40175425099138,0.0,100.0,[ 10  12 234],[  0   0 220],20.97617696340303,0.0,100.0
2,38,[210  12   5],[220   0   0],16.401219466856727,0.0,100.0,[ 12 215  13],[  0 220   0],18.384776310850235,0.0,100.0,[  3  11 203],[  0   0 220],20.46948949045872,0.0,100.0
2,39,[212  16   0],[220   0   0],17.88854381999832,0.0,100.0,[  3 208   6],[  0 220   0],13.74772708486752,0.0,100.0,[  7  12 201],[  0   0 220],23.53720459187964,0.0,100.0
2,40,[227   3  10],[220   0   0],12.569805089976535,0.0,100.0,[  0 216   5],[  0 220   0],6.4031242374328485,0.0,100.0,[ 12  17 211],[  0   0 220],22.67156809750927,0.0,100.0
2,41,[210  12   5],[220   0   0],16.401219466856727,0.0,100.0,[ 15 223   2],[  0 220   0],15.427248620541512,0.0,100.0,[  4  19 200],[  0   0 220],27.874719729532707,0.0,100.0
2,42,[212   8   8],[220   0   0],13.856406460551018,0.0,100.0,[  4 226  18],[  0 220   0],19.390719429665317,0.0,100.0,[  5  12 231],[  0   0 220],17.029386365926403,0.0,100.0
2,43,[233   2   6],[220   0   0],14.45683229480096,0.0,100.0,[  6 220   0],[  0 220   0],6.0,0.0,100.0,[ 14  10 217],[  0   0 220],17.46424919657298,0.0,100.0
2,44,[226  13   8],[220   0   0],16.401219466856727,0.0,100.0,[  6 233  15],[  0 220   0],20.73644135332772,0.0,100.0,[ 17  18 238],[  0   0 220],30.610455730027933,0.0,100.0
2,45,[239  17  19],[220   0   0],31.796226191169293,0.0,100.0,[ 13 236   2],[  0 220   0],20.71231517720798,0.0,100.0,[ 16   7 201],[  0   0 220],25.80697580112788,0.0,100.0
2,46,[209  15   6],[220   0   0],19.544820285692065,0.0,100.0,[ 18 205  12],[  0 220   0],26.324893162176366,0.0,100.0,[ 11  10 205],[  0   0 220],21.118712081942874,0.0,100.0
2,47,[239  17  11],[220   0   0],27.76688675382964,0.0,100.0,[  7 212   7],[  0 220   0],12.727922061357855,0.0,100.0,[ 11  17 227],[  0   0 220],21.42428528562855,0.0,100.0
2,48,[238  17   4],[220   0   0],25.079872407968907,0.0,100.0,[  0 203  14],[  0 220   0],22.02271554554524,0.0,100.0,[  6   5 225],[  0   0 220],9.273618495495704,0.0,100.0
2,49,[229   1  17],[220   0   0],19.261360284258224,0.0,100.0,[  1 223  13],[  0 220   0],13.379088160259652,0.0,100.0,[ 14   2 234],[  0   0 220],19.8997487421324,0.0,100.0
2,50,[217  17   7],[220   0   0],18.627936010197157,0.0,100.0,[  6 231   6],[  0 220   0],13.892443989449804,0.0,100.0,[  4   7 219],[  0   0 220],8.12403840463596,0.0,100.0
2,51,[221   2  12],[220   0   0],12.206555615733702,0.0,100.0,[ 19 202  10],[  0 220   0],28.0178514522438,0.0,100.0,[  8  10 230],[  0   0 220],16.24807680927192,0.0,100.0
2,52,[206  10   7],[220   0   0],18.57417562100671,0.0,100.0,[  7 232  10],[  0 220   0],17.11724276862369,0.0,100.0,[  2  17 207],[  0   0 220],21.494185260204677,0.0,100.0
2,53,[201   7  11],[220   0   0],23.043437243605826,0.0,100.0,[  4 234  17],[  0 220   0],22.38302928559939,0.0,100.0,[ 19   1 206],[  0   0 220],23.62202362203543,0.0,100.0
2,54,[229  13  17],[220   0   0],23.2163735324878,0.0,100.0,[  8 207  13],[  0 220   0],20.049937655763422,0.0,100.0,[  9  18 212],[  0   0 220],21.656407827707714,0.0,100.0
2,55,[200  10   0],[220   0   0],22.360679774997898,0.0,100.0,[  6 210  10],[  0 220   0],15.362291495737216,0.0,100.0,[ 18  16 202],[  0   0 220],30.066592756745816,0.0,100.0
2,56,[208  10  19],[220   0   0],24.596747752497688,0.0,100.0,[  9 232  17],[  0 220   0],22.67156809750927,0.0,100.0,[  3   4 238],[  0   0 220],18.681541692269406,0.0,100.0
2,57,[217  10   8],[220   0   0],13.152946437965905,0.0,100.0,[ 16 231   7],[  0 220   0],20.639767440550294,0.0,100.0,[  1  10 227],[  0   0 220],12.24744871391589,0.0,100.0
2,58,[221   8   1],[220   0   0],8.12403840463596,0.0,100.0,[  7 227   7],[  0 220   0],12.12435565298214,0.0,100.0,[  4  15 209],[  0   0 220],19.026297590440446,0.0,100.0
2,59,[230  18   0],[220   0   0],20.591260281974,0.0,100.0,[  2 226  11],[  0 220   0],12.68857754044952,0.0,100.0,[ 13   3 215],[  0   0 220],14.247806848775006,0.0,100.0
2,60,[227   2  17],[220   0   0],18.49324200890693,0.0,100.0,[ 14 205  16],[  0 220   0],26.019223662515376,0.0,100.0,[  7  14 228],[  0   0 220],17.578395831246947,0.0,100.0
2,61,[237  13  17],[220   0   0],27.331300737432898,0.0,100.0,[  3 233  13],[  0 220   0],18.627936010197157,0.0,100.0,[ 13  14 238],[  0   0 220],26.248809496813376,0.0,100.0
2,62,[221  19   7],[220   0   0],20.273134932713294,0.0,100.0,[ 13 222  18],[  0 220   0],22.293496809607955,0.0,100.0,[  3   6 229],[  0   0 220],11.224972160321824,0.0,100.0
2,63,[212  19  17],[220   0   0],26.720778431774775,0.0,100.0,[ 19 206  11],[  0 220   0],26.038433132583073,0.0,100.0,[  3  16 209],[  0   0 220],19.6468827043885,0.0,100.0
3,0,[216  14  12],[220   0   0],18.867962264113206,0.0,100.0,[ 18 235  10],[  0 220   0],25.475478405713993,0.0,100.0,[  8   9 200],[  0   0 220],23.345235059857504,0.0,100.0
3,1,[234   7   6],[220   0   0],16.76305461424021,0.0,100.0,[  3 239   8],[  0 220   0],20.83266665599966,0.0,100.0,[  8   7 207],[  0   0 220],16.792855623746664,0.0,100.0
3,2,[201  17  19],[220   0   0],31.796226191169293,0.0,100.0,[ 13 227   5],[  0 220   0],15.588457268119896,0.0,100.0,[ 19  18 212],[  0   0 220],27.367864366808018,0.0,100.0
3,3,[236  18   4],[220   0   0],24.413111231467404,0.0,100.0,[  8 230   9],[  0 220   0],15.652475842498529,0.0,100.0,[ 18  16 230],[  0   0 220],26.076809620810597,0.0,100.0
3,4,[224   0   0],[220   0   0],4.0,0.0,100.0,[ 17 230   9],[  0 220   0],21.6794833886788,0.0,100.0,[  5  15 224],[  0   0 220],16.30950643030009,0.0,100.0
3,5,[218   1   9],[220   0   0],9.273618495495704,0.0,100.0,[ 19 223  15],[  0 220   0],24.392621835300936,0.0,100.0,[ 15  12 221],[  0   0 220],19.235384061671343,0.0,100.0
3,6,[201  15  11],[220   0   0],26.589471600616662,0.0,100.0,[ 19 207  13],[  0 220   0],26.43860813280457,0.0,100.0,[  2   3 238],[  0   0 220],18.35755975068582,0.0,100.0
3,7,[237  10   3],[220   0   0],19.949937343260004,0.0,100.0,[ 19 223   6],[  0 220   0],20.149441679609886,0.0,100.0,[  0  12 204],[  0   0 220],20.0,0.0,100.0
3,8,[208  12   9],[220   0   0],19.209372712298546,0.0,100.0,[ 10 227   7],[  0 220   0],14.071247279470288,0.0,100.0,[  1   0 214],[  0   0 220],6.082762530298219,0.0,100.0
3,9,[219  13  10],[220   0   0],16.431676725154983,0.0,100.0,[  7 238  18],[  0 220   0],26.40075756488817,0.0,100.0,[  7  15 201],[  0   0 220],25.199206336708304,0.0,100.0
3,10,[234   8   0],[220   0   0],16.1245154965971,0.0,100.0,[ 10 223   3],[  0 220   0],10.862780491200215,0.0,100.0,[  7  19 237],[  0   0 220],26.43860813280457,0.0,100.0
3,11,[206   1  11],[220   0   0],17.832554500127006,0.0,100.0,[ 13 221  11],[  0 220   0],17.05872210923198,0.0,100.0,[  6   3 238],[  0   0 220],19.209372712298546,0.0,100.0
3,12,[234  13  18],[220   0   0],26.248809496813376,0.0,100.0,[ 19 204  10],[  0 220   0],26.77685567799177,0.0,100.0,[  9  11 216],[  0   0 220],14.7648230602334,0.0,100.0
3,13,[208  11   6],[220   0   0],17.349351572897472,0.0,100.0,[ 17 228   4],[  0 220   0],19.209372712298546,0.0,100.0,[ 11   0 239],[  0   0 220],21.95449840010015,0.0,100.0
3,14,[233  11   4],[220   0   0],17.4928556845359,0.0,100.0,[ 13 207   7],[  0 220   0],19.672315572906,0.0,100.0,[  7  17 214],[  0   0 220],19.339079605813716,0.0,100.0
3,15,[210  11   0],[220   0   0],14.866068747318506,0.0,100.0,[  9 221   1],[  0 220   0],9.1104335791443,0.0,100.0,[  9   5 223],[  0   0 220],10.723805294763608,0.0,100.0
3,16,[211  18   2],[220   0   0],20.223748416156685,0.0,100.0,[  9 221  19],[  0 220   0],21.047565179849187,0.0,100.0,[  5   5 207],[  0   0 220],14.798648586948742,0.0,100.0
3,17,[214  18   3],[220   0   0],19.209372712298546,0.0,100.0,[ 16 207  10],[  0 220   0],22.9128784747792,0.0,100.0,[  3   0 236],[  0   0 220],16.278820596099706,0.0,100.0
3,18,[227   3   0],[220   0   0],7.615773105863909,0.0,100.0,[ 12 238   0],[  0 220   0],21.633307652783937,0.0,100.0,[ 17  17 217],[  0   0 220],24.228082879171435,0.0,100.0
3,19,[229  14  11],[220   0   0],19.949937343260004,0.0,100.0,[ 12 222   7],[  0 220   0],14.035668847618199,0.0,100.0,[  3   6 216],[  0   0 220],7.810249675906654,0.0,100.0
3,20,[238   0  13],[220   0   0],22.20360331117452,0.0,100.0,[ 19 228   6],[  0 220   0],21.470910553583888,0.0,100.0,[ 10   6 208],[  0   0 220],16.73320053068151,0.0,100.0
3,21,[215   0  14],[220   0   0],14.866068747318506,0.0,100.0,[  6 235  17],[  0 220   0],23.45207879911715,0.0,100.0,[ 17  12 204],[  0   0 220],26.248809496813376,0.0,100.0
3,22,[224   3   0],[220   0   0],5.0,0.0,100.0,[  1 201   2],[  0 220   0],19.131126469708992,0.0,100.0,[  3   0 212],[  0   0 220],8.54400374531753,0.0,100.0
3,23,[232   8  14],[220   0   0],20.09975124224178,0.0,100.0,[ 18 213  17],[  0 220   0],25.729360660537214,0.0,100.0,[ 18  13 232],[  0   0 220],25.238858928247925,0.0,100.0
3,24,[203   7  12],[220   0   0],21.95449840010015,0.0,100.0,[ 17 201  14],[  0 220   0],29.086079144497972,0.0,100.0,[ 16   7 235],[  0   0 220],23.021728866442675,0.0,100.0
3,25,[223  19  16],[220   0   0],25.019992006393608,0.0,100.0,[  6 234  15],[  0 220   0],21.37755832643195,0.0,100.0,[  3   5 214],[  0   0 220],8.366600265340756,0.0,100.0
3,26,[230   4   8],[220   0   0],13.416407864998739,0.0,100.0,[ 16 234   5],[  0 220   0],21.840329667841555,0.0,100.0,[ 10  19 223],[  0   0 220],21.6794833886788,0.0,100.0
3,27,[239   6   5],[220   0   0],20.54263858417414,0.0,100.0,[ 12 239  11],[  0 220   0],25.019992006393608,0.0,100.0,[  3   6 223],[  0   0 220],7.3484692283495345,0.0,100.0
3,28,[238   3  18],[220   0   0],25.632011235952593,0.0,100.0,[ 14 225  18],[  0 220   0],23.345235059857504,0.0,100.0,[  5  15 214],[  0   0 220],16.911534525287763,0.0,100.0
3,29,[239   3  11],[220   0   0],22.15851980616034,0.0,100.0,[  9 203  13],[  0 220   0],23.2163735324878,0.0,100.0,[  6  11 209],[  0   0 220],16.673332000533065,0.0,100.0
3,30,[206  16  10],[220   0   0],23.49468024894146,0.0,100.0,[ 14 200   3],[  0 220   0],24.596747752497688,0.0,100.0,[ 10   9 208],[  0   0 220],18.027756377319946,0.0,100.0
3,31,[201   6   6],[220   0   0],20.808652046684813,0.0,100.0,[  6 229   5],[  0 220   0],11.916375287812984,0.0,100.0,[  5   4 226],[  0   0 220],8.774964387392123,0.0,100.0
3,32,[239   0   6],[220   0   0],19.924858845171276,0.0,100.0,[  9 227   6],[  0 220   0],12.884098726725126,0.0,100.0,[ 11  16 200],[  0   0 220],27.874719729532707,0.0,100.0
3,33,[229   6   8],[220   0   0],13.45362404707371,0.0,100.0,[  0 229   3],[  0 220   0],9.486832980505138,0.0,100.0,[ 12  11 232],[  0   0 220],20.223748416156685,0.0,100.0
3,34,[224   5  10],[220   0   0],11.874342087037917,0.0,100.0,[  7 218   8],[  0 220   0],10.816653826391969,0.0,100.0,[ 19   8 208],[  0   0 220],23.853720883753127,0.0,100.0
3,35,[234   5   2],[220   0   0],15.0,0.0,100.0,[ 12 209  15],[  0 220   0],22.135943621178654,0.0,100.0,[  4  11 223],[  0   0 220],12.083045973594572,0.0,100.0
3,36,[220   9  13],[220   0   0],15.811388300841896,0.0,100.0,[  8 209  13],[  0 220   0],18.81488772222678,0.0,100.0,[ 14  10 232],[  0   0 220],20.97617696340303,0.0,100.0
3,37,[215  16  14],[220   0   0],21.840329667841555,0.0,100.0,[ 14 201  13],[  0 220   0],26.94438717061496,0.0,100.0,[  6   1 229],[  0   0 220],10.862780491200215,0.0,100.0
3,38,[234  19   2],[220   0   0],23.68543856465402,0.0,100.0,[ 12 211   4],[  0 220   0],15.524174696260024,0.0,100.0,[ 16  19 236],[  0   0 220],29.546573405388315,0.0,100.0
3,39,[233   9  18],[220   0   0],23.958297101421877,0.0,100.0,[ 15 232   0],[  0 220   0],19.209372712298546,0.0,100.0,[  8   9 233],[  0   0 220],17.72004514666935,0.0,100.0
3,40,[221  16  10],[220   0   0],18.894443627691185,0.0,100.0,[  1 218  10],[  0 220   0],10.246950765959598,0.0,100.0,[  0   4 224],[  0   0 220],5.656854249492381,0.0,100.0
3,41,[239   0   9],[220   0   0],21.02379604162864,0.0,100.0,[ 16 223   2],[  0 220   0],16.401219466856727,0.0,100.0,[ 16  11 211],[  0   0 220],21.400934559032695,0.0,100.0
3,42,[201  18   1],[220   0   0],26.19160170741759,0.0,100.0,[ 18 223   3],[  0 220   0],18.49324200890693,0.0,100.0,[  3  13 222],[  0   0 220],13.490737563232042,0.0,100.0
3,43,[210   2   1],[220   0   0],10.246950765959598,0.0,100.0,[ 12 234  14],[  0 220   0],23.15167380558045,0.0,100.0,[ 13  15 224],[  0   0 220],20.248456731316587,0.0,100.0
3,44,[222   2   7],[220   0   0],7.54983443527075,0.0,100.0,[ 13 221  15],[  0 220   0],19.87460691435179,0.0,100.0,[  4   4 223],[  0   0 220],6.4031242374328485,0.0,100.0
3,45,[233  17   8],[220   0   0],22.847319317591726,0.0,100.0,[  7 227  15],[  0 220   0],17.97220075561143,0.0,100.0,[ 16  16 201],[  0   0 220],29.546573405388315,0.0,100.0
3,46,[230   7   5],[220   0   0],13.19090595827292,0.0,100.0,[ 18 234   9],[  0 220   0],24.515301344262525,0.0,100.0,[  4  18 238],[  0   0 220],25.768197453450252,0.0,100.0
3,47,[234  19  13],[220   0   0],26.94438717061496,0.0,100.0,[ 12 226   6],[  0 220   0],14.696938456699069,0.0,100.0,[  3   4 221],[  0   0 220],5.0990195135927845,0.0,100.0
3,48,[205  17   5],[220   0   0],23.2163735324878,0.0,100.0,[  4 224  14],[  0 220   0],15.0996688705415,0.0,100.0,[ 13   8 201],[  0   0 220],24.372115213907882,0.0,100.0
3,49,[230  18  10],[220   0   0],22.891046284519195,0.0,100.0,[  1 226   5],[  0 220   0],7.874007874011811,0.0,100.0,[ 17  14 224],[  0   0 220],22.38302928559939,0.0,100.0
3,50,[224   5   1],[220   0   0],6.48074069840786,0.0,100.0,[  5 213  15],[  0 220   0],17.291616465790582,0.0,100.0,[  0  14 229],[  0   0 220],16.64331697709324,0.0,100.0
3,51,[234   4   4],[220   0   0],15.0996688705415,0.0,100.0,[ 13 220  16],[  0 220   0],20.615528128088304,0.0,100.0,[ 19  13 209],[  0   0 220],25.514701644346147,0.0,100.0
3,52,[234  16  19],[220   0   0],28.513154858766505,0.0,100.0,[  9 225  11],[  0 220   0],15.066519173319364,0.0,100.0,[ 16   6 214],[  0   0 220],18.110770276274835,0.0,100.0
3,53,[235  18   3],[220   0   0],23.62202362203543,0.0,100.0,[  7 220  19],[  0 220   0],20.248456731316587,0.0,100.0,[  3   3 205],[  0   0 220],15.588457268119896,0.0,100.0
3,54,[238   0   4],[220   0   0],18.439088914585774,0.0,100.0,[ 11 208  12],[  0 220   0],20.223748416156685,0.0,100.0,[ 19   3 230],[  0   0 220],21.6794833886788,0.0,100.0
3,55,[218   0  19],[220   0   0],19.1049731745428,0.0,100.0,[  1 211  17],[  0 220   0],19.261360284258224,0.0,100.0,[  2  11 235],[  0   0 220],18.708286933869708,0.0,100.0
3,56,[205  14  13],[220   0   0],24.289915602982237,0.0,100.0,[ 19 208  16],[  0 220   0],27.586228448267445,0.0,100.0,[ 19   7 226],[  0   0 220],21.118712081942874,0.0,100.0
3,57,[208  12   8],[220   0   0],18.76166303929372,0.0,100.0,[ 12 236   1],[  0 220   0],20.024984394500787,0.0,100.0,[ 17  10 239],[  0   0 220],27.386127875258307,0.0,100.0
3,58,[206   8  15],[220   0   0],22.02271554554524,0.0,100.0,[ 14 208  16],[  0 220   0],24.413111231467404,0.0,100.0,[ 17  11 205],[  0   0 220],25.199206336708304,0.0,100.0
3,59,[201   1  13],[220   0   0],23.043437243605826,0.0,100.0,[  3 232   1],[  0 220   0],12.409673645990857,0.0,100.0,[ 11   4 210],[  0   0 220],15.394804318340652,0.0,100.0
3,60,[228   9  16],[220   0   0],20.024984394500787,0.0,100.0,[ 19 222   5],[  0 220   0],19.748417658131498,0.0,100.0,[  3  14 235],[  0   0 220],20.73644135332772,0.0,100.0
3,61,[222   5  19],[220   0   0],19.748417658131498,0.0,100.0,[  3 216   0],[  0 220   0],5.0,0.0,100.0,[ 15  13 231],[  0   0 220],22.693611435820433,0.0,100.0
3,62,[216   3  14],[220   0   0],14.866068747318506,0.0,100.0,[ 17 221   5],[  0 220   0],17.74823934929885,0.0,100.0,[  0   8 215],[  0   0 220],9.433981132056603,0.0,100.0
3,63,[232  19  17],[220   0   0],28.178005607210743,0.0,100.0,[  9 229   6],[  0 220   0],14.071247279470288,0.0,100.0,[  3   0 216],[  0   0 220],5.0,0.0,100.0
4,0,[214  12   6],[220   0   0],14.696938456699069,0.0,100.0,[ 18 230   6],[  0 220   0],21.447610589527216,0.0,100.0,[  8   2 221],[  0   0 220],8.306623862918075,0.0,100.0
4,1,[217  12  19],[220   0   0],22.67156809750927,0.0,100.0,[  9 232   4],[  0 220   0],15.524174696260024,0.0,100.0,[ 13   1 212],[  0   0 220],15.297058540778355,0.0,100.0
4,2,[216  17   7],[220   0   0],18.81488772222678,0.0,100.0,[ 11 205  17],[  0 220   0],25.199206336708304,0.0,100.0,[ 13   7 220],[  0   0 220],14.7648230602334,0.0,100.0
4,3,[222  16  19],[220   0   0],24.919871588754223,0.0,100.0,[ 14 200  10],[  0 220   0],26.38181191654584,0.0,100.0,[ 16  18 204],[  0   0 220],28.91366458960192,0.0,100.0
4,4,[222  10  10],[220   0   0],14.2828568570857,0.0,100.0,[  7 223  10],[  0 220   0],12.569805089976535,0.0,100.0,[ 18  11 219],[  0   0 220],21.118712081942874,0.0,100.0
4,5,[223   8   7],[220   0   0],11.045361017187261,0.0,100.0,[  0 230  14],[  0 220   0],17.204650534085253,0.0,100.0,[  9  19 219],[  0   0 220],21.047565179849187,0.0,100.0
4,6,[222  17  10],[220   0   0],19.82422760159901,0.0,100.0,[ 10 217   2],[  0 220   0],10.63014581273465,0.0,100.0,[  0  15 224],[  0   0 220],15.524174696260024,0.0,100.0
4,7,[212   2   5],[220   0   0],9.643650760992955,0.0,100.0,[ 12 214   2],[  0 220   0],13.564659966250536,0.0,100.0,[  2  11 202],[  0   0 220],21.18962010041709,0.0,100.0
4,8,[222   8  14],[220   0   0],16.24807680927192,0.0,100.0,[ 12 205   1],[  0 220   0],19.235384061671343,0.0,100.0,[  7   7 211],[  0   0 220],13.379088160259652,0.0,100.0
4,9,[201   9   6],[220   0   0],21.863211109075447,0.0,100.0,[ 18 236  10],[  0 220   0],26.076809620810597,0.0,100.0,[  3   7 229],[  0   0 220],11.789826122551595,0.0,100.0
4,10,[222   9  11],[220   0   0],14.352700094407323,0.0,100.0,[ 19 231   1],[  0 220   0],21.97726097583591,0.0,100.0,[  5  11 234],[  0   0 220],18.49324200890693,0.0,100.0
4,11,[217   2  13],[220   0   0],13.490737563232042,0.0,100.0,[ 14 221   5],[  0 220   0],14.89966442575134,0.0,100.0,[  7  16 224],[  0   0 220],17.916472867168917,0.0,100.0
4,12,[205  13  15],[220   0   0],24.879710609249457,0.0,100.0,[  8 233   5],[  0 220   0],16.06237840420901,0.0,100.0,[  2  14 237],[  0   0 220],22.11334438749598,0.0,100.0
4,13,[233  10   4],[220   0   0],16.881943016134134,0.0,100.0,[ 19 235   0],[  0 220   0],24.20743687382041,0.0,100.0,[  3  17 202],[  0   0 220],24.939927826679853,0.0,100.0
4,14,[222   9  16],[220   0   0],18.466185312619388,0.0,100.0,[ 19 220   3],[  0 220   0],19.235384061671343,0.0,100.0,[  6  14 210],[  0   0 220],18.2208671582886,0.0,100.0
4,15,[238   8   7],[220   0   0],20.904544960366874,0.0,100.0,[  6 203  18],[  0 220   0],25.475478405713993,0.0,100.0,[  7   2 211],[  0   0 220],11.575836902790225,0.0,100.0
4,16,[221  13  10],[220   0   0],16.431676725154983,0.0,100.0,[ 11 225   5],[  0 220   0],13.076696830622021,0.0,100.0,[ 11  14 204],[  0   0 220],23.93741840717165,0.0,100.0
4,17,[210  10  13],[220   0   0],19.209372712298546,0.0,100.0,[  6 208  18],[  0 220   0],22.44994432064365,0.0,100.0,[ 12   4 202],[  0   0 220],22.0,0.0,100.0
4,18,[224  14  19],[220   0   0],23.93741840717165,0.0,100.0,[  2 219   3],[  0 220   0],3.7416573867739413,0.0,100.0,[  2   8 203],[  0   0 220],18.894443627691185,0.0,100.0
4,19,[204   4  19],[220   0   0],25.15949125081825,0.0,100.0,[ 16 236   9],[  0 220   0],24.351591323771842,0.0,100.0,[  3  16 208],[  0   0 220],20.223748416156685,0.0,100.0
4,20,[202  18   6],[220   0   0],26.153393661244042,0.0,100.0,[ 11 205   0],[  0 220   0],18.601075237738275,0.0,100.0,[ 14  17 210],[  0   0 220],24.186773244895647,0.0,100.0
4,21,[207  19  19],[220   0   0],29.8496231131986,0.0,100.0,[ 16 218  12],[  0 220   0],20.09975124224178,0.0,100.0,[ 11   3 213],[  0   0 220],13.379088160259652,0.0,100.0
4,22,[204   6  13],[220   0   0],21.470910553583888,0.0,100.0,[  7 234   2],[  0 220   0],15.7797338380595,0.0,100.0,[ 10   6 221],[  0   0 220],11.704699910719626,0.0,100.0
4,23,[210  12   4],[220   0   0],16.1245154965971,0.0,100.0,[  3 204   4],[  0 220   0],16.76305461424021,0.0,100.0,[ 11  12 231],[  0   0 220],19.6468827043885,0.0,100.0
4,24,[234  12   4],[220   0   0],18.867962264113206,0.0,100.0,[  4 236   7],[  0 220   0],17.916472867168917,0.0,100.0,[ 18  15 231],[  0   0 220],25.88435821108957,0.0,100.0
4,25,[238   8  16],[220   0   0],25.37715508089904,0.0,100.0,[ 12 209  17],[  0 220   0],23.53720459187964,0.0,100.0,[ 10  11 205],[  0   0 220],21.118712081942874,0.0,100.0
4,26,[210   5  11],[220   0   0],15.684387141358123,0.0,100.0,[ 16 214  19],[  0 220   0],25.553864678361276,0.0,100.0,[  7  12 208],[  0   0 220],18.35755975068582,0.0,100.0
4,27,[232   7   7],[220   0   0],15.556349186104045,0.0,100.0,[ 14 216  16],[  0 220   0],21.633307652783937,0.0,100.0,[  1  19 217],[  0   0 220],19.261360284258224,0.0,100.0
4,28,[210   8   4],[220   0   0],13.416407864998739,0.0,100.0,[  8 235  13],[  0 220   0],21.400934559032695,0.0,100.0,[  8   9 220],[  0   0 220],12.041594578792296,0.0,100.0
4,29,[239  18  16],[220   0   0],30.675723300355934,0.0,100.0,[  6 234   6],[  0 220   0],16.3707055437449,0.0,100.0,[ 15  14 207],[  0   0 220],24.289915602982237,0.0,100.0
4,30,[227  12  13],[220   0   0],19.026297590440446,0.0,100.0,[  2 204  10],[  0 220   0],18.973665961010276,0.0,100.0,[ 17  17 230],[  0   0 220],26.038433132583073,0.0,100.0
4,31,[200  18  14],[220   0   0],30.331501776206203,0.0,100.0,[  9 204  16],[  0 220   0],24.351591323771842,0.0,100.0,[ 18  12 209],[  0   0 220],24.269322199023193,0.0,100.0
4,32,[204  14   7],[220   0   0],22.38302928559939,0.0,100.0,[ 15 227  11],[  0 220   0],19.87460691435179,0.0,100.0,[ 17   3 233],[  0   0 220],21.61018278497431,0.0,100.0
4,33,[218  11   6],[220   0   0],12.68857754044952,0.0,100.0,[ 15 213   6],[  0 220   0],17.60681686165901,0.0,100.0,[  1  12 209],[  0   0 220],16.30950643030009,0.0,100.0
4,34,[237   3   8],[220   0   0],19.026297590440446,0.0,100.0,[  7 206   4],[  0 220   0],16.15549442140351,0.0,100.0,[  1   4 225],[  0   0 220],6.48074069840786,0.0,100.0
4,35,[233   8  16],[220   0   0],22.11334438749598,0.0,100.0,[  9 236  17],[  0 220   0],25.019992006393608,0.0,100.0,[ 14   8 213],[  0   0 220],17.578395831246947,0.0,100.0
4,36,[223   4  17],[220   0   0],17.72004514666935,0.0,100.0,[  0 232  11],[  0 220   0],16.278820596099706,0.0,100.0,[ 15   5 205],[  0   0 220],21.79449471770337,0.0,100.0
4,37,[211  12   3],[220   0   0],15.297058540778355,0.0,100.0,[ 16 237  19],[  0 220   0],30.099833886584822,0.0,100.0,[ 13   7 227],[  0   0 220],16.34013463836819,0.0,100.0
4,38,[204   4   4],[220   0   0],16.97056274847714,0.0,100.0,[ 15 206  16],[  0 220   0],26.019223662515376,0.0,100.0,[  9   5 221],[  0   0 220],10.344080432788601,0.0,100.0
4,39,[204   0   9],[220   0   0],18.35755975068582,0.0,100.0,[  8 215  13],[  0 220   0],16.06237840420901,0.0,100.0,[ 12  17 209],[  0   0 220],23.53720459187964,0.0,100.0
4,40,[226  19   6],[220   0   0],20.808652046684813,0.0,100.0,[  0 217   0],[  0 220   0],3.0,0.0,100.0,[ 19   0 214],[  0   0 220],19.924858845171276,0.0,100.0
4,41,[201  16  16],[220   0   0],29.546573405388315,0.0,100.0,[ 13 217  17],[  0 220   0],21.61018278497431,0.0,100.0,[ 18  16 229],[  0   0 220],25.709920264364882,0.0,100.0
4,42,[223  17  11],[220   0   0],20.46948949045872,0.0,100.0,[ 15 237  11],[  0 220   0],25.199206336708304,0.0,100.0,[ 11   9 208],[  0   0 220],18.601075237738275,0.0,100.0
4,43,[206   8   9],[220   0   0],18.466185312619388,0.0,100.0,[  1 221   2],[  0 220   0],2.449489742783178,0.0,100.0,[ 16  13 226],[  0   0 220],21.470910553583888,0.0,100.0
4,44,[223  10  17],[220   0   0],19.949937343260004,0.0,100.0,[  1 238   6],[  0 220   0],19.0,0.0,100.0,[  6  11 225],[  0   0 220],13.490737563232042,0.0,100.0
4,45,[239   0   2],[220   0   0],19.1049731745428,0.0,100.0,[  1 205  14],[  0 220   0],20.54263858417414,0.0,100.0,[  9   5 218],[  0   0 220],10.488088481701515,0.0,100.0
4,46,[216  11   6],[220   0   0],13.152946437965905,0.0,100.0,[  4 212  14],[  0 220   0],16.61324772583615,0.0,100.0,[  2   5 214],[  0   0 220],8.06225774829855,0.0,100.0
4,47,[228   6   7],[220   0   0],12.206555615733702,0.0,100.0,[  6 206   8],[  0 220   0],17.204650534085253,0.0,100.0,[  2  16 233],[  0   0 220],20.71231517720798,0.0,100.0
4,48,[220  15   2],[220   0   0],15.132745950421556,0.0,100.0,[ 19 219  16],[  0 220   0],24.859605789312106,0.0,100.0,[ 15  19 202],[  0   0 220],30.166206257996713,0.0,100.0
4,49,[227  19  14],[220   0   0],24.61706725018234,0.0,100.0,[  4 216  15],[  0 220   0],16.0312195418814,0.0,100.0,[  0  10 205],[  0   0 220],18.027756377319946,0.0,100.0
4,50,[207  12   2],[220   0   0],17.804493814764857,0.0,100.0,[ 16 231  17],[  0 220   0],25.80697580112788,0.0,100.0,[  2   0 203],[  0   0 220],17.11724276862369,0.0,100.0
4,51,[203  15  15],[220   0   0],27.184554438136374,0.0,100.0,[ 13 214   7],[  0 220   0],15.937377450509228,0.0,100.0,[  2  18 233],[  0   0 220],22.293496809607955,0.0,100.0
4,52,[231   4   2],[220   0   0],11.874342087037917,0.0,100.0,[  8 228  12],[  0 220   0],16.492422502470642,0.0,100.0,[ 14  15 224],[  0   0 220],20.904544960366874,0.0,100.0
4,53,[232  17   9],[220   0   0],22.67156809750927,0.0,100.0,[ 18 229   1],[  0 220   0],20.149441679609886,0.0,100.0,[ 16  17 215],[  0   0 220],23.874672772626646,0.0,100.0
4,54,[234   6  13],[220   0   0],20.024984394500787,0.0,100.0,[  4 234   5],[  0 220   0],15.394804318340652,0.0,100.0,[  1  13 207],[  0   0 220],18.411952639521967,0.0,100.0
4,55,[211  19   2],[220   0   0],21.118712081942874,0.0,100.0,[  9 205  19],[  0 220   0],25.826343140289914,0.0,100.0,[ 17   7 213],[  0   0 220],19.672315572906,0.0,100.0
4,56,[202   0   8],[220   0   0],19.697715603592208,0.0,100.0,[ 15 231   7],[  0 220   0],19.87460691435179,0.0,100.0,[  5   9 234],[  0   0 220],17.378147196982766,0.0,100.0
4,57,[207   3  17],[220   0   0],21.61018278497431,0.0,100.0,[  5 214  17],[  0 220   0],18.708286933869708,0.0,100.0,[ 12  13 201],[  0   0 220],25.96150997149434,0.0,100.0
4,58,[205   3   7],[220   0   0],16.822603841260722,0.0,100.0,[  5 206   1],[  0 220   0],14.89966442575134,0.0,100.0,[ 10   1 235],[  0   0 220],18.05547008526779,0.0,100.0
4,59,[200   4   1],[220   0   0],20.42057785666214,0.0,100.0,[  2 205  12],[  0 220   0],19.313207915827967,0.0,100.0,[  1   8 235],[  0   0 220],17.029386365926403,0.0,100.0
4,60,[238  17   4],[220   0   0],25.079872407968907,0.0,100.0,[ 13 207   5],[  0 220   0],19.05255888325765,0.0,100.0,[  7   0 233],[  0   0 220],14.7648230602334,0.0,100.0
4,61,[228  15  12],[220   0   0],20.808652046684813,0.0,100.0,[ 18 237  11],[  0 220   0],27.09243436828813,0.0,100.0,[ 14   8 230],[  0   0 220],18.973665961010276,0.0,100.0
4,62,[213   4  13],[220   0   0],15.297058540778355,0.0,100.0,[ 18 225  10],[  0 220   0],21.18962010041709,0.0,100.0,[  7  19 237],[  0   0 220],26.43860813280457,0.0,100.0
4,63,[236  15   7],[220   0   0],23.021728866442675,0.0,100.0,[  0 211  14],[  0 220   0],16.64331697709324,0.0,100.0,[ 10   6 235],[  0   0 220],19.0,0.0,100.0
5,0,[231   5  16],[220   0   0],20.049937655763422,0.0,100.0,[ 18 212  14],[  0 220   0],24.166091947189145,0.0,100.0,[ 17   6 209],[  0   0 220],21.118712081942874,0.0,100.0
5,1,[232  14  12],[220   0   0],22.0,0.0,100.0,[ 19 208   3],[  0 220   0],22.67156809750927,0.0,100.0,[  2  10 201],[  0   0 220],21.563858652847824,0.0,100.0
5,2,[238  14  16],[220   0   0],27.85677655436824,0.0,100.0,[ 12 217  15],[  0 220   0],19.44222209522358,0.0,100.0,[ 11   2 228],[  0   0 220],13.74772708486752,0.0,100.0
5,3,[239   1   9],[220   0   0],21.047565179849187,0.0,100.0,[ 13 229   1],[  0 220   0],15.84297951775486,0.0,100.0,[ 10   9 202],[  0   0 220],22.47220505424423,0.0,100.0
5,4,[218  12  13],[220   0   0],17.804493814764857,0.0,100.0,[ 19 224  10],[  0 220   0],21.840329667841555,0.0,100.0,[  3  17 221],[  0   0 220],17.291616465790582,0.0,100.0
5,5,[239  17  19],[220   0   0],31.796226191169293,0.0,100.0,[ 12 200  15],[  0 220   0],27.730849247724095,0.0,100.0,[ 13  13 221],[  0   0 220],18.411952639521967,0.0,100.0
5,6,[202  17  15],[220   0   0],28.948229652260256,0.0,100.0,[  5 203  18],[  0 220   0],25.25866188063018,0.0,100.0,[ 15   9 219],[  0   0 220],17.52141546793523,0.0,100.0
5,7,[232   0  16],[220   0   0],20.0,0.0,100.0,[  1 221  15],[  0 220   0],15.066519173319364,0.0,100.0,[ 11  18 206],[  0   0 220],25.317977802344327,0.0,100.0
5,8,[221   6  10],[220   0   0],11.704699910719626,0.0,100.0,[ 13 216   2],[  0 220   0],13.74772708486752,0.0,100.0,[ 15   3 213],[  0   0 220],16.822603841260722,0.0,100.0
5,9,[228  15  11],[220   0   0],20.248456731316587,0.0,100.0,[  5 227  10],[  0 220   0],13.19090595827292,0.0,100.0,[  6   6 200],[  0   0 220],21.72556098240043,0.0,100.0
5,10,[225   4   7],[220   0   0],9.486832980505138,0.0,100.0,[ 11 209  15],[  0 220   0],21.61018278497431,0.0,100.0,[  1  18 213],[  0   0 220],19.339079605813716,0.0,100.0
5,11,[230  11   0],[220   0   0],14.866068747318506,0.0,100.0,[  2 202   7],[  0 220   0],19.4164878389476,0.0,100.0,[  3  17 215],[  0   0 220],17.97220075561143,0.0,100.0
5,12,[215  19  15],[220   0   0],24.71841418861655,0.0,100.0,[ 15 202  15],[  0 220   0],27.820855486487112,0.0,100.0,[ 17  18 213],[  0   0 220],25.729360660537214,0.0,100.0
5,13,[237   8   0],[220   0   0],18.788294228055936,0.0,100.0,[  5 220   9],[  0 220   0],10.295630140987,0.0,100.0,[ 17  19 235],[  0   0 220],29.58039891549808,0.0,100.0
5,14,[228  16   5],[220   0   0],18.57417562100671,0.0,100.0,[  5 206   1],[  0 220   0],14.89966442575134,0.0,100.0,[ 14  17 228],[  0   0 220],23.430749027719962,0.0,100.0
5,15,[234  11   9],[220   0   0],19.949937343260004,0.0,100.0,[  3 226   0],[  0 220   0],6.708203932499369,0.0,100.0,[  7   6 201],[  0   0 220],21.118712081942874,0.0,100.0
5,16,[220   9   8],[220   0   0],12.041594578792296,0.0,100.0,[  4 232  14],[  0 220   0],18.867962264113206,0.0,100.0,[ 17  13 206],[  0   0 220],25.573423705088842,0.0,100.0
5,17,[239  14  18],[220   0   0],29.68164415931166,0.0,100.0,[  0 224   9],[  0 220   0],9.848857801796104,0.0,100.0,[ 10  18 219],[  0   0 220],20.615528128088304,0.0,100.0
5,18,[209  12   2],[220   0   0],16.401219466856727,0.0,100.0,[  3 221  16],[  0 220   0],16.30950643030009,0.0,100.0,[ 13  16 206],[  0   0 220],24.919871588754223,0.0,100.0
5,19,[218  10  13],[220   0   0],16.522711641858304,0.0,100.0,[  4 232   7],[  0 220   0],14.45683229480096,0.0,100.0,[ 15   6 201],[  0   0 220],24.939927826679853,0.0,100.0
5,20,[220   8  19],[220   0   0],20.615528128088304,0.0,100.0,[ 11 230   4],[  0 220   0],15.394804318340652,0.0,100.0,[  7   4 239],[  0   0 220],20.639767440550294,0.0,100.0
5,21,[212  13   9],[220   0   0],17.72004514666935,0.0,100.0,[  6 222  16],[  0 220   0],17.204650534085253,0.0,100.0,[ 14   4 224],[  0   0 220],15.0996688705415,0.0,100.0
5,22,[236  18   4],[220   0   0],24.413111231467404,0.0,100.0,[  9 202  11],[  0 220   0],22.93468988235943,0.0,100.0,[ 16   8 216],[  0   0 220],18.33030277982336,0.0,100.0
5,23,[229   8   5],[220   0   0],13.038404810405298,0.0,100.0,[  8 218  18],[  0 220   0],19.79898987322333,0.0,100.0,[  1   7 231],[  0   0 220],13.076696830622021,0.0,100.0
5,24,[204   9   9],[220   0   0],20.445048300260872,0.0,100.0,[ 16 223  14],[  0 220   0],21.470910553583888,0.0,100.0,[ 11  18 226],[  0   0 220],21.93171219946131,0.0,100.0
5,25,[237  11   4],[220   0   0],20.639767440550294,0.0,100.0,[  5 236   6],[  0 220   0],17.804493814764857,0.0,100.0,[ 17   0 203],[  0   0 220],24.041630560342615,0.0,100.0
5,26,[239  10  11],[220   0   0],24.124676163629637,0.0,100.0,[ 15 221  10],[  0 220   0],18.05547008526779,0.0,100.0,[  5  16 214],[  0   0 220],17.804493814764857,0.0,100.0
5,27,[220   4   3],[220   0   0],5.0,0.0,100.0,[  4 211  18],[  0 220   0],20.518284528683193,0.0,100.0,[ 12   8 230],[  0   0 220],17.549928774784245,0.0,100.0
5,28,[205  16  10],[220   0   0],24.1039415863879,0.0,100.0,[ 16 201  12],[  0 220   0],27.586228448267445,0.0,100.0,[ 18  11 226],[  0   0 220],21.93171219946131,0.0,100.0
5,29,[234  10   6],[220   0   0],18.2208671582886,0.0,100.0,[  8 233   3],[  0 220   0],15.556349186104045,0.0,100.0,[ 18   9 203],[  0   0 220],26.343879744638983,0.0,100.0
5,30,[233   3  16],[220   0   0],20.83266665599966,0.0,100.0,[  2 234   0],[  0 220   0],14.142135623730951,0.0,100.0,[ 13   5 208],[  0   0 220],18.384776310850235,0.0,100.0
5,31,[204   1  12],[220   0   0],20.024984394500787,0.0,100.0,[ 13 236  10],[  0 220   0],22.9128784747792,0.0,100.0,[  6   6 226],[  0   0 220],10.392304845413264,0.0,100.0
5,32,[211   4  12],[220   0   0],15.524174696260024,0.0,100.0,[ 11 224   0],[  0 220   0],11.704699910719626,0.0,100.0,[ 12  15 205],[  0   0 220],24.372115213907882,0.0,100.0
5,33,[205   1   6],[220   0   0],16.186414056238647,0.0,100.0,[ 18 210   9],[  0 220   0],22.47220505424423,0.0,100.0,[ 16  17 218],[  0   0 220],23.430749027719962,0.0,100.0
5,34,[217   5  18],[220   0   0],18.920887928424502,0.0,100.0,[ 14 234  16],[  0 220   0],25.45584412271571,0.0,100.0,[  1   6 227],[  0   0 220],9.273618495495704,0.0,100.0
5,35,[207  17  15],[220   0   0],26.13426869074396,0.0,100.0,[  1 208  16],[  0 220   0],20.024984394500787,0.0,100.0,[  3   0 211],[  0   0 220],9.486832980505138,0.0,100.0
5,36,[224  16   4],[220   0   0],16.97056274847714,0.0,100.0,[ 12 224   8],[  0 220   0],14.966629547095765,0.0,100.0,[  7  10 201],[  0   0 220],22.58317958127243,0.0,100.0
5,37,[214   7  15],[220   0   0],17.60681686165901,0.0,100.0,[ 19 200   2],[  0 220   0],27.65863337187866,0.0,100.0,[ 17  12 230],[  0   0 220],23.08679276123039,0.0,100.0
5,38,[239  16  16],[220   0   0],29.546573405388315,0.0,100.0,[ 11 236   5],[  0 220   0],20.049937655763422,0.0,100.0,[  2  17 227],[  0   0 220],18.49324200890693,0.0,100.0
5,39,[214   0   3],[220   0   0],6.708203932499369,0.0,100.0,[  0 204   7],[  0 220   0],17.46424919657298,0.0,100.0,[ 13   2 239],[  0   0 220],23.108440016582687,0.0,100.0
5,40,[216   9  17],[220   0   0],19.6468827043885,0.0,100.0,[  3 219   5],[  0 220   0],5.916079783099616,0.0,100.0,[ 13   4 233],[  0   0 220],18.81488772222678,0.0,100.0
5,41,[212  14   5],[220   0   0],16.881943016134134,0.0,100.0,[  3 215  12],[  0 220   0],13.341664064126334,0.0,100.0,[ 14   0 213],[  0   0 220],15.652475842498529,0.0,100.0
5,42,[228  18   6],[220   0   0],20.591260281974,0.0,100.0,[ 16 225  15],[  0 220   0],22.494443758403985,0.0,100.0,[  8  16 219],[  0   0 220],17.916472867168917,0.0,100.0
5,43,[222   6   7],[220   0   0],9.433981132056603,0.0,100.0,[  8 211   4],[  0 220   0],12.68857754044952,0.0,100.0,[ 13   3 227],[  0   0 220],15.066519173319364,0.0,100.0
5,44,[208   4  18],[220   0   0],22.0,0.0,100.0,[  4 206   8],[  0 220   0],16.61324772583615,0.0,100.0,[  0   0 232],[  0   0 220],12.0,0.0,100.0
5,45,[209   2   4],[220   0   0],11.874342087037917,0.0,100.0,[ 12 211   8],[  0 220   0],17.0,0.0,100.0,[  3  17 237],[  0   0 220],24.228082879171435,0.0,100.0
5,46,[233  17   1],[220   0   0],21.42428528562855,0.0,100.0,[  6 231   8],[  0 220   0],14.866068747318506,0.0,100.0,[  6  13 203],[  0   0 220],22.22611077089287,0.0,100.0
5,47,[233  13  10],[220   0   0],20.92844953645635,0.0,100.0,[ 16 216   5],[  0 220   0],17.233687939614086,0.0,100.0,[ 16   1 216],[  0   0 220],16.522711641858304,0.0,100.0
5,48,[222   7  10],[220   0   0],12.36931687685298,0.0,100.0,[  1 214   2],[  0 220   0],6.4031242374328485,0.0,100.0,[  3   4 229],[  0   0 220],10.295630140987,0.0,100.0
5,49,[231   0  17],[220   0   0],20.248456731316587,0.0,100.0,[ 15 204   6],[  0 220   0],22.737634001804146,0.0,100.0,[ 16  18 207],[  0   0 220],27.367864366808018,0.0,100.0
5,50,[213  13   7],[220   0   0],16.34013463836819,0.0,100.0,[ 14 235   1],[  0 220   0],20.54263858417414,0.0,100.0,[  4  12 212],[  0   0 220],14.966629547095765,0.0,100.0
5,51,[202   7   9],[220   0   0],21.307275752662516,0.0,100.0,[  7 220  18],[  0 220   0],19.313207915827967,0.0,100.0,[ 16  17 218],[  0   0 220],23.430749027719962,0.0,100.0
5,52,[239  11   7],[220   0   0],23.043437243605826,0.0,100.0,[  5 235   5],[  0 220   0],16.583123951777,0.0,100.0,[  0  10 238],[  0   0 220],20.591260281974,0.0,100.0
5,53,[209   7   7],[220   0   0],14.798648586948742,0.0,100.0,[ 18 213   4],[  0 220   0],19.72308292331602,0.0,100.0,[  4   4 225],[  0   0 220],7.54983443527075,0.0,100.0
5,54,[215  13  17],[220   0   0],21.97726097583591,0.0,100.0,[  1 212   1],[  0 220   0],8.12403840463596,0.0,100.0,[ 13   7 200],[  0   0 220],24.859605789312106,0.0,100.0
5,55,[205   6  12],[220   0   0],20.12461179749811,0.0,100.0,[ 14 204   1],[  0 220   0],21.283796653792763,0.0,100.0,[ 19  12 214],[  0   0 220],23.259406699226016,0.0,100.0
5,56,[239  13   4],[220   0   0],23.366642891095847,0.0,100.0,[  1 217   4],[  0 220   0],5.0990195135927845,0.0,100.0,[  0  19 228],[  0   0 220],20.615528128088304,0.0,100.0
5,57,[203  15   3],[220   0   0],22.869193252058544,0.0,100.0,[  7 206   7],[  0 220   0],17.146428199482248,0.0,100.0,[  2  12 238],[  0   0 220],21.72556098240043,0.0,100.0
5,58,[224  16  10],[220   0   0],19.28730152198591,0.0,100.0,[  5 211  10],[  0 220   0],14.352700094407323,0.0,100.0,[ 13  12 230],[  0   0 220],20.322401432901575,0.0,100.0
5,59,[207  19   4],[220   0   0],23.366642891095847,0.0,100.0,[  4 216  10],[  0 220   0],11.489125293076057,0.0,100.0,[  7  19 216],[  0   0 220],20.639767440550294,0.0,100.0
5,60,[204   8   5],[220   0   0],18.57417562100671,0.0,100.0,[  3 211  18],[  0 220   0],20.346989949375804,0.0,100.0,[  5  12 210],[  0   0 220],16.401219466856727,0.0,100.0
5,61,[219   9  17],[220   0   0],19.261360284258224,0.0,100.0,[  2 212  17],[  0 220   0],18.894443627691185,0.0,100.0,[  6   9 215],[  0   0 220],11.916375287812984,0.0,100.0
5,62,[231  13  15],[220   0   0],22.693611435820433,0.0,100.0,[  9 220   9],[  0 220   0],12.727922061357855,0.0,100.0,[ 12  18 201],[  0   0 220],28.792360097775937,0.0,100.0
5,63,[233   4  12],[220   0   0],18.138357147217054,0.0,100.0,[  4 218   8],[  0 220   0],9.16515138991168,0.0,100.0,[  5  14 220],[  0   0 220],14.866068747318506,0.0,100.0
6,0,[204  18   5],[220   0   0],24.596747752497688,0.0,100.0,[ 15 229   1],[  0 220   0],17.52141546793523,0.0,100.0,[  3   5 219],[  0   0 220],5.916079783099616,0.0,100.0
6,1,[221  16   2],[220   0   0],16.15549442140351,0.0,100.0,[  7 228  15],[  0 220   0],18.384776310850235,0.0,100.0,[  0  15 200],[  0   0 220],25.0,0.0,100.0
6,2,[229  11  10],[220   0   0],17.378147196982766,0.0,100.0,[ 15 234   6],[  0 220   0],21.37755832643195,0.0,100.0,[ 18   7 221],[  0   0 220],19.339079605813716,0.0,100.0
6,3,[234   9   5],[220   0   0],17.378147196982766,0.0,100.0,[ 15 217   2],[  0 220   0],15.427248620541512,0.0,100.0,[  7  10 227],[  0   0 220],14.071247279470288,0.0,100.0
6,4,[204  14   9],[220   0   0],23.08679276123039,0.0,100.0,[  4 216   7],[  0 220   0],9.0,0.0,100.0,[ 14   8 221],[  0   0 220],16.15549442140351,0.0,100.0
6,5,[228  17  19],[220   0   0],26.720778431774775,0.0,100.0,[ 11 201   5],[  0 220   0],22.516660498395403,0.0,100.0,[  3   0 218],[  0   0 220],3.605551275463989,0.0,100.0
6,6,[206   0   0],[220   0   0],14.0,0.0,100.0,[  3 228  10],[  0 220   0],13.152946437965905,0.0,100.0,[  2  11 228],[  0   0 220],13.74772708486752,0.0,100.0
6,7,[224  15  10],[220   0   0],18.466185312619388,0.0,100.0,[ 15 228   4],[  0 220   0],17.46424919657298,0.0,100.0,[ 14   5 221],[  0   0 220],14.89966442575134,0.0,100.0
6,8,[220   7   4],[220   0   0],8.06225774829855,0.0,100.0,[ 18 229  11],[  0 220   0],22.93468988235943,0.0,100.0,[  3  11 236],[  0   0 220],19.6468827043885,0.0,100.0
6,9,[203   7   7],[220   0   0],19.672315572906,0.0,100.0,[  1 208   5],[  0 220   0],13.038404810405298,0.0,100.0,[ 17  15 223],[  0   0 220],22.869193252058544,0.0,100.0
6,10,[225   6  13],[220   0   0],15.165750888103101,0.0,100.0,[  2 210  16],[  0 220   0],18.973665961010276,0.0,100.0,[ 17  12 214],[  0   0 220],21.656407827707714,0.0,100.0
6,11,[236   5   0],[220   0   0],16.76305461424021,0.0,100.0,[  9 234  16],[  0 220   0],23.08679276123039,0.0,100.0,[ 19  13 206],[  0   0 220],26.94438717061496,0.0,100.0
6,12,[228   4  11],[220   0   0],14.177446878757825,0.0,100.0,[  1 205   2],[  0 220   0],15.165750888103101,0.0,100.0,[  9   3 210],[  0   0 220],13.784048752090222,0.0,100.0
6,13,[225   0   2],[220   0   0],5.385164807134504,0.0,100.0,[  5 218  16],[  0 220   0],16.881943016134134,0.0,100.0,[ 13   0 213],[  0   0 220],14.7648230602334,0.0,100.0
6,14,[200  14  19],[220   0   0],30.93541659651604,0.0,100.0,[  7 236  16],[  0 220   0],23.68543856465402,0.0,100.0,[ 15   8 214],[  0   0 220],18.027756377319946,0.0,100.0
6,15,[203  11  15],[220   0   0],25.199206336708304,0.0,100.0,[ 15 219  17],[  0 220   0],22.693611435820433,0.0,100.0,[ 16  19 233],[  0   0 220],28.035691537752374,0.0,100.0
6,16,[234   6   3],[220   0   0],15.524174696260024,0.0,100.0,[ 14 200   6],[  0 220   0],25.13961017995307,0.0,100.0,[ 11  14 225],[  0   0 220],18.49324200890693,0.0,100.0
6,17,[200  14   8],[220   0   0],25.69046515733026,0.0,100.0,[  8 206  15],[  0 220   0],22.02271554554524,0.0,100.0,[  9  19 220],[  0   0 220],21.02379604162864,0.0,100.0
6,18,[207   6   5],[220   0   0],15.165750888103101,0.0,100.0,[  3 206   7],[  0 220   0],15.937377450509228,0.0,100.0,[ 16  12 201],[  0   0 220],27.586228448267445,0.0,100.0
6,19,[225  11  16],[220   0   0],20.049937655763422,0.0,100.0,[  1 200   8],[  0 220   0],21.563858652847824,0.0,100.0,[  6   8 238],[  0   0 220],20.591260281974,0.0,100.0
6,20,[219  16  12],[220   0   0],20.024984394500787,0.0,100.0,[ 19 231  16],[  0 220   0],27.16615541441225,0.0,100.0,[  5  19 203],[  0   0 220],25.98076211353316,0.0,100.0
6,21,[236   1  14],[220   0   0],21.283796653792763,0.0,100.0,[  0 227   3],[  0 220   0],7.615773105863909,0.0,100.0,[  5  16 206],[  0   0 220],21.840329667841555,0.0,100.0
6,22,[201   3  18],[220   0   0],26.343879744638983,0.0,100.0,[  0 225   1],[  0 220   0],5.0990195135927845,0.0,100.0,[ 18  13 229],[  0   0 220],23.958297101421877,0.0,100.0
6,23,[230   7   6],[220   0   0],13.601470508735444,0.0,100.0,[ 13 234  10],[  0 220   0],21.563858652847824,0.0,100.0,[ 16   7 229],[  0   0 220],19.6468827043885,0.0,100.0
6,24,[214  10   4],[220   0   0],12.328828005937952,0.0,100.0,[ 13 214  19],[  0 220   0],23.790754506740637,0.0,100.0,[ 18  19 225],[  0   0 220],26.645825188948457,0.0,100.0
6,25,[216   2   3],[220   0   0],5.385164807134504,0.0,100.0,[  4 237  10],[  0 220   0],20.12461179749811,0.0,100.0,[ 19  15 231],[  0   0 220],26.589471600616662,0.0,100.0
6,26,[233   6  12],[220   0   0],18.681541692269406,0.0,100.0,[  8 217  10],[  0 220   0],13.152946437965905,0.0,100.0,[ 18  18 224],[  0   0 220],25.768197453450252,0.0,100.0
6,27,[201   0  12],[220   0   0],22.47220505424423,0.0,100.0,[  8 201   5],[  0 220   0],21.213203435596427,0.0,100.0,[ 15   1 230],[  0   0 220],18.05547008526779,0.0,100.0
6,28,[222   4  10],[220   0   0],10.954451150103322,0.0,100.0,[ 15 203   0],[  0 220   0],22.67156809750927,0.0,100.0,[ 14  14 220],[  0   0 220],19.79898987322333,0.0,100.0
6,29,[215  18   3],[220   0   0],18.920887928424502,0.0,100.0,[ 18 211  12],[  0 220   0],23.430749027719962,0.0,100.0,[  1  12 237],[  0   0 220],20.83266665599966,0.0,100.0
6,30,[205   4   0],[220   0   0],15.524174696260024,0.0,100.0,[ 19 218   9],[  0 220   0],21.118712081942874,0.0,100.0,[  3  12 225],[  0   0 220],13.341664064126334,0.0,100.0
6,31,[216  18  12],[220   0   0],22.0,0.0,100.0,[  1 234   7],[  0 220   0],15.684387141358123,0.0,100.0,[ 11   5 201],[  0   0 220],22.516660498395403,0.0,100.0
6,32,[225  15  14],[220   0   0],21.118712081942874,0.0,100.0,[  3 238   5],[  0 220   0],18.920887928424502,0.0,100.0,[ 11  19 225],[  0   0 220],22.516660498395403,0.0,100.0
6,33,[233   3   2],[220   0   0],13.490737563232042,0.0,100.0,[  3 209  10],[  0 220   0],15.165750888103101,0.0,100.0,[ 17  13 201],[  0   0 220],28.61817604250837,0.0,100.0
6,34,[229   9   5],[220   0   0],13.674794331177344,0.0,100.0,[ 14 201  11],[  0 220   0],26.038433132583073,0.0,100.0,[ 14  19 201],[  0   0 220],30.298514815086232,0.0,100.0
6,35,[227   9  15],[220   0   0],18.841443681416774,0.0,100.0,[ 18 231  11],[  0 220   0],23.790754506740637,0.0,100.0,[ 16   4 218],[  0   0 220],16.61324772583615,0.0,100.0
6,36,[205   6  18],[220   0   0],24.186773244895647,0.0,100.0,[  3 234   6],[  0 220   0],15.524174696260024,0.0,100.0,[ 14  16 232],[  0   0 220],24.413111231467404,0.0,100.0
6,37,[201   9  13],[220   0   0],24.71841418861655,0.0,100.0,[  3 231  12],[  0 220   0],16.55294535724685,0.0,100.0,[  3   4 235],[  0   0 220],15.811388300841896,0.0,100.0
6,38,[218  17  13],[220   0   0],21.494185260204677,0.0,100.0,[  3 211  15],[  0 220   0],17.74823934929885,0.0,100.0,[ 17   8 233],[  0   0 220],22.847319317591726,0.0,100.0
6,39,[233   3   8],[220   0   0],15.556349186104045,0.0,100.0,[  1 200   6],[  0 220   0],20.904544960366874,0.0,100.0,[  8   1 204],[  0   0 220],17.916472867168917,0.0,100.0
6,40,[205  12  16],[220   0   0],25.0,0.0,100.0,[ 19 228  11],[  0 220   0],23.366642891095847,0.0,100.0,[ 18  15 221],[  0   0 220],23.45207879911715,0.0,100.0
6,41,[229  15  13],[220   0   0],21.79449471770337,0.0,100.0,[ 11 237   8],[  0 220   0],21.77154105707724,0.0,100.0,[  8   3 238],[  0   0 220],19.924858845171276,0.0,100.0
6,42,[236   9   1],[220   0   0],18.384776310850235,0.0,100.0,[ 13 234  13],[  0 220   0],23.108440016582687,0.0,100.0,[  7   1 237],[  0   0 220],18.411952639521967,0.0,100.0
6,43,[221   2  11],[220   0   0],11.224972160321824,0.0,100.0,[ 12 236   6],[  0 220   0],20.8806130178211,0.0,100.0,[  9  18 220],[  0   0 220],20.12461179749811,0.0,100.0
6,44,[209  12  15],[220   0   0],22.135943621178654,0.0,100.0,[ 10 223  16],[  0 220   0],19.1049731745428,0.0,100.0,[  0   0 226],[  0   0 220],6.0,0.0,100.0
6,45,[226  19  18],[220   0   0],26.851443164195103,0.0,100.0,[  2 221  18],[  0 220   0],18.138357147217054,0.0,100.0,[  3  12 221],[  0   0 220],12.409673645990857,0.0,100.0
6,46,[234   8   1],[220   0   0],16.15549442140351,0.0,100.0,[  2 215   6],[  0 220   0],8.06225774829855,0.0,100.0,[  8  17 226],[  0   0 220],19.72308292331602,0.0,100.0
6,47,[214   2  14],[220   0   0],15.362291495737216,0.0,100.0,[  2 228   4],[  0 220   0],9.16515138991168,0.0,100.0,[ 11   9 236],[  0   0 220],21.400934559032695,0.0,100.0
6,48,[234  17   3],[220   0   0],22.22611077089287,0.0,100.0,[ 16 209   6],[  0 220   0],20.322401432901575,0.0,100.0,[  2   2 214],[  0   0 220],6.6332495807108,0.0,100.0
6,49,[227   8  13],[220   0   0],16.792855623746664,0.0,100.0,[  1 228  11],[  0 220   0],13.638181696985855,0.0,100.0,[  4   1 235],[  0   0 220],15.556349186104045,0.0,100.0
6,50,[206   2   1],[220   0   0],14.177446878757825,0.0,100.0,[ 14 210  14],[  0 220   0],22.181073012818835,0.0,100.0,[  7   1 206],[  0   0 220],15.684387141358123,0.0,100.0
6,51,[237   8  15],[220   0   0],24.041630560342615,0.0,100.0,[  3 239  19],[  0 220   0],27.03701166919155,0.0,100.0,[  4  15 220],[  0   0 220],15.524174696260024,0.0,100.0
6,52,[219  16  18],[220   0   0],24.1039415863879,0.0,100.0,[ 12 207   1],[  0 220   0],17.72004514666935,0.0,100.0,[ 11   3 235],[  0   0 220],18.841443681416774,0.0,100.0
6,53,[218  12  17],[220   0   0],20.904544960366874,0.0,100.0,[ 19 212  15],[  0 220   0],25.495097567963924,0.0,100.0,[ 14  14 201],[  0   0 220],27.440845468024488,0.0,100.0
6,54,[214  11   4],[220   0   0],13.152946437965905,0.0,100.0,[ 13 231  13],[  0 220   0],21.42428528562855,0.0,100.0,[  3   8 219],[  0   0 220],8.602325267042627,0.0,100.0
6,55,[203  18  15],[220   0   0],28.948229652260256,0.0,100.0,[  3 223   4],[  0 220   0],5.830951894845301,0.0,100.0,[ 18   5 223],[  0   0 220],18.920887928424502,0.0,100.0
6,56,[234   1   7],[220   0   0],15.684387141358123,0.0,100.0,[  7 222  13],[  0 220   0],14.89966442575134,0.0,100.0,[  3   0 239],[  0   0 220],19.235384061671343,0.0,100.0
6,57,[210  16  13],[220   0   0],22.9128784747792,0.0,100.0,[ 17 227  18],[  0 220   0],25.729360660537214,0.0,100.0,[  2   5 204],[  0   0 220],16.881943016134134,0.0,100.0
6,58,[219   0  12],[220   0   0],12.041594578792296,0.0,100.0,[ 17 206  12],[  0 220   0],25.079872407968907,0.0,100.0,[  0  14 201],[  0   0 220],23.600847442411894,0.0,100.0
6,59,[230  10  11],[220   0   0],17.916472867168917,0.0,100.0,[ 19 200   0],[  0 220   0],27.586228448267445,0.0,100.0,[  3   8 239],[  0   0 220],20.83266665599966,0.0,100.0
6,60,[228  16  11],[220   0   0],21.0,0.0,100.0,[  9 209  12],[  0 220   0],18.601075237738275,0.0,100.0,[ 10  18 202],[  0   0 220],27.349588662354687,0.0,100.0
6,61,[223   2  15],[220   0   0],15.427248620541512,0.0,100.0,[ 18 211   2],[  0 220   0],20.223748416156685,0.0,100.0,[  6   8 204],[  0   0 220],18.867962264113206,0.0,100.0
6,62,[228   3   5],[220   0   0],9.899494936611665,0.0,100.0,[ 12 229  18],[  0 220   0],23.430749027719962,0.0,100.0,[ 15  16 211],[  0   0 220],23.706539182259394,0.0,100.0
6,63,[231   2   0],[220   0   0],11.180339887498949,0.0,100.0,[  9 238   0],[  0 220   0],20.12461179749811,0.0,100.0,[  4  14 231],[  0   0 220],18.24828759089466,0.0,100.0
7,0,[228   0   1],[220   0   0],8.06225774829855,0.0,100.0,[  0 233  18],[  0 220   0],22.20360331117452,0.0,100.0,[  3  15 224],[  0   0 220],15.811388300841896,0.0,100.0
7,1,[209   3  13],[220   0   0],17.291616465790582,0.0,100.0,[  8 207  12],[  0 220   0],19.4164878389476,0.0,100.0,[  7  13 203],[  0   0 220],22.516660498395403,0.0,100.0
7,2,[235  16  14],[220   0   0],26.019223662515376,0.0,100.0,[ 13 231  16],[  0 220   0],23.366642891095847,0.0,100.0,[ 19   8 238],[  0   0 220],27.367864366808018,0.0,100.0
7,3,[229  17  12],[220   0   0],22.67156809750927,0.0,100.0,[ 14 215  15],[  0 220   0],21.118712081942874,0.0,100.0,[  6  12 221],[  0   0 220],13.45362404707371,0.0,100.0
7,4,[235  13   2],[220   0   0],19.949937343260004,0.0,100.0,[  7 202   1],[  0 220   0],19.339079605813716,0.0,100.0,[ 12   4 205],[  0   0 220],19.621416870348583,0.0,100.0
7,5,[205   9  14],[220   0   0],22.40535650240808,0.0,100.0,[ 13 205  17],[  0 220   0],26.13426869074396,0.0,100.0,[ 14  13 206],[  0   0 220],23.68543856465402,0.0,100.0
7,6,[220  13  15],[220   0   0],19.849433241279208,0.0,100.0,[  9 224  14],[  0 220   0],17.11724276862369,0.0,100.0,[  5   3 206],[  0   0 220],15.165750888103101,0.0,100.0
7,7,[201  19  11],[220   0   0],29.03446228191595,0.0,100.0,[  1 225   5],[  0 220   0],7.14142842854285,0.0,100.0,[  9   7 234],[  0   0 220],18.05547008526779,0.0,100.0
7,8,[234  18   1],[220   0   0],22.825424421026653,0.0,100.0,[ 14 230   6],[  0 220   0],18.2208671582886,0.0,100.0,[  0  14 202],[  0   0 220],22.80350850198276,0.0,100.0
7,9,[228   6  12],[220   0   0],15.620499351813308,0.0,100.0,[  6 231   8],[  0 220   0],14.866068747318506,0.0,100.0,[ 16  19 230],[  0   0 220],26.77685567799177,0.0,100.0
7,10,[212  16  16],[220   0   0],24.0,0.0,100.0,[ 13 237  19],[  0 220   0],28.61817604250837,0.0,100.0,[  9  14 214],[  0   0 220],17.69180601295413,0.0,100.0
7,11,[220   0  18],[220   0   0],18.0,0.0,100.0,[  4 211  16],[  0 220   0],18.788294228055936,0.0,100.0,[ 16  18 239],[  0   0 220],30.675723300355934,0.0,100.0
7,12,[226  13   7],[220   0   0],15.937377450509228,0.0,100.0,[  2 200  17],[  0 220   0],26.324893162176366,0.0,100.0,[ 16  13 215],[  0   0 220],21.213203435596427,0.0,100.0
7,13,[211  18   2],[220   0   0],20.223748416156685,0.0,100.0,[  0 211  19],[  0 220   0],21.02379604162864,0.0,100.0,[  7   7 216],[  0   0 220],10.677078252031311,0.0,100.0
7,14,[233  11   9],[220   0   0],19.261360284258224,0.0,100.0,[  9 230   6],[  0 220   0],14.730919862656235,0.0,100.0,[  6  18 207],[  0   0 220],23.0,0.0,100.0
7,15,[211   8  16],[220   0   0],20.024984394500787,0.0,100.0,[  2 235   9],[  0 220   0],17.60681686165901,0.0,100.0,[  9  14 208],[  0   0 220],20.518284528683193,0.0,100.0
7,16,[219   4  19],[220   0   0],19.44222209522358,0.0,100.0,[  8 224   7],[  0 220   0],11.357816691600547,0.0,100.0,[ 13  14 216],[  0   0 220],19.519221295943137,0.0,100.0
7,17,[222   1   3],[220   0   0],3.7416573867739413,0.0,100.0,[  3 217   0],[  0 220   0],4.242640687119285,0.0,100.0,[ 13  17 231],[  0   0 220],24.06241883103193,0.0,100.0
7,18,[207   3  13],[220   0   0],18.627936010197157,0.0,100.0,[ 16 221   5],[  0 220   0],16.792855623746664,0.0,100.0,[ 19   0 239],[  0   0 220],26.870057685088806,0.0,100.0
7,19,[208  12  16],[220   0   0],23.323807579381203,0.0,100.0,[  7 208  11],[  0 220   0],17.72004514666935,0.0,100.0,[  1   6 204],[  0   0 220],17.11724276862369,0.0,100.0
7,20,[238  16   6],[220   0   0],24.819347291981714,0.0,100.0,[  4 222   4],[  0 220   0],6.0,0.0,100.0,[  3   4 233],[  0   0 220],13.92838827718412,0.0,100.0
7,21,[232  19   8],[220   0   0],23.853720883753127,0.0,100.0,[ 13 226   3],[  0 220   0],14.628738838327793,0.0,100.0,[ 14  10 216],[  0   0 220],17.663521732655695,0.0,100.0
7,22,[236   5   6],[220   0   0],17.804493814764857,0.0,100.0,[ 17 203  10],[  0 220   0],26.038433132583073,0.0,100.0,[ 14   6 201],[  0   0 220],24.351591323771842,0.0,100.0
7,23,[232   5   7],[220   0   0],14.7648230602334,0.0,100.0,[  3 221  11],[  0 220   0],11.445523142259598,0.0,100.0,[ 10  18 200],[  0   0 220],28.705400188814647,0.0,100.0
7,24,[205  19  10],[220   0   0],26.19160170741759,0.0,100.0,[ 17 235   7],[  0 220   0],23.727621035409346,0.0,100.0,[  0   7 231],[  0   0 220],13.038404810405298,0.0,100.0
7,25,[208   0   2],[220   0   0],12.165525060596439,0.0,100.0,[  1 234   9],[  0 220   0],16.673332000533065,0.0,100.0,[  5   3 230],[  0   0 220],11.575836902790225,0.0,100.0
7,26,[233   0   7],[220   0   0],14.7648230602334,0.0,100.0,[ 17 232   8],[  0 220   0],22.293496809607955,0.0,100.0,[ 13  15 201],[  0   0 220],27.477263328068172,0.0,100.0
7,27,[223   6   1],[220   0   0],6.782329983125268,0.0,100.0,[ 13 239  11],[  0 220   0],25.514701644346147,0.0,100.0,[ 18  11 221],[  0   0 220],21.118712081942874,0.0,100.0
7,28,[209  16   4],[220   0   0],19.82422760159901,0.0,100.0,[  2 227  18],[  0 220   0],19.4164878389476,0.0,100.0,[  7  11 204],[  0   0 220],20.639767440550294,0.0,100.0
7,29,[225  18   6],[220   0   0],19.621416870348583,0.0,100.0,[  8 213  14],[  0 220   0],17.578395831246947,0.0,100.0,[  6   4 219],[  0   0 220],7.280109889280518,0.0,100.0
7,30,[211   6   7],[220   0   0],12.884098726725126,0.0,100.0,[  1 227   9],[  0 220   0],11.445523142259598,0.0,100.0,[ 12  10 218],[  0   0 220],15.748015748023622,0.0,100.0
7,31,[222  13  16],[220   0   0],20.71231517720798,0.0,100.0,[  8 201  11],[  0 220   0],23.366642891095847,0.0,100.0,[ 15  15 217],[  0   0 220],21.42428528562855,0.0,100.0
7,32,[227   5  16],[220   0   0],18.16590212458495,0.0,100.0,[ 15 214  17],[  0 220   0],23.45207879911715,0.0,100.0,[ 10   6 211],[  0   0 220],14.730919862656235,0.0,100.0
7,33,[217   6  19],[220   0   0],20.149441679609886,0.0,100.0,[  7 214  14],[  0 220   0],16.76305461424021,0.0,100.0,[ 17   8 235],[  0   0 220],24.041630560342615,0.0,100.0
7,34,[228   5   4],[220   0   0],10.246950765959598,0.0,100.0,[ 12 223  16],[  0 220   0],20.223748416156685,0.0,100.0,[  2   4 219],[  0   0 220],4.58257569495584,0.0,100.0
7,35,[218   6  19],[220   0   0],20.024984394500787,0.0,100.0,[ 13 236  14],[  0 220   0],24.919871588754223,0.0,100.0,[ 10   3 216],[  0   0 220],11.180339887498949,0.0,100.0
7,36,[230  12   6],[220   0   0],16.73320053068151,0.0,100.0,[ 10 203   6],[  0 220   0],20.615528128088304,0.0,100.0,[ 16  14 216],[  0   0 220],21.633307652783937,0.0,100.0
7,37,[224  15   7],[220   0   0],17.029386365926403,0.0,100.0,[  2 206   4],[  0 220   0],14.696938456699069,0.0,100.0,[  5   3 209],[  0   0 220],12.449899597988733,0.0,100.0
7,38,[219  15   1],[220   0   0],15.066519173319364,0.0,100.0,[ 11 210   5],[  0 220   0],15.684387141358123,0.0,100.0,[  5  16 214],[  0   0 220],17.804493814764857,0.0,100.0
7,39,[218  19  15],[220   0   0],24.289915602982237,0.0,100.0,[ 16 203   3],[  0 220   0],23.53720459187964,0.0,100.0,[ 19   6 206],[  0   0 220],24.351591323771842,0.0,100.0
7,40,[211   9   0],[220   0   0],12.727922061357855,0.0,100.0,[ 15 218   2],[  0 220   0],15.264337522473747,0.0,100.0,[ 13  13 203],[  0   0 220],25.03996805109783,0.0,100.0
7,41,[228   1   0],[220   0   0],8.06225774829855,0.0,100.0,[ 18 215   0],[  0 220   0],18.681541692269406,0.0,100.0,[ 18  17 216],[  0   0 220],25.079872407968907,0.0,100.0
7,42,[239  12  19],[220   0   0],29.427877939124322,0.0,100.0,[ 19 234   7],[  0 220   0],24.61706725018234,0.0,100.0,[ 17  16 209],[  0   0 220],25.80697580112788,0.0,100.0
7,43,[237  18   3],[220   0   0],24.939927826679853,0.0,100.0,[  5 210   5],[  0 220   0],12.24744871391589,0.0,100.0,[ 13   5 235],[  0   0 220],20.46948949045872,0.0,100.0
7,44,[222   5  19],[220   0   0],19.748417658131498,0.0,100.0,[ 14 210   2],[  0 220   0],17.320508075688775,0.0,100.0,[  8  19 226],[  0   0 220],21.470910553583888,0.0,100.0
7,45,[224  13  12],[220   0   0],18.138357147217054,0.0,100.0,[ 16 202  14],[  0 220   0],27.85677655436824,0.0,100.0,[  2   9 235],[  0   0 220],17.60681686165901,0.0,100.0
7,46,[232  13   1],[220   0   0],17.72004514666935,0.0,100.0,[  4 202   2],[  0 220   0],18.547236990991408,0.0,100.0,[ 17   2 229],[  0   0 220],19.339079605813716,0.0,100.0
7,47,[217  19  14],[220   0   0],23.790754506740637,0.0,100.0,[ 18 210   1],[  0 220   0],20.615528128088304,0.0,100.0,[  7  10 213],[  0   0 220],14.071247279470288,0.0,100.0
7,48,[212   5  18],[220   0   0],20.322401432901575,0.0,100.0,[  7 216  11],[  0 220   0],13.638181696985855,0.0,100.0,[ 11  11 222],[  0   0 220],15.684387141358123,0.0,100.0
7,49,[230  13   3],[220   0   0],16.673332000533065,0.0,100.0,[ 15 222   2],[  0 220   0],15.264337522473747,0.0,100.0,[  6   2 228],[  0   0 220],10.198039027185569,0.0,100.0
7,50,[217  13   8],[220   0   0],15.556349186104045,0.0,100.0,[  6 211  17],[  0 220   0],20.149441679609886,0.0,100.0,[  2   8 229],[  0   0 220],12.206555615733702,0.0,100.0
7,51,[204   6  17],[220   0   0],24.1039415863879,0.0,100.0,[  1 206  18],[  0 220   0],22.825424421026653,0.0,100.0,[  4   2 217],[  0   0 220],5.385164807134504,0.0,100.0
7,52,[204   3  11],[220   0   0],19.6468827043885,0.0,100.0,[ 11 220  12],[  0 220   0],16.278820596099706,0.0,100.0,[  3   9 215],[  0   0 220],10.723805294763608,0.0,100.0
7,53,[237  16  16],[220   0   0],28.30194339616981,0.0,100.0,[  4 206  11],[  0 220   0],18.24828759089466,0.0,100.0,[  8  17 232],[  0   0 220],22.293496809607955,0.0,100.0
7,54,[205   9   1],[220   0   0],17.52141546793523,0.0,100.0,[ 14 208  16],[  0 220   0],24.413111231467404,0.0,100.0,[ 15   4 238],[  0   0 220],23.769728648009426,0.0,100.0
7,55,[226  17  16],[220   0   0],24.1039415863879,0.0,100.0,[ 14 207   3],[  0 220   0],19.339079605813716,0.0,100.0,[ 12  12 216],[  0   0 220],17.435595774162696,0.0,100.0
7,56,[205   3   2],[220   0   0],15.427248620541512,0.0,100.0,[ 11 216  11],[  0 220   0],16.06237840420901,0.0,100.0,[  6   7 217],[  0   0 220],9.695359714832659,0.0,100.0
7,57,[214  10   3],[220   0   0],12.041594578792296,0.0,100.0,[ 19 234   1],[  0 220   0],23.62202362203543,0.0,100.0,[  4   6 210],[  0   0 220],12.328828005937952,0.0,100.0
7,58,[200  14  15],[220   0   0],28.653097563788805,0.0,100.0,[ 17 209  19],[  0 220   0],27.76688675382964,0.0,100.0,[  0  19 205],[  0   0 220],24.20743687382041,0.0,100.0
7,59,[223  17  11],[220   0   0],20.46948949045872,0.0,100.0,[ 17 230  14],[  0 220   0],24.186773244895647,0.0,100.0,[ 15  12 200],[  0   0 220],27.730849247724095,0.0,100.0
7,60,[207   7   4],[220   0   0],15.297058540778355,0.0,100.0,[ 14 238   3],[  0 220   0],23.0,0.0,100.0,[  3   7 227],[  0   0 220],10.344080432788601,0.0,100.0
7,61,[216  11  12],[220   0   0],16.76305461424021,0.0,100.0,[  6 217  18],[  0 220   0],19.209372712298546,0.0,100.0,[ 14  14 225],[  0   0 220],20.42057785666214,0.0,100.0
7,62,[207   2   0],[220   0   0],13.152946437965905,0.0,100.0,[ 11 235  15],[  0 220   0],23.895606290697042,0.0,100.0,[  7   2 209],[  0   0 220],13.19090595827292,0.0,100.0
7,63,[224   1  14],[220   0   0],14.594519519326424,0.0,100.0,[ 13 200  15],[  0 220   0],28.178005607210743,0.0,100.0,[  5   7 220],[  0   0 220],8.602325267042627,0.0,100.0
8,0,[209  13   9],[220   0   0],19.261360284258224,0.0,100.0,[ 14 215  17],[  0 220   0],22.58317958127243,0.0,100.0,[ 11   5 205],[  0   0 220],19.261360284258224,0.0,100.0
8,1,[226   4  18],[220   0   0],19.390719429665317,0.0,100.0,[ 17 213   2],[  0 220   0],18.49324200890693,0.0,100.0,[  8  18 202],[  0   0 220],26.68332812825267,0.0,100.0
8,2,[204  16  16],[220   0   0],27.712812921102035,0.0,100.0,[  5 212   3],[  0 220   0],9.899494936611665,0.0,100.0,[ 11   5 214],[  0   0 220],13.490737563232042,0.0,100.0
8,3,[224  15   6],[220   0   0],16.64331697709324,0.0,100.0,[ 13 200   8],[  0 220   0],25.15949125081825,0.0,100.0,[ 12   4 203],[  0   0 220],21.18962010041709,0.0,100.0
8,4,[222   0  12],[220   0   0],12.165525060596439,0.0,100.0,[ 11 231   2],[  0 220   0],15.684387141358123,0.0,100.0,[  7   0 201],[  0   0 220],20.248456731316587,0.0,100.0
8,5,[200   2  15],[220   0   0],25.079872407968907,0.0,100.0,[  1 218   9],[  0 220   0],9.273618495495704,0.0,100.0,[  4  14 211],[  0   0 220],17.11724276862369,0.0,100.0
8,6,[235   3   4],[220   0   0],15.811388300841896,0.0,100.0,[ 12 237   2],[  0 220   0],20.904544960366874,0.0,100.0,[  8  17 218],[  0   0 220],18.894443627691185,0.0,100.0
8,7,[221   8   2],[220   0   0],8.306623862918075,0.0,100.0,[  9 234  12],[  0 220   0],20.518284528683193,0.0,100.0,[  9   0 203],[  0   0 220],19.235384061671343,0.0,100.0
8,8,[225   9   1],[220   0   0],10.344080432788601,0.0,100.0,[ 17 219  18],[  0 220   0],24.779023386727733,0.0,100.0,[  8   0 219],[  0   0 220],8.06225774829855,0.0,100.0
8,9,[219   6   0],[220   0   0],6.082762530298219,0.0,100.0,[  8 204  17],[  0 220   0],24.677925358506133,0.0,100.0,[ 17  15 226],[  0   0 220],23.45207879911715,0.0,100.0
8,10,[210   0   3],[220   0   0],10.44030650891055,0.0,100.0,[ 13 234  16],[  0 220   0],24.919871588754223,0.0,100.0,[ 12   1 216],[  0   0 220],12.68857754044952,0.0,100.0
8,11,[201  12  10],[220   0   0],24.596747752497688,0.0,100.0,[ 19 225   7],[  0 220   0],20.85665361461421,0.0,100.0,[  4  14 230],[  0   0 220],17.663521732655695,0.0,100.0
8,12,[232   2  17],[220   0   0],20.904544960366874,0.0,100.0,[  5 201  13],[  0 220   0],23.558437978779494,0.0,100.0,[  2   4 222],[  0   0 220],4.898979485566356,0.0,100.0
8,13,[210   4  17],[220   0   0],20.12461179749811,0.0,100.0,[  0 205  13],[  0 220   0],19.849433241279208,0.0,100.0,[  4   3 200],[  0   0 220],20.615528128088304,0.0,100.0
8,14,[218   9  17],[220   0   0],19.339079605813716,0.0,100.0,[ 14 202   0],[  0 220   0],22.80350850198276,0.0,100.0,[  3   7 217],[  0   0 220],8.18535277187245,0.0,100.0
8,15,[227   5  14],[220   0   0],16.431676725154983,0.0,100.0,[ 13 207   1],[  0 220   0],18.411952639521967,0.0,100.0,[ 11  17 203],[  0   0 220],26.43860813280457,0.0,100.0
8,16,[235   8   5],[220   0   0],17.72004514666935,0.0,100.0,[  7 216   5],[  0 220   0],9.486832980505138,0.0,100.0,[ 11   2 208],[  0   0 220],16.401219466856727,0.0,100.0
8,17,[217  12   9],[220   0   0],15.297058540778355,0.0,100.0,[ 18 207  16],[  0 220   0],27.367864366808018,0.0,100.0,[ 15  16 237],[  0   0 220],27.748873851023216,0.0,100.0
8,18,[232   4  15],[220   0   0],19.621416870348583,0.0,100.0,[  1 227  11],[  0 220   0],13.076696830622021,0.0,100.0,[  4  19 231],[  0   0 220],22.315913604421397,0.0,100.0
8,19,[220   1   9],[220   0   0],9.055385138137417,0.0,100.0,[ 17 218  19],[  0 220   0],25.573423705088842,0.0,100.0,[ 11  13 217],[  0   0 220],17.291616465790582,0.0,100.0
8,20,[220  19   6],[220   0   0],19.924858845171276,0.0,100.0,[ 12 216  13],[  0 220   0],18.138357147217054,0.0,100.0,[  7  15 229],[  0   0 220],18.841443681416774,0.0,100.0
8,21,[222  18   5],[220   0   0],18.788294228055936,0.0,100.0,[  5 236  11],[  0 220   0],20.049937655763422,0.0,100.0,[ 13   4 234],[  0   0 220],19.519221295943137,0.0,100.0
8,22,[214  16   8],[220   0   0],18.867962264113206,0.0,100.0,[ 12 203  10],[  0 220   0],23.08679276123039,0.0,100.0,[  3   8 204],[  0   0 220],18.138357147217054,0.0,100.0
8,23,[239   4  14],[220   0   0],23.93741840717165,0.0,100.0,[  4 202  14],[  0 220   0],23.15167380558045,0.0,100.0,[ 18   4 212],[  0   0 220],20.09975124224178,0.0,100.0
8,24,[229   5  13],[220   0   0],16.583123951777,0.0,100.0,[  2 230   8],[  0 220   0],12.96148139681572,0.0,100.0,[  6  10 225],[  0   0 220],12.68857754044952,0.0,100.0
8,25,[216  12  10],[220   0   0],16.1245154965971,0.0,100.0,[ 19 233   4],[  0 220   0],23.366642891095847,0.0,100.0,[  4  10 226],[  0   0 220],12.328828005937952,0.0,100.0
8,26,[206   5   6],[220   0   0],16.0312195418814,0.0,100.0,[ 13 208  12],[  0 220   0],21.37755832643195,0.0,100.0,[ 12  12 205],[  0   0 220],22.64950330581225,0.0,100.0
8,27,[201  18  14],[220   0   0],29.68164415931166,0.0,100.0,[  7 222   9],[  0 220   0],11.575836902790225,0.0,100.0,[  9   9 222],[  0   0 220],12.884098726725126,0.0,100.0
8,28,[211   7   1],[220   0   0],11.445523142259598,0.0,100.0,[ 16 211  12],[  0 220   0],21.93171219946131,0.0,100.0,[  8  13 236],[  0   0 220],22.11334438749598,0.0,100.0
8,29,[202   0  11],[220   0   0],21.095023109728988,0.0,100.0,[ 16 218  17],[  0 220   0],23.430749027719962,0.0,100.0,[  9   2 219],[  0   0 220],9.273618495495704,0.0,100.0
8,30,[237  13  13],[220   0   0],25.03996805109783,0.0,100.0,[  1 216   4],[  0 220   0],5.744562646538029,0.0,100.0,[ 10   3 231],[  0   0 220],15.165750888103101,0.0,100.0
8,31,[235  19   9],[220   0   0],25.826343140289914,0.0,100.0,[ 14 222   9],[  0 220   0],16.76305461424021,0.0,100.0,[ 17   4 201],[  0   0 220],25.80697580112788,0.0,100.0
8,32,[217  10   2],[220   0   0],10.63014581273465,0.0,100.0,[ 11 218  16],[  0 220   0],19.519221295943137,0.0,100.0,[  2   4 204],[  0   0 220],16.61324772583615,0.0,100.0
8,33,[205  10   9],[220   0   0],20.149441679609886,0.0,100.0,[  4 202  13],[  0 220   0],22.561028345356956,0.0,100.0,[ 17   1 222],[  0   0 220],17.146428199482248,0.0,100.0
8,34,[231  16  10],[220   0   0],21.840329667841555,0.0,100.0,[  6 203  17],[  0 220   0],24.779023386727733,0.0,100.0,[  0  16 220],[  0   0 220],16.0,0.0,100.0
8,35,[225   5  10],[220   0   0],12.24744871391589,0.0,100.0,[  2 200  17],[  0 220   0],26.324893162176366,0.0,100.0,[  6   9 228],[  0   0 220],13.45362404707371,0.0,100.0
8,36,[228  15   0],[220   0   0],17.0,0.0,100.0,[ 14 201   6],[  0 220   0],24.351591323771842,0.0,100.0,[  4  16 225],[  0   0 220],17.233687939614086,0.0,100.0
8,37,[217   6  10],[220   0   0],12.041594578792296,0.0,100.0,[ 19 221   9],[  0 220   0],21.047565179849187,0.0,100.0,[ 11   0 212],[  0   0 220],13.601470508735444,0.0,100.0
8,38,[215   1   3],[220   0   0],5.916079783099616,0.0,100.0,[ 14 225   4],[  0 220   0],15.394804318340652,0.0,100.0,[ 11   2 231],[  0   0 220],15.684387141358123,0.0,100.0
8,39,[237  14  14],[220   0   0],26.095976701399778,0.0,100.0,[ 15 230  17],[  0 220   0],24.779023386727733,0.0,100.0,[  0   3 237],[  0   0 220],17.26267650163207,0.0,100.0
8,40,[209   3  19],[220   0   0],22.15851980616034,0.0,100.0,[  7 230  10],[  0 220   0],15.7797338380595,0.0,100.0,[ 10   2 221],[  0   0 220],10.246950765959598,0.0,100.0
8,41,[237   8   1],[220   0   0],18.81488772222678,0.0,100.0,[  2 239  15],[  0 220   0],24.289915602982237,0.0,100.0,[ 13   2 233],[  0   0 220],18.49324200890693,0.0,100.0
8,42,[217  14   3],[220   0   0],14.628738838327793,0.0,100.0,[ 10 228   3],[  0 220   0],13.152946437965905,0.0,100.0,[  2   7 227],[  0   0 220],10.099504938362077,0.0,100.0
8,43,[226  17   4],[220   0   0],18.466185312619388,0.0,100.0,[ 12 238   7],[  0 220   0],22.737634001804146,0.0,100.0,[  7  11 225],[  0   0 220],13.96424004376894,0.0,100.0
8,44,[228  18  11],[220   0   0],22.561028345356956,0.0,100.0,[  8 221   1],[  0 220   0],8.12403840463596,0.0,100.0,[ 10  18 210],[  0   0 220],22.891046284519195,0.0,100.0
8,45,[237  11   2],[220   0   0],20.346989949375804,0.0,100.0,[  5 212  15],[  0 220   0],17.72004514666935,0.0,100.0,[  9  10 234],[  0   0 220],19.4164878389476,0.0,100.0
8,46,[226  16   6],[220   0   0],18.110770276274835,0.0,100.0,[ 15 238  16],[  0 220   0],28.372521918222215,0.0,100.0,[  0   7 207],[  0   0 220],14.7648230602334,0.0,100.0
8,47,[233   2   1],[220   0   0],13.19090595827292,0.0,100.0,[ 12 236  15],[  0 220   0],25.0,0.0,100.0,[ 18   5 202],[  0   0 220],25.942243542145693,0.0,100.0
8,48,[233   7   6],[220   0   0],15.937377450509228,0.0,100.0,[  9 225  12],[  0 220   0],15.811388300841896,0.0,100.0,[ 11  16 232],[  0   0 220],22.825424421026653,0.0,100.0
8,49,[233   3   2],[220   0   0],13.490737563232042,0.0,100.0,[ 14 201  12],[  0 220   0],26.476404589747453,0.0,100.0,[ 16  12 229],[  0   0 220],21.93171219946131,0.0,100.0
8,50,[234  11   2],[220   0   0],17.916472867168917,0.0,100.0,[ 14 210   4],[  0 220   0],17.663521732655695,0.0,100.0,[  4  12 217],[  0   0 220],13.0,0.0,100.0
8,51,[204  15   4],[220   0   0],22.293496809607955,0.0,100.0,[ 19 211   7],[  0 220   0],22.15851980616034,0.0,100.0,[  5  16 239],[  0   0 220],25.337718918639855,0.0,100.0
8,52,[201   1  19],[220   0   0],26.888659319497503,0.0,100.0,[ 18 222  15],[  0 220   0],23.515952032609693,0.0,100.0,[ 14   1 222],[  0   0 220],14.177446878757825,0.0,100.0
8,53,[217   3  19],[220   0   0],19.467922333931785,0.0,100.0,[  4 208   2],[  0 220   0],12.806248474865697,0.0,100.0,[ 17  13 219],[  0   0 220],21.42428528562855,0.0,100.0
8,54,[237   9  10],[220   0   0],21.6794833886788,0.0,100.0,[  5 211   3],[  0 220   0],10.723805294763608,0.0,100.0,[ 16  18 233],[  0   0 220],27.367864366808018,0.0,100.0
8,55,[200   0  11],[220   0   0],22.825424421026653,0.0,100.0,[ 10 228  19],[  0 220   0],22.9128784747792,0.0,100.0,[  8   5 217],[  0   0 220],9.899494936611665,0.0,100.0
8,56,[221   4  13],[220   0   0],13.638181696985855,0.0,100.0,[ 10 209  16],[  0 220   0],21.840329667841555,0.0,100.0,[  9   1 218],[  0   0 220],9.273618495495704,0.0,100.0
8,57,[239   3   1],[220   0   0],19.261360284258224,0.0,100.0,[ 19 229  15],[  0 220   0],25.826343140289914,0.0,100.0,[  2   2 213],[  0   0 220],7.54983443527075,0.0,100.0
8,58,[220  19   9],[220   0   0],21.02379604162864,0.0,100.0,[ 10 214   3],[  0 220   0],12.041594578792296,0.0,100.0,[  9   8 230],[  0   0 220],15.652475842498529,0.0,100.0
8,59,[200  14   8],[220   0   0],25.69046515733026,0.0,100.0,[  1 229   1],[  0 220   0],9.1104335791443,0.0,100.0,[ 15  16 216],[  0   0 220],22.293496809607955,0.0,100.0
8,60,[232  19   1],[220   0   0],22.494443758403985,0.0,100.0,[  6 214  14],[  0 220   0],16.3707055437449,0.0,100.0,[ 17   7 211],[  0   0 220],20.46948949045872,0.0,100.0
8,61,[202  12  10],[220   0   0],23.83275057562597,0.0,100.0,[ 16 212  17],[  0 220   0],24.677925358506133,0.0,100.0,[  5  18 203],[  0   0 220],25.25866188063018,0.0,100.0
8,62,[239  16  15],[220   0   0],29.017236257093817,0.0,100.0,[  5 237  10],[  0 220   0],20.346989949375804,0.0,100.0,[ 14   1 232],[  0   0 220],18.466185312619388,0.0,100.0
8,63,[202  13  14],[220   0   0],26.248809496813376,0.0,100.0,[ 16 209   8],[  0 220   0],21.0,0.0,100.0,[ 15   1 205],[  0   0 220],21.236760581595302,0.0,100.0
9,0,[222  15   1],[220   0   0],15.165750888103101,0.0,100.0,[  5 206   5],[  0 220   0],15.684387141358123,0.0,100.0,[  4  11 208],[  0   0 220],16.76305461424021,0.0,100.0
9,1,[226   1  11],[220   0   0],12.569805089976535,0.0,100.0,[ 19 233  19],[  0 220   0],29.8496231131986,0.0,100.0,[ 10   3 214],[  0   0 220],12.041594578792296,0.0,100.0
9,2,[213   0  19],[220   0   0],20.248456731316587,0.0,100.0,[  1 233   5],[  0 220   0],13.96424004376894,0.0,100.0,[  1  18 210],[  0   0 220],20.615528128088304,0.0,100.0
9,3,[220  13   3],[220   0   0],13.341664064126334,0.0,100.0,[  4 234   6],[  0 220   0],15.748015748023622,0.0,100.0,[ 12   0 221],[  0   0 220],12.041594578792296,0.0,100.0
9,4,[222   2   5],[220   0   0],5.744562646538029,0.0,100.0,[  7 215   1],[  0 220   0],8.660254037844387,0.0,100.0,[ 10  18 201],[  0   0 220],28.0178514522438,0.0,100.0
9,5,[219  13  13],[220   0   0],18.411952639521967,0.0,100.0,[  2 227  14],[  0 220   0],15.7797338380595,0.0,100.0,[  5  15 220],[  0   0 220],15.811388300841896,0.0,100.0
9,6,[221   3   4],[220   0   0],5.0990195135927845,0.0,100.0,[  7 213  19],[  0 220   0],21.42428528562855,0.0,100.0,[  9   9 238],[  0   0 220],22.045407685048602,0.0,100.0
9,7,[218  11   0],[220   0   0],11.180339887498949,0.0,100.0,[  5 205  15],[  0 220   0],21.79449471770337,0.0,100.0,[  1  11 213],[  0   0 220],13.076696830622021,0.0,100.0
9,8,[203   3   1],[220   0   0],17.291616465790582,0.0,100.0,[ 17 222   7],[  0 220   0],18.49324200890693,0.0,100.0,[ 19   5 239],[  0   0 220],27.331300737432898,0.0,100.0
9,9,[238  17  10],[220   0   0],26.70205984563738,0.0,100.0,[  6 205  19],[  0 220   0],24.939927826679853,0.0,100.0,[  4  10 208],[  0   0 220],16.1245154965971,0.0,100.0
9,10,[213  14  19],[220   0   0],24.61706725018234,0.0,100.0,[ 18 208  12],[  0 220   0],24.73863375370596,0.0,100.0,[  7   4 201],[  0   0 220],20.639767440550294,0.0,100.0
9,11,[221  11   2],[220   0   0],11.224972160321824,0.0,100.0,[  4 234   3],[  0 220   0],14.866068747318506,0.0,100.0,[  2  14 231],[  0   0 220],17.916472867168917,0.0,100.0
9,12,[216  16  15],[220   0   0],22.293496809607955,0.0,100.0,[ 15 235  13],[  0 220   0],24.879710609249457,0.0,100.0,[  6  11 204],[  0   0 220],20.322401432901575,0.0,100.0
9,13,[227   5   1],[220   0   0],8.660254037844387,0.0,100.0,[  3 208  19],[  0 220   0],22.67156809750927,0.0,100.0,[ 19  18 200],[  0   0 220],32.93933818400121,0.0,100.0
9,14,[218   3  13],[220   0   0],13.490737563232042,0.0,100.0,[ 12 230  15],[  0 220   0],21.656407827707714,0.0,100.0,[ 14   8 228],[  0   0 220],18.0,0.0,100.0
9,15,[210   7   7],[220   0   0],14.071247279470288,0.0,100.0,[  2 222  17],[  0 220   0],17.233687939614086,0.0,100.0,[ 14  17 229],[  0   0 220],23.790754506740637,0.0,100.0
9,16,[200  15  14],[220   0   0],28.653097563788805,0.0,100.0,[  5 239  11],[  0 220   0],22.516660498395403,0.0,100.0,[  7   5 230],[  0   0 220],13.19090595827292,0.0,100.0
9,17,[222  19   4],[220   0   0],19.519221295943137,0.0,100.0,[ 13 224  16],[  0 220   0],21.0,0.0,100.0,[  6  11 216],[  0   0 220],13.152946437965905,0.0,100.0
9,18,[219   8  12],[220   0   0],14.45683229480096,0.0,100.0,[  1 219  15],[  0 220   0],15.066519173319364,0.0,100.0,[ 11   4 216],[  0   0 220],12.36931687685298,0.0,100.0
9,19,[226   5  18],[220   0   0],19.621416870348583,0.0,100.0,[ 16 236   8],[  0 220   0],24.0,0.0,100.0,[ 19  13 228],[  0   0 220],24.372115213907882,0.0,100.0
9,20,[211  17  17],[220   0   0],25.67099530598687,0.0,100.0,[  7 201  11],[  0 220   0],23.043437243605826,0.0,100.0,[ 19   5 232],[  0   0 220],23.021728866442675,0.0,100.0
9,21,[212   5  10],[220   0   0],13.74772708486752,0.0,100.0,[ 19 227   6],[  0 220   0],21.118712081942874,0.0,100.0,[ 12   2 200],[  0   0 220],23.40939982143925,0.0,100.0
9,22,[229   2   2],[220   0   0],9.433981132056603,0.0,100.0,[ 16 236   7],[  0 220   0],23.68543856465402,0.0,100.0,[  1   7 217],[  0   0 220],7.681145747868608,0.0,100.0
9,23,[232   4  10],[220   0   0],16.1245154965971,0.0,100.0,[  8 203  17],[  0 220   0],25.337718918639855,0.0,100.0,[  5   1 221],[  0   0 220],5.196152422706632,0.0,100.0
9,24,[231  17   9],[220   0   0],22.15851980616034,0.0,100.0,[  2 222   6],[  0 220   0],6.6332495807108,0.0,100.0,[ 10   8 227],[  0   0 220],14.594519519326424,0.0,100.0
9,25,[231   2   4],[220   0   0],11.874342087037917,0.0,100.0,[  6 218  17],[  0 220   0],18.138357147217054,0.0,100.0,[  2   8 216],[  0   0 220],9.16515138991168,0.0,100.0
9,26,[219  12   8],[220   0   0],14.45683229480096,0.0,100.0,[  7 204   1],[  0 220   0],17.4928556845359,0.0,100.0,[  0   4 218],[  0   0 220],4.47213595499958,0.0,100.0
9,27,[204  12  19],[220   0   0],27.586228448267445,0.0,100.0,[ 15 232  16],[  0 220   0],25.0,0.0,100.0,[  4  17 231],[  0   0 220],20.639767440550294,0.0,100.0
9,28,[238  12   8],[220   0   0],23.065125189341593,0.0,100.0,[ 16 208  10],[  0 220   0],22.360679774997898,0.0,100.0,[ 17   5 201],[  0   0 220],25.98076211353316,0.0,100.0
9,29,[208  11   1],[220   0   0],16.30950643030009,0.0,100.0,[  8 219   5],[  0 220   0],9.486832980505138,0.0,100.0,[ 15   2 235],[  0   0 220],21.307275752662516,0.0,100.0
9,30,[206  14  13],[220   0   0],23.68543856465402,0.0,100.0,[  0 229   6],[  0 220   0],10.816653826391969,0.0,100.0,[  3   4 201],[  0   0 220],19.6468827043885,0.0,100.0
9,31,[237  16   6],[220   0   0],24.1039415863879,0.0,100.0,[  2 223   0],[  0 220   0],3.605551275463989,0.0,100.0,[  7  14 208],[  0   0 220],19.72308292331602,0.0,100.0
9,32,[224   3  18],[220   0   0],18.681541692269406,0.0,100.0,[  8 236  14],[  0 220   0],22.715633383201094,0.0,100.0,[  6   7 234],[  0   0 220],16.76305461424021,0.0,100.0
9,33,[209  15  13],[220   0   0],22.693611435820433,0.0,100.0,[ 13 235  16],[  0 220   0],25.495097567963924,0.0,100.0,[ 19   1 200],[  0   0 220],27.60434748368452,0.0,100.0
9,34,[237   7  13],[220   0   0],22.516660498395403,0.0,100.0,[  8 216   1],[  0 220   0],9.0,0.0,100.0,[ 14   9 233],[  0   0 220],21.118712081942874,0.0,100.0
9,35,[229   0  15],[220   0   0],17.4928556845359,0.0,100.0,[ 10 207  15],[  0 220   0],22.22611077089287,0.0,100.0,[ 16   1 228],[  0   0 220],17.916472867168917,0.0,100.0
9,36,[213   7  16],[220   0   0],18.81488772222678,0.0,100.0,[ 15 204   9],[  0 220   0],23.706539182259394,0.0,100.0,[  1   4 239],[  0   0 220],19.44222209522358,0.0,100.0
9,37,[212  13   5],[220   0   0],16.06237840420901,0.0,100.0,[ 11 237   4],[  0 220   0],20.639767440550294,0.0,100.0,[  5  17 203],[  0   0 220],24.55605831561735,0.0,100.0
9,38,[214   1   0],[220   0   0],6.082762530298219,0.0,100.0,[  4 207  15],[  0 220   0],20.248456731316587,0.0,100.0,[  8  15 233],[  0   0 220],21.400934559032695,0.0,100.0
9,39,[231  17   6],[220   0   0],21.118712081942874,0.0,100.0,[  0 236  10],[  0 220   0],18.867962264113206,0.0,100.0,[ 16  17 229],[  0   0 220],25.019992006393608,0.0,100.0
9,40,[225  10   0],[220   0   0],11.180339887498949,0.0,100.0,[  4 237   3],[  0 220   0],17.72004514666935,0.0,100.0,[  5  16 210],[  0   0 220],19.519221295943137,0.0,100.0
9,41,[234  13  19],[220   0   0],26.94438717061496,0.0,100.0,[ 18 213   4],[  0 220   0],19.72308292331602,0.0,100.0,[  7   7 235],[  0   0 220],17.97220075561143,0.0,100.0
9,42,[227  15  15],[220   0   0],22.338307903688676,0.0,100.0,[ 15 221  18],[  0 220   0],23.45207879911715,0.0,100.0,[  3   0 217],[  0   0 220],4.242640687119285,0.0,100.0
9,43,[208   3  12],[220   0   0],17.233687939614086,0.0,100.0,[ 11 207   6],[  0 220   0],18.05547008526779,0.0,100.0,[  0   0 205],[  0   0 220],15.0,0.0,100.0
9,44,[215  13  14],[220   0   0],19.748417658131498,0.0,100.0,[  0 209   0],[  0 220   0],11.0,0.0,100.0,[  1  12 203],[  0   0 220],20.83266665599966,0.0,100.0
9,45,[205  13  17],[220   0   0],26.13426869074396,0.0,100.0,[ 16 215  18],[  0 220   0],24.596747752497688,0.0,100.0,[  0  14 203],[  0   0 220],22.02271554554524,0.0,100.0
9,46,[207  16   4],[220   0   0],21.0,0.0,100.0,[  3 206   7],[  0 220   0],15.937377450509228,0.0,100.0,[ 13   4 217],[  0   0 220],13.92838827718412,0.0,100.0
9,47,[217  18  10],[220   0   0],20.808652046684813,0.0,100.0,[ 19 214   6],[  0 220   0],20.808652046684813,0.0,100.0,[ 15  12 208],[  0   0 220],22.64950330581225,0.0,100.0
9,48,[203   7   2],[220   0   0],18.49324200890693,0.0,100.0,[  6 226  10],[  0 220   0],13.114877048604,0.0,100.0,[  9   9 230],[  0   0 220],16.186414056238647,0.0,100.0
9,49,[214  14   2],[220   0   0],15.362291495737216,0.0,100.0,[  6 214  13],[  0 220   0],15.524174696260024,0.0,100.0,[  6  16 238],[  0   0 220],24.819347291981714,0.0,100.0
9,50,[201   5  12],[220   0   0],23.021728866442675,0.0,100.0,[  2 207  12],[  0 220   0],17.804493814764857,0.0,100.0,[  9   2 227],[  0   0 220],11.575836902790225,0.0,100.0
9,51,[203  10   1],[220   0   0],19.748417658131498,0.0,100.0,[  8 215  10],[  0 220   0],13.74772708486752,0.0,100.0,[ 12   3 215],[  0   0 220],13.341664064126334,0.0,100.0
9,52,[236   5  11],[220   0   0],20.049937655763422,0.0,100.0,[  6 230  10],[  0 220   0],15.362291495737216,0.0,100.0,[ 16  19 207],[  0   0 220],28.035691537752374,0.0,100.0
9,53,[209  14   2],[220   0   0],17.916472867168917,0.0,100.0,[  5 222   8],[  0 220   0],9.643650760992955,0.0,100.0,[ 12   5 232],[  0   0 220],17.69180601295413,0.0,100.0
9,54,[213  11  19],[220   0   0],23.043437243605826,0.0,100.0,[  7 215  14],[  0 220   0],16.431676725154983,0.0,100.0,[ 12   3 202],[  0   0 220],21.840329667841555,0.0,100.0
9,55,[202   4   3],[220   0   0],18.681541692269406,0.0,100.0,[  7 210  17],[  0 220   0],20.92844953645635,0.0,100.0,[  6   6 201],[  0   0 220],20.808652046684813,0.0,100.0
9,56,[206   4   4],[220   0   0],15.0996688705415,0.0,100.0,[ 11 219  10],[  0 220   0],14.89966442575134,0.0,100.0,[ 13  17 219],[  0   0 220],21.42428528562855,0.0,100.0
9,57,[224  18  17],[220   0   0],25.079872407968907,0.0,100.0,[ 14 237   7],[  0 220   0],23.108440016582687,0.0,100.0,[  8   2 233],[  0   0 220],15.394804318340652,0.0,100.0
9,58,[204   3   2],[220   0   0],16.401219466856727,0.0,100.0,[ 14 207   3],[  0 220   0],19.339079605813716,0.0,100.0,[  6   2 224],[  0   0 220],7.483314773547883,0.0,100.0
9,59,[237  14  13],[220   0   0],25.573423705088842,0.0,100.0,[  4 235   0],[  0 220   0],15.524174696260024,0.0,100.0,[ 16  19 236],[  0   0 220],29.546573405388315,0.0,100.0
9,60,[236  10  13],[220   0   0],22.9128784747792,0.0,100.0,[ 15 218   6],[  0 220   0],16.278820596099706,0.0,100.0,[  7  11 235],[  0   0 220],19.87460691435179,0.0,100.0
9,61,[238  13   7],[220   0   0],23.280893453645632,0.0,100.0,[ 10 235  16],[  0 220   0],24.1039415863879,0.0,100.0,[  4  14 220],[  0   0 220],14.560219778561036,0.0,100.0
9,62,[227  19  15],[220   0   0],25.199206336708304,0.0,100.0,[  9 238   7],[  0 220   0],21.307275752662516,0.0,100.0,[ 12   4 227],[  0   0 220],14.45683229480096,0.0,100.0
9,63,[225  14   0],[220   0   0],14.866068747318506,0.0,100.0,[ 19 214   7],[  0 220   0],21.118712081942874,0.0,100.0,[ 17  13 201],[  0   0 220],28.61817604250837,0.0,100.0
10,0,[228   6   6],[220   0   0],11.661903789690601,0.0,100.0,[  2 215   7],[  0 220   0],8.831760866327848,0.0,100.0,[  4   9 208],[  0   0 220],15.524174696260024,0.0,100.0
10,1,[217  19   1],[220   0   0],19.261360284258224,0.0,100.0,[  6 226  11],[  0 220   0],13.892443989449804,0.0,100.0,[ 10   0 225],[  0   0 220],11.180339887498949,0.0,100.0
10,2,[227  10  18],[220   0   0],21.748563170931547,0.0,100.0,[  3 218   8],[  0 220   0],8.774964387392123,0.0,100.0,[ 18  15 239],[  0   0 220],30.166206257996713,0.0,100.0
10,3,[216  11   3],[220   0   0],12.083045973594572,0.0,100.0,[ 11 206  16],[  0 220   0],23.93741840717165,0.0,100.0,[  7   3 234],[  0   0 220],15.937377450509228,0.0,100.0
10,4,[227   1   6],[220   0   0],9.273618495495704,0.0,100.0,[ 12 223  15],[  0 220   0],19.44222209522358,0.0,100.0,[ 15   6 232],[  0   0 220],20.12461179749811,0.0,100.0
10,5,[216   5   7],[220   0   0],9.486832980505138,0.0,100.0,[ 15 234  10],[  0 220   0],22.825424421026653,0.0,100.0,[  0  13 234],[  0   0 220],19.1049731745428,0.0,100.0
10,6,[224  10  14],[220   0   0],17.663521732655695,0.0,100.0,[ 18 236  17],[  0 220   0],29.478805945967352,0.0,100.0,[ 10  19 206],[  0   0 220],25.632011235952593,0.0,100.0
10,7,[213   2   0],[220   0   0],7.280109889280518,0.0,100.0,[ 13 216   4],[  0 220   0],14.177446878757825,0.0,100.0,[  8   6 208],[  0   0 220],15.620499351813308,0.0,100.0
10,8,[221  18   0],[220   0   0],18.027756377319946,0.0,100.0,[ 13 219  14],[  0 220   0],19.131126469708992,0.0,100.0,[  9   8 207],[  0   0 220],17.72004514666935,0.0,100.0
10,9,[207  18   0],[220   0   0],22.20360331117452,0.0,100.0,[  6 211   1],[  0 220   0],10.862780491200215,0.0,100.0,[ 17  17 218],[  0   0 220],24.124676163629637,0.0,100.0
10,10,[211   5  17],[220   0   0],19.87460691435179,0.0,100.0,[  1 216   3],[  0 220   0],5.0990195135927845,0.0,100.0,[  7   2 234],[  0   0 220],15.7797338380595,0.0,100.0
10,11,[227   3   6],[220   0   0],9.695359714832659,0.0,100.0,[  7 231  12],[  0 220   0],17.72004514666935,0.0,100.0,[ 13   6 214],[  0   0 220],15.524174696260024,0.0,100.0
10,12,[206   9   7],[220   0   0],18.05547008526779,0.0,100.0,[  1 211   3],[  0 220   0],9.539392014169456,0.0,100.0,[  0   8 235],[  0   0 220],17.0,0.0,100.0
10,13,[219  10  17],[220   0   0],19.748417658131498,0.0,100.0,[  5 207  13],[  0 220   0],19.05255888325765,0.0,100.0,[ 14   5 203],[  0   0 220],22.58317958127243,0.0,100.0
10,14,[220  18   8],[220   0   0],19.697715603592208,0.0,100.0,[  6 236   4],[  0 220   0],17.549928774784245,0.0,100.0,[  6  15 216],[  0   0 220],16.64331697709324,0.0,100.0
10,15,[212  11  11],[220   0   0],17.4928556845359,0.0,100.0,[ 19 212   5],[  0 220   0],21.213203435596427,0.0,100.0,[  6   4 226],[  0   0 220],9.38083151964686,0.0,100.0
10,16,[233   7   4],[220   0   0],15.297058540778355,0.0,100.0,[  7 207   2],[  0 220   0],14.89966442575134,0.0,100.0,[ 14  18 222],[  0   0 220],22.891046284519195,0.0,100.0
10,17,[216  12  17],[220   0   0],21.18962010041709,0.0,100.0,[ 19 218  10],[  0 220   0],21.563858652847824,0.0,100.0,[ 18   3 213],[  0   0 220],19.544820285692065,0.0,100.0
10,18,[213   3  17],[220   0   0],18.627936010197157,0.0,100.0,[ 10 202  15],[  0 220   0],25.475478405713993,0.0,100.0,[ 13  10 206],[  0   0 220],21.563858652847824,0.0,100.0
10,19,[212   1  11],[220   0   0],13.638181696985855,0.0,100.0,[  8 229   9],[  0 220   0],15.033296378372908,0.0,100.0,[ 16   6 237],[  0   0 220],24.1039415863879,0.0,100.0
10,20,[204  12   1],[220   0   0],20.024984394500787,0.0,100.0,[  5 216  11],[  0 220   0],12.727922061357855,0.0,100.0,[  9  17 234],[  0   0 220],23.790754506740637,0.0,100.0
10,21,[225   2   3],[220   0   0],6.164414002968976,0.0,100.0,[ 10 219  18],[  0 220   0],20.615528128088304,0.0,100.0,[  7   2 211],[  0   0 220],11.575836902790225,0.0,100.0
10,22,[205   7  16],[220   0   0],23.021728866442675,0.0,100.0,[  1 231  11],[  0 220   0],15.588457268119896,0.0,100.0,[ 12   1 219],[  0   0 220],12.083045973594572,0.0,100.0
10,23,[219  19   0],[220   0   0],19.026297590440446,0.0,100.0,[  4 237   8],[  0 220   0],19.209372712298546,0.0,100.0,[  8  19 205],[  0   0 220],25.495097567963924,0.0,100.0
10,24,[216  17  13],[220   0   0],21.77154105707724,0.0,100.0,[ 14 205   2],[  0 220   0],20.615528128088304,0.0,100.0,[  9  10 218],[  0   0 220],13.601470508735444,0.0,100.0
10,25,[223  11   9],[220   0   0],14.52583904633395,0.0,100.0,[ 15 221   1],[  0 220   0],15.066519173319364,0.0,100.0,[  1  19 215],[  0   0 220],19.672315572906,0.0,100.0
10,26,[239   5  12],[220   0   0],23.021728866442675,0.0,100.0,[ 18 219  11],[  0 220   0],21.118712081942874,0.0,100.0,[  8  19 220],[  0   0 220],20.615528128088304,0.0,100.0
10,27,[201   1  13],[220   0   0],23.043437243605826,0.0,100.0,[ 13 227   6],[  0 220   0],15.937377450509228,0.0,100.0,[ 10   5 230],[  0   0 220],15.0,0.0,100.0
10,28,[204   5  12],[220   0   0],20.615528128088304,0.0,100.0,[ 14 225  16],[  0 220   0],21.840329667841555,0.0,100.0,[ 12  17 237],[  0   0 220],26.870057685088806,0.0,100.0
10,29,[205  11  13],[220   0   0],22.693611435820433,0.0,100.0,[ 18 218   6],[  0 220   0],19.078784028338912,0.0,100.0,[ 18   2 215],[  0   0 220],18.788294228055936,0.0,100.0
10,30,[208  12  16],[220   0   0],23.323807579381203,0.0,100.0,[ 15 223  17],[  0 220   0],22.869193252058544,0.0,100.0,[  2   2 201],[  0   0 220],19.209372712298546,0.0,100.0
10,31,[214   3  16],[220   0   0],17.349351572897472,0.0,100.0,[  2 211  19],[  0 220   0],21.118712081942874,0.0,100.0,[  2   5 233],[  0   0 220],14.071247279470288,0.0,100.0
10,32,[212  12   4],[220   0   0],14.966629547095765,0.0,100.0,[  9 208   9],[  0 220   0],17.4928556845359,0.0,100.0,[ 13   7 204],[  0   0 220],21.77154105707724,0.0,100.0
10,33,[235   5   9],[220   0   0],18.193405398660254,0.0,100.0,[ 18 221  17],[  0 220   0],24.779023386727733,0.0,100.0,[  7   8 210],[  0   0 220],14.594519519326424,0.0,100.0
10,34,[214   9   7],[220   0   0],12.884098726725126,0.0,100.0,[ 19 231   4],[  0 220   0],22.315913604421397,0.0,100.0,[ 10  15 230],[  0   0 220],20.615528128088304,0.0,100.0
10,35,[205  14   1],[220   0   0],20.54263858417414,0.0,100.0,[ 13 235   7],[  0 220   0],21.047565179849187,0.0,100.0,[ 14  19 221],[  0   0 220],23.62202362203543,0.0,100.0
10,36,[210  10  15],[220   0   0],20.615528128088304,0.0,100.0,[ 16 211   5],[  0 220   0],19.026297590440446,0.0,100.0,[  5   6 222],[  0   0 220],8.06225774829855,0.0,100.0
10,37,[214   3   3],[220   0   0],7.3484692283495345,0.0,100.0,[  4 223   8],[  0 220   0],9.433981132056603,0.0,100.0,[  7   2 221],[  0   0 220],7.3484692283495345,0.0,100.0
10,38,[238   2  19],[220   0   0],26.248809496813376,0.0,100.0,[  5 232   3],[  0 220   0],13.341664064126334,0.0,100.0,[ 10   9 233],[  0   0 220],18.708286933869708,0.0,100.0
10,39,[234  17   0],[220   0   0],22.02271554554524,0.0,100.0,[ 16 201   2],[  0 220   0],24.919871588754223,0.0,100.0,[ 15  14 219],[  0   0 220],20.54263858417414,0.0,100.0
10,40,[214  18  13],[220   0   0],23.0,0.0,100.0,[ 10 215  11],[  0 220   0],15.684387141358123,0.0,100.0,[ 11   7 232],[  0   0 220],17.72004514666935,0.0,100.0
10,41,[230  13  11],[220   0   0],19.748417658131498,0.0,100.0,[  3 200   2],[  0 220   0],20.322401432901575,0.0,100.0,[  9   6 201],[  0   0 220],21.863211109075447,0.0,100.0
10,42,[220   1  18],[220   0   0],18.027756377319946,0.0,100.0,[  1 235   8],[  0 220   0],17.029386365926403,0.0,100.0,[  3   2 209],[  0   0 220],11.575836902790225,0.0,100.0
10,43,[224   3  10],[220   0   0],11.180339887498949,0.0,100.0,[ 16 207  10],[  0 220   0],22.9128784747792,0.0,100.0,[ 10  16 209],[  0   0 220],21.840329667841555,0.0,100.0
10,44,[228  16   5],[220   0   0],18.57417562100671,0.0,100.0,[  8 217  10],[  0 220   0],13.152946437965905,0.0,100.0,[  5  16 237],[  0   0 220],23.874672772626646,0.0,100.0
10,45,[203  13   2],[220   0   0],21.494185260204677,0.0,100.0,[ 15 216   7],[  0 220   0],17.029386365926403,0.0,100.0,[ 16   5 200],[  0   0 220],26.095976701399778,0.0,100.0
10,46,[233  12   6],[220   0   0],18.681541692269406,0.0,100.0,[ 14 236   9],[  0 220   0],23.08679276123039,0.0,100.0,[ 17  13 233],[  0   0 220],25.03996805109783,0.0,100.0
10,47,[235   4   7],[220   0   0],17.029386365926403,0.0,100.0,[ 17 238  15],[  0 220   0],28.948229652260256,0.0,100.0,[  4  15 206],[  0   0 220],20.904544960366874,0.0,100.0
10,48,[224  18  19],[220   0   0],26.476404589747453,0.0,100.0,[  2 224   7],[  0 220   0],8.306623862918075,0.0,100.0,[  6   6 211],[  0   0 220],12.36931687685298,0.0,100.0
10,49,[238   7   4],[220   0   0],19.72308292331602,0.0,100.0,[  0 214  13],[  0 220   0],14.317821063276353,0.0,100.0,[ 15  12 220],[  0   0 220],19.209372712298546,0.0,100.0
10,50,[215   7   1],[220   0   0],8.660254037844387,0.0,100.0,[  7 238  13],[  0 220   0],23.280893453645632,0.0,100.0,[  1   3 215],[  0   0 220],5.916079783099616,0.0,100.0
10,51,[202  10  11],[220   0   0],23.345235059857504,0.0,100.0,[  7 232  15],[  0 220   0],20.445048300260872,0.0,100.0,[  8  18 225],[  0   0 220],20.322401432901575,0.0,100.0
10,52,[213  16   0],[220   0   0],17.46424919657298,0.0,100.0,[ 10 224   6],[  0 220   0],12.328828005937952,0.0,100.0,[ 17   0 235],[  0   0 220],22.67156809750927,0.0,100.0
10,53,[204  13  13],[220   0   0],24.372115213907882,0.0,100.0,[ 16 236  16],[  0 220   0],27.712812921102035,0.0,100.0,[ 12   0 221],[  0   0 220],12.041594578792296,0.0,100.0
10,54,[206   5   7],[220   0   0],16.431676725154983,0.0,100.0,[ 17 239  14],[  0 220   0],29.086079144497972,0.0,100.0,[ 17   0 220],[  0   0 220],17.0,0.0,100.0
10,55,[204  12   7],[220   0   0],21.18962010041709,0.0,100.0,[ 12 206  16],[  0 220   0],24.413111231467404,0.0,100.0,[ 19  17 225],[  0   0 220],25.98076211353316,0.0,100.0
10,56,[219   6  10],[220   0   0],11.704699910719626,0.0,100.0,[ 17 238  18],[  0 220   0],30.610455730027933,0.0,100.0,[  6   6 230],[  0   0 220],13.114877048604,0.0,100.0
10,57,[203   5  12],[220   0   0],21.400934559032695,0.0,100.0,[  6 207  19],[  0 220   0],23.790754506740637,0.0,100.0,[ 17   2 224],[  0   0 220],17.578395831246947,0.0,100.0
10,58,[202  17  18],[220   0   0],30.610455730027933,0.0,100.0,[ 16 214   8],[  0 220   0],18.867962264113206,0.0,100.0,[  3   6 218],[  0   0 220],7.0,0.0,100.0
10,59,[214  18   5],[220   0   0],19.621416870348583,0.0,100.0,[ 13 202   1],[  0 220   0],22.22611077089287,0.0,100.0,[ 11  18 219],[  0   0 220],21.118712081942874,0.0,100.0
10,60,[200   2   4],[220   0   0],20.493901531919196,0.0,100.0,[  5 235  13],[  0 220   0],20.46948949045872,0.0,100.0,[ 16   2 221],[  0   0 220],16.15549442140351,0.0,100.0
10,61,[218   5   5],[220   0   0],7.3484692283495345,0.0,100.0,[ 11 231  15],[  0 220   0],21.61018278497431,0.0,100.0,[ 10  19 233],[  0   0 220],25.099800796022265,0.0,100.0
10,62,[225   9  19],[220   0   0],21.61018278497431,0.0,100.0,[ 10 219  10],[  0 220   0],14.177446878757825,0.0,100.0,[ 13   9 205],[  0   0 220],21.79449471770337,0.0,100.0
10,63,[217   9   7],[220   0   0],11.789826122551595,0.0,100.0,[  1 212   6],[  0 220   0],10.04987562112089,0.0,100.0,[ 18  10 232],[  0   0 220],23.83275057562597,0.0,100.0
11,0,[228  12  11],[220   0   0],18.138357147217054,0.0,100.0,[  3 210   9],[  0 220   0],13.784048752090222,0.0,100.0,[ 11  18 200],[  0   0 220],29.068883707497267,0.0,100.0
11,1,[200   8  17],[220   0   0],27.440845468024488,0.0,100.0,[ 11 213   1],[  0 220   0],13.076696830622021,0.0,100.0,[ 11  15 206],[  0   0 220],23.280893453645632,0.0,100.0
11,2,[215   5  16],[220   0   0],17.4928556845359,0.0,100.0,[ 15 201  17],[  0 220   0],29.58039891549808,0.0,100.0,[ 19  18 202],[  0   0 220],31.76476034853718,0.0,100.0
11,3,[205   6  15],[220   0   0],22.045407685048602,0.0,100.0,[ 19 231  10],[  0 220   0],24.124676163629637,0.0,100.0,[ 10  19 218],[  0   0 220],21.563858652847824,0.0,100.0
11,4,[231   4   4],[220   0   0],12.36931687685298,0.0,100.0,[ 18 234  11],[  0 220   0],25.317977802344327,0.0,100.0,[ 12   0 214],[  0   0 220],13.416407864998739,0.0,100.0
11,5,[208   9   5],[220   0   0],15.811388300841896,0.0,100.0,[ 11 228  18],[  0 220   0],22.561028345356956,0.0,100.0,[ 14   1 225],[  0   0 220],14.89966442575134,0.0,100.0
11,6,[216   1   2],[220   0   0],4.58257569495584,0.0,100.0,[  5 224  10],[  0 220   0],11.874342087037917,0.0,100.0,[  0  11 239],[  0   0 220],21.95449840010015,0.0,100.0
11,7,[209  17   2],[220   0   0],20.346989949375804,0.0,100.0,[ 11 211  19],[  0 220   0],23.727621035409346,0.0,100.0,[ 15  19 207],[  0   0 220],27.477263328068172,0.0,100.0
11,8,[206  17   1],[220   0   0],22.045407685048602,0.0,100.0,[  5 201  18],[  0 220   0],26.645825188948457,0.0,100.0,[  5   7 239],[  0   0 220],20.85665361461421,0.0,100.0
11,9,[239   1  11],[220   0   0],21.97726097583591,0.0,100.0,[ 13 207   8],[  0 220   0],20.049937655763422,0.0,100.0,[  5  19 236],[  0   0 220],25.337718918639855,0.0,100.0
11,10,[213  10   2],[220   0   0],12.36931687685298,0.0,100.0,[  7 204   6],[  0 220   0],18.466185312619388,0.0,100.0,[ 17  14 228],[  0   0 220],23.430749027719962,0.0,100.0
11,11,[211  16   6],[220   0   0],19.313207915827967,0.0,100.0,[ 19 237  17],[  0 220   0],30.643106892089126,0.0,100.0,[  2   1 215],[  0   0 220],5.477225575051661,0.0,100.0
11,12,[213   9   7],[220   0   0],13.379088160259652,0.0,100.0,[  9 227   0],[  0 220   0],11.40175425099138,0.0,100.0,[  6   3 233],[  0   0 220],14.628738838327793,0.0,100.0
11,13,[211   8  14],[220   0   0],18.466185312619388,0.0,100.0,[ 18 224   7],[  0 220   0],19.72308292331602,0.0,100.0,[  1   2 214],[  0   0 220],6.4031242374328485,0.0,100.0
11,14,[238   4   2],[220   0   0],18.547236990991408,0.0,100.0,[ 17 200  13],[  0 220   0],29.29163703175362,0.0,100.0,[  3   9 210],[  0   0 220],13.784048752090222,0.0,100.0
11,15,[235   1   9],[220   0   0],17.52141546793523,0.0,100.0,[  7 239   3],[  0 220   0],20.46948949045872,0.0,100.0,[  7   4 231],[  0   0 220],13.638181696985855,0.0,100.0
11,16,[207  10   6],[220   0   0],17.46424919657298,0.0,100.0,[  1 216   7],[  0 220   0],8.12403840463596,0.0,100.0,[ 18   5 218],[  0   0 220],18.788294228055936,0.0,100.0
11,17,[225  18  17],[220   0   0],25.25866188063018,0.0,100.0,[  5 235   1],[  0 220   0],15.84297951775486,0.0,100.0,[  3  19 200],[  0   0 220],27.748873851023216,0.0,100.0
11,18,[206   1   7],[220   0   0],15.684387141358123,0.0,100.0,[ 17 210   7],[  0 220   0],20.92844953645635,0.0,100.0,[ 13  12 213],[  0   0 220],19.026297590440446,0.0,100.0
11,19,[221   4  14],[220   0   0],14.594519519326424,0.0,100.0,[ 10 210   0],[  0 220   0],14.142135623730951,0.0,100.0,[  3  17 233],[  0   0 220],21.61018278497431,0.0,100.0
11,20,[217  15  17],[220   0   0],22.869193252058544,0.0,100.0,[ 15 204  14],[  0 220   0],26.019223662515376,0.0,100.0,[  2  15 208],[  0   0 220],19.313207915827967,0.0,100.0
11,21,[207  19  13],[220   0   0],26.43860813280457,0.0,100.0,[  5 235   3],[  0 220   0],16.09347693943108,0.0,100.0,[ 19  14 202],[  0   0 220],29.68164415931166,0.0,100.0
11,22,[201  19  10],[220   0   0],28.6705423736629,0.0,100.0,[  0 215  13],[  0 220   0],13.92838827718412,0.0,100.0,[  5  17 216],[  0   0 220],18.16590212458495,0.0,100.0
11,23,[202  14  13],[220   0   0],26.248809496813376,0.0,100.0,[ 11 202   6],[  0 220   0],21.93171219946131,0.0,100.0,[  7   6 214],[  0   0 220],11.0,0.0,100.0
11,24,[204   0   2],[220   0   0],16.1245154965971,0.0,100.0,[ 13 203   4],[  0 220   0],21.77154105707724,0.0,100.0,[  8   2 212],[  0   0 220],11.489125293076057,0.0,100.0
11,25,[205   1   1],[220   0   0],15.066519173319364,0.0,100.0,[ 13 215  13],[  0 220   0],19.05255888325765,0.0,100.0,[ 18   7 228],[  0   0 220],20.904544960366874,0.0,100.0
11,26,[219  12  13],[220   0   0],17.72004514666935,0.0,100.0,[ 17 209   0],[  0 220   0],20.248456731316587,0.0,100.0,[  0  16 238],[  0   0 220],24.08318915758459,0.0,100.0
11,27,[230   9   9],[220   0   0],16.186414056238647,0.0,100.0,[  6 202  11],[  0 220   0],21.93171219946131,0.0,100.0,[  8  16 207],[  0   0 220],22.11334438749598,0.0,100.0
11,28,[200   3  19],[220   0   0],27.748873851023216,0.0,100.0,[  5 216   9],[  0 220   0],11.045361017187261,0.0,100.0,[  8  17 218],[  0   0 220],18.894443627691185,0.0,100.0
11,29,[213   3  14],[220   0   0],15.937377450509228,0.0,100.0,[  5 208   1],[  0 220   0],13.038404810405298,0.0,100.0,[ 15   0 219],[  0   0 220],15.033296378372908,0.0,100.0
11,30,[212   4   2],[220   0   0],9.16515138991168,0.0,100.0,[ 14 200  18],[  0 220   0],30.331501776206203,0.0,100.0,[  2  12 201],[  0   0 220],22.561028345356956,0.0,100.0
11,31,[229  14   6],[220   0   0],17.69180601295413,0.0,100.0,[ 10 201   8],[  0 220   0],22.9128784747792,0.0,100.0,[  6  14 207],[  0   0 220],20.024984394500787,0.0,100.0
11,32,[229  16   8],[220   0   0],20.024984394500787,0.0,100.0,[  8 226  13],[  0 220   0],16.401219466856727,0.0,100.0,[ 19  19 233],[  0   0 220],29.8496231131986,0.0,100.0
11,33,[228  16   6],[220   0   0],18.867962264113206,0.0,100.0,[  9 226   1],[  0 220   0],10.862780491200215,0.0,100.0,[  4  14 209],[  0   0 220],18.24828759089466,0.0,100.0
11,34,[235   5   3],[220   0   0],16.09347693943108,0.0,100.0,[ 16 238   3],[  0 220   0],24.269322199023193,0.0,100.0,[  9   5 226],[  0   0 220],11.916375287812984,0.0,100.0
11,35,[216   7  14],[220   0   0],16.15549442140351,0.0,100.0,[ 17 212  10],[  0 220   0],21.283796653792763,0.0,100.0,[ 10  10 218],[  0   0 220],14.2828568570857,0.0,100.0
11,36,[207   7   4],[220   0   0],15.297058540778355,0.0,100.0,[  7 226   3],[  0 220   0],9.695359714832659,0.0,100.0,[ 10   3 228],[  0   0 220],13.152946437965905,0.0,100.0
11,37,[206  13   4],[220   0   0],19.519221295943137,0.0,100.0,[ 10 222   8],[  0 220   0],12.96148139681572,0.0,100.0,[  1   4 239],[  0   0 220],19.44222209522358,0.0,100.0
11,38,[239   0  15],[220   0   0],24.20743687382041,0.0,100.0,[ 13 237   8],[  0 220   0],22.847319317591726,0.0,100.0,[  7   9 229],[  0   0 220],14.52583904633395,0.0,100.0
11,39,[208   3   3],[220   0   0],12.727922061357855,0.0,100.0,[ 10 235  10],[  0 220   0],20.615528128088304,0.0,100.0,[ 11  11 217],[  0   0 220],15.84297951775486,0.0,100.0
11,40,[220   2  17],[220   0   0],17.11724276862369,0.0,100.0,[  9 237   3],[  0 220   0],19.467922333931785,0.0,100.0,[  8   7 207],[  0   0 220],16.792855623746664,0.0,100.0
11,41,[211  17  11],[220   0   0],22.15851980616034,0.0,100.0,[  9 225  16],[  0 220   0],19.026297590440446,0.0,100.0,[ 13  17 206],[  0   0 220],25.573423705088842,0.0,100.0
11,42,[230   4   3],[220   0   0],11.180339887498949,0.0,100.0,[ 15 212   0],[  0 220   0],17.0,0.0,100.0,[  6   5 204],[  0   0 220],17.804493814764857,0.0,100.0
11,43,[200  19  13],[220   0   0],30.495901363953813,0.0,100.0,[ 17 235   3],[  0 220   0],22.869193252058544,0.0,100.0,[  1   6 213],[  0   0 220],9.273618495495704,0.0,100.0
11,44,[211  19   1],[220   0   0],21.047565179849187,0.0,100.0,[ 13 220   4],[  0 220   0],13.601470508735444,0.0,100.0,[  9   7 210],[  0   0 220],15.165750888103101,0.0,100.0
11,45,[235   6  19],[220   0   0],24.939927826679853,0.0,100.0,[  8 213   2],[  0 220   0],10.816653826391969,0.0,100.0,[ 14   4 217],[  0   0 220],14.866068747318506,0.0,100.0
11,46,[225   7   8],[220   0   0],11.74734012447073,0.0,100.0,[  0 211   3],[  0 220   0],9.486832980505138,0.0,100.0,[ 10  10 223],[  0   0 220],14.45683229480096,0.0,100.0
11,47,[223  13  12],[220   0   0],17.944358444926362,0.0,100.0,[ 12 236   7],[  0 220   0],21.18962010041709,0.0,100.0,[  6  12 230],[  0   0 220],16.73320053068151,0.0,100.0
11,48,[201   2  16],[220   0   0],24.919871588754223,0.0,100.0,[  9 238  14],[  0 220   0],24.515301344262525,0.0,100.0,[ 16   0 235],[  0   0 220],21.93171219946131,0.0,100.0
11,49,[207  15   3],[220   0   0],20.074859899884732,0.0,100.0,[  5 233  17],[  0 220   0],21.97726097583591,0.0,100.0,[  4   3 229],[  0   0 220],10.295630140987,0.0,100.0
11,50,[206   3   2],[220   0   0],14.45683229480096,0.0,100.0,[ 13 237   8],[  0 220   0],22.847319317591726,0.0,100.0,[ 12  19 228],[  0   0 220],23.853720883753127,0.0,100.0
11,51,[211  12  16],[220   0   0],21.93171219946131,0.0,100.0,[  7 234  10],[  0 220   0],18.57417562100671,0.0,100.0,[  6   8 206],[  0   0 220],17.204650534085253,0.0,100.0
11,52,[236   0  18],[220   0   0],24.08318915758459,0.0,100.0,[ 18 229  14],[  0 220   0],24.515301344262525,0.0,100.0,[ 14   4 206],[  0   0 220],20.199009876724155,0.0,100.0
11,53,[230   5  13],[220   0   0],17.146428199482248,0.0,100.0,[  0 230  17],[  0 220   0],19.72308292331602,0.0,100.0,[ 19  16 221],[  0   0 220],24.859605789312106,0.0,100.0
11,54,[215   2  15],[220   0   0],15.937377450509228,0.0,100.0,[ 19 212  15],[  0 220   0],25.495097567963924,0.0,100.0,[ 18  10 236],[  0   0 220],26.076809620810597,0.0,100.0
11,55,[237  19  15],[220   0   0],29.58039891549808,0.0,100.0,[  2 233  19],[  0 220   0],23.108440016582687,0.0,100.0,[  0   9 228],[  0   0 220],12.041594578792296,0.0,100.0
11,56,[226   1  15],[220   0   0],16.186414056238647,0.0,100.0,[ 16 213   0],[  0 220   0],17.46424919657298,0.0,100.0,[  6   6 202],[  0   0 220],19.8997487421324,0.0,100.0
11,57,[222   7  18],[220   0   0],19.4164878389476,0.0,100.0,[ 16 224   0],[  0 220   0],16.492422502470642,0.0,100.0,[ 17  16 222],[  0   0 220],23.430749027719962,0.0,100.0
11,58,[211  16  13],[220   0   0],22.494443758403985,0.0,100.0,[  5 235  17],[  0 220   0],23.2163735324878,0.0,100.0,[  9  15 220],[  0   0 220],17.4928556845359,0.0,100.0
11,59,[201   4  11],[220   0   0],22.315913604421397,0.0,100.0,[  9 206   7],[  0 220   0],18.05547008526779,0.0,100.0,[  1   3 201],[  0   0 220],19.261360284258224,0.0,100.0
11,60,[215  19  17],[220   0   0],25.98076211353316,0.0,100.0,[ 15 234  19],[  0 220   0],27.964262908219126,0.0,100.0,[ 15  10 226],[  0   0 220],19.0,0.0,100.0
11,61,[227  17   4],[220   0   0],18.81488772222678,0.0,100.0,[  8 205   7],[  0 220   0],18.384776310850235,0.0,100.0,[ 19  13 239],[  0   0 220],29.8496231131986,0.0,100.0
11,62,[237   1   3],[220   0   0],17.291616465790582,0.0,100.0,[ 14 236   8],[  0 220   0],22.715633383201094,0.0,100.0,[ 13  17 207],[  0   0 220],25.03996805109783,0.0,100.0
11,63,[209  12  12],[220   0   0],20.223748416156685,0.0,100.0,[ 15 228   6],[  0 220   0],18.027756377319946,0.0,100.0,[  6  12 220],[  0   0 220],13.416407864998739,0.0,100.0
12,0,[201  14  12],[220   0   0],26.476404589747453,0.0,100.0,[  0 237  16],[  0 220   0],23.345235059857504,0.0,100.0,[  2   9 209],[  0   0 220],14.352700094407323,0.0,100.0
12,1,[204   6  18],[220   0   0],24.819347291981714,0.0,100.0,[  5 225  15],[  0 220   0],16.583123951777,0.0,100.0,[  3   6 221],[  0   0 220],6.782329983125268,0.0,100.0
12,2,[233  17  14],[220   0   0],25.573423705088842,0.0,100.0,[  0 205   9],[  0 220   0],17.4928556845359,0.0,100.0,[  9  15 207],[  0   0 220],21.79449471770337,0.0,100.0
12,3,[202   2  16],[220   0   0],24.166091947189145,0.0,100.0,[ 19 203  14],[  0 220   0],29.086079144497972,0.0,100.0,[  5  12 210],[  0   0 220],16.401219466856727,0.0,100.0
12,4,[218   8   9],[220   0   0],12.206555615733702,0.0,100.0,[ 19 201  14],[  0 220   0],30.298514815086232,0.0,100.0,[ 15   6 207],[  0   0 220],20.73644135332772,0.0,100.0
12,5,[218   4  12],[220   0   0],12.806248474865697,0.0,100.0,[  6 229  12],[  0 220   0],16.15549442140351,0.0,100.0,[  9   0 225],[  0   0 220],10.295630140987,0.0,100.0
12,6,[221   3   1],[220   0   0],3.3166247903554,0.0,100.0,[ 13 232  10],[  0 220   0],20.322401432901575,0.0,100.0,[ 12  15 225],[  0   0 220],19.849433241279208,0.0,100.0
12,7,[200  15   9],[220   0   0],26.570660511172846,0.0,100.0,[  6 233  17],[  0 220   0],22.22611077089287,0.0,100.0,[ 18   5 216],[  0   0 220],19.1049731745428,0.0,100.0
12,8,[237  16  19],[220   0   0],30.099833886584822,0.0,100.0,[  3 202  16],[  0 220   0],24.269322199023193,0.0,100.0,[  2  15 225],[  0   0 220],15.937377450509228,0.0,100.0
12,9,[203  16   3],[220   0   0],23.53720459187964,0.0,100.0,[ 12 203   7],[  0 220   0],21.95449840010015,0.0,100.0,[  3   9 221],[  0   0 220],9.539392014169456,0.0,100.0
12,10,[229  16   5],[220   0   0],19.026297590440446,0.0,100.0,[ 17 215  19],[  0 220   0],25.98076211353316,0.0,100.0,[ 13   1 233],[  0   0 220],18.411952639521967,0.0,100.0
12,11,[235  15   6],[220   0   0],22.045407685048602,0.0,100.0,[  1 204  10],[  0 220   0],18.894443627691185,0.0,100.0,[ 16  11 211],[  0   0 220],21.400934559032695,0.0,100.0
12,12,[224  10   7],[220   0   0],12.84523257866513,0.0,100.0,[  6 204   4],[  0 220   0],17.549928774784245,0.0,100.0,[  5  19 205],[  0   0 220],24.71841418861655,0.0,100.0
12,13,[226  19   3],[220   0   0],20.149441679609886,0.0,100.0,[  0 209  18],[  0 220   0],21.095023109728988,0.0,100.0,[  5  16 214],[  0   0 220],17.804493814764857,0.0,100.0
12,14,[218  19   5],[220   0   0],19.748417658131498,0.0,100.0,[  1 201  19],[  0 220   0],26.888659319497503,0.0,100.0,[  9   3 209],[  0   0 220],14.52583904633395,0.0,100.0
12,15,[224   4   8],[220   0   0],9.797958971132712,0.0,100.0,[ 18 238   5],[  0 220   0],25.942243542145693,0.0,100.0,[  2   1 235],[  0   0 220],15.165750888103101,0.0,100.0
12,16,[226   3  13],[220   0   0],14.628738838327793,0.0,100.0,[  5 211   5],[  0 220   0],11.445523142259598,0.0,100.0,[  4  11 206],[  0   0 220],18.24828759089466,0.0,100.0
12,17,[232  17  17],[220   0   0],26.870057685088806,0.0,100.0,[  9 228   9],[  0 220   0],15.033296378372908,0.0,100.0,[ 12  11 226],[  0   0 220],17.349351572897472,0.0,100.0
12,18,[207   3  17],[220   0   0],21.61018278497431,0.0,100.0,[ 10 207  11],[  0 220   0],19.748417658131498,0.0,100.0,[  5   2 213],[  0   0 220],8.831760866327848,0.0,100.0
12,19,[205  17  12],[220   0   0],25.65151067676132,0.0,100.0,[ 17 238  19],[  0 220   0],31.20897306865447,0.0,100.0,[ 16  13 217],[  0   0 220],20.83266665599966,0.0,100.0
12,20,[209  16  12],[220   0   0],22.825424421026653,0.0,100.0,[  7 212  12],[  0 220   0],16.0312195418814,0.0,100.0,[  4  15 232],[  0   0 220],19.621416870348583,0.0,100.0
12,21,[206  11   9],[220   0   0],19.949937343260004,0.0,100.0,[ 17 214  10],[  0 220   0],20.615528128088304,0.0,100.0,[  8   2 221],[  0   0 220],8.306623862918075,0.0,100.0
12,22,[203  18  15],[220   0   0],28.948229652260256,0.0,100.0,[ 16 235   6],[  0 220   0],22.737634001804146,0.0,100.0,[ 19  15 220],[  0   0 220],24.20743687382041,0.0,100.0
12,23,[217  10   8],[220   0   0],13.152946437965905,0.0,100.0,[ 14 237  14],[  0 220   0],26.095976701399778,0.0,100.0,[ 19   7 218],[  0   0 220],20.346989949375804,0.0,100.0
12,24,[214  19  18],[220   0   0],26.851443164195103,0.0,100.0,[ 13 214   4],[  0 220   0],14.866068747318506,0.0,100.0,[ 19  14 230],[  0   0 220],25.632011235952593,0.0,100.0
12,25,[203   5  16],[220   0   0],23.874672772626646,0.0,100.0,[ 12 221  19],[  0 220   0],22.494443758403985,0.0,100.0,[ 17  19 214],[  0   0 220],26.19160170741759,0.0,100.0
12,26,[222  13  16],[220   0   0],20.71231517720798,0.0,100.0,[ 13 227  10],[  0 220   0],17.832554500127006,0.0,100.0,[  3  14 214],[  0   0 220],15.524174696260024,0.0,100.0
12,27,[231  15  10],[220   0   0],21.118712081942874,0.0,100.0,[ 15 226   0],[  0 220   0],16.15549442140351,0.0,100.0,[ 10  13 235],[  0   0 220],22.22611077089287,0.0,100.0
12,28,[227   7  10],[220   0   0],14.071247279470288,0.0,100.0,[  3 216   4],[  0 220   0],6.4031242374328485,0.0,100.0,[  5   0 227],[  0   0 220],8.602325267042627,0.0,100.0
12,29,[208  14  15],[220   0   0],23.769728648009426,0.0,100.0,[ 14 228  11],[  0 220   0],19.519221295943137,0.0,100.0,[  0  16 229],[  0   0 220],18.35755975068582,0.0,100.0
12,30,[228   4   5],[220   0   0],10.246950765959598,0.0,100.0,[  4 205   0],[  0 220   0],15.524174696260024,0.0,100.0,[  2  14 215],[  0   0 220],15.0,0.0,100.0
12,31,[224   1  16],[220   0   0],16.522711641858304,0.0,100.0,[ 18 200   0],[  0 220   0],26.90724809414742,0.0,100.0,[  9   4 201],[  0   0 220],21.400934559032695,0.0,100.0
12,32,[204   0   2],[220   0   0],16.1245154965971,0.0,100.0,[ 12 205   3],[  0 220   0],19.44222209522358,0.0,100.0,[ 16  12 227],[  0   0 220],21.18962010041709,0.0,100.0
12,33,[202   9  19],[220   0   0],27.676705006196094,0.0,100.0,[ 13 222  14],[  0 220   0],19.209372712298546,0.0,100.0,[  0  12 208],[  0   0 220],16.97056274847714,0.0,100.0
12,34,[235  14   3],[220   0   0],20.73644135332772,0.0,100.0,[ 15 228   7],[  0 220   0],18.384776310850235,0.0,100.0,[ 10   9 223],[  0   0 220],13.784048752090222,0.0,100.0
12,35,[209   9   2],[220   0   0],14.352700094407323,0.0,100.0,[ 14 200   4],[  0 220   0],24.73863375370596,0.0,100.0,[  7  11 236],[  0   0 220],20.639767440550294,0.0,100.0
12,36,[227  18   7],[220   0   0],20.54263858417414,0.0,100.0,[ 10 220  19],[  0 220   0],21.470910553583888,0.0,100.0,[ 16  12 201],[  0   0 220],27.586228448267445,0.0,100.0
12,37,[216   9  10],[220   0   0],14.035668847618199,0.0,100.0,[ 17 200   1],[  0 220   0],26.267851073127396,0.0,100.0,[ 11   2 235],[  0   0 220],18.708286933869708,0.0,100.0
12,38,[215  15   2],[220   0   0],15.937377450509228,0.0,100.0,[  0 232  11],[  0 220   0],16.278820596099706,0.0,100.0,[  1  12 238],[  0   0 220],21.656407827707714,0.0,100.0
12,39,[234  18   9],[220   0   0],24.515301344262525,0.0,100.0,[  5 232  17],[  0 220   0],21.400934559032695,0.0,100.0,[  2   5 217],[  0   0 220],6.164414002968976,0.0,100.0
12,40,[237  13   2],[220   0   0],21.494185260204677,0.0,100.0,[ 14 216  18],[  0 220   0],23.15167380558045,0.0,100.0,[  4  13 215],[  0   0 220],14.491376746189438,0.0,100.0
12,41,[226  19   5],[220   0   0],20.54263858417414,0.0,100.0,[  0 214  17],[  0 220   0],18.027756377319946,0.0,100.0,[  6  18 221],[  0   0 220],19.0,0.0,100.0
12,42,[218   8  15],[220   0   0],17.11724276862369,0.0,100.0,[ 17 232   4],[  0 220   0],21.18962010041709,0.0,100.0,[ 10   1 218],[  0   0 220],10.246950765959598,0.0,100.0
12,43,[230  18   3],[220   0   0],20.808652046684813,0.0,100.0,[ 15 212  12],[  0 220   0],20.808652046684813,0.0,100.0,[ 19  11 224],[  0   0 220],22.315913604421397,0.0,100.0
12,44,[223   4  12],[220   0   0],13.0,0.0,100.0,[  1 223  11],[  0 220   0],11.445523142259598,0.0,100.0,[  4  17 211],[  0   0 220],19.6468827043885,0.0,100.0
12,45,[223  11  15],[220   0   0],18.841443681416774,0.0,100.0,[  6 235   0],[  0 220   0],16.15549442140351,0.0,100.0,[  1   3 239],[  0   0 220],19.261360284258224,0.0,100.0
12,46,[224  15  10],[220   0   0],18.466185312619388,0.0,100.0,[  5 207  16],[  0 220   0],21.213203435596427,0.0,100.0,[  7  19 207],[  0   0 220],24.06241883103193,0.0,100.0
12,47,[228   6  17],[220   0   0],19.72308292331602,0.0,100.0,[  0 205   5],[  0 220   0],15.811388300841896,0.0,100.0,[  0   9 227],[  0   0 220],11.40175425099138,0.0,100.0
12,48,[220  13  10],[220   0   0],16.401219466856727,0.0,100.0,[ 10 205  12],[  0 220   0],21.656407827707714,0.0,100.0,[  5   9 205],[  0   0 220],18.193405398660254,0.0,100.0
12,49,[202   9   8],[220   0   0],21.656407827707714,0.0,100.0,[ 14 218   3],[  0 220   0],14.45683229480096,0.0,100.0,[  2   8 237],[  0   0 220],18.894443627691185,0.0,100.0
12,50,[216  12   2],[220   0   0],12.806248474865697,0.0,100.0,[  1 200   6],[  0 220   0],20.904544960366874,0.0,100.0,[  7  10 204],[  0   0 220],20.12461179749811,0.0,100.0
12,51,[226  10  11],[220   0   0],16.0312195418814,0.0,100.0,[ 14 226  18],[  0 220   0],23.57965224510319,0.0,100.0,[ 18   0 226],[  0   0 220],18.973665961010276,0.0,100.0
12,52,[209  16  13],[220   0   0],23.366642891095847,0.0,100.0,[ 10 209  16],[  0 220   0],21.840329667841555,0.0,100.0,[  1  19 207],[  0   0 220],23.043437243605826,0.0,100.0
12,53,[221   8  17],[220   0   0],18.81488772222678,0.0,100.0,[  5 217  13],[  0 220   0],14.247806848775006,0.0,100.0,[  6   5 215],[  0   0 220],9.273618495495704,0.0,100.0
12,54,[236  10  10],[220   0   0],21.354156504062622,0.0,100.0,[  0 211  15],[  0 220   0],17.4928556845359,0.0,100.0,[  5   0 205],[  0   0 220],15.811388300841896,0.0,100.0
12,55,[217  12  10],[220   0   0],15.905973720586866,0.0,100.0,[  0 211  18],[  0 220   0],20.12461179749811,0.0,100.0,[  8   3 204],[  0   0 220],18.138357147217054,0.0,100.0
12,56,[215   0  15],[220   0   0],15.811388300841896,0.0,100.0,[ 17 228   9],[  0 220   0],20.83266665599966,0.0,100.0,[  8  11 234],[  0   0 220],19.519221295943137,0.0,100.0
12,57,[232  19  19],[220   0   0],29.427877939124322,0.0,100.0,[  1 214   6],[  0 220   0],8.54400374531753,0.0,100.0,[  5  11 201],[  0   0 220],22.516660498395403,0.0,100.0
12,58,[225  14  11],[220   0   0],18.49324200890693,0.0,100.0,[  0 226   2],[  0 220   0],6.324555320336759,0.0,100.0,[ 19   8 202],[  0   0 220],27.367864366808018,0.0,100.0
12,59,[206  15   8],[220   0   0],22.02271554554524,0.0,100.0,[  9 216  12],[  0 220   0],15.524174696260024,0.0,100.0,[  2  16 227],[  0   0 220],17.578395831246947,0.0,100.0
12,60,[222  19   5],[220   0   0],19.748417658131498,0.0,100.0,[ 13 209   0],[  0 220   0],17.029386365926403,0.0,100.0,[  3   4 224],[  0   0 220],6.4031242374328485,0.0,100.0
12,61,[226  17  11],[220   0   0],21.118712081942874,0.0,100.0,[ 17 233   5],[  0 220   0],21.97726097583591,0.0,100.0,[  0  18 213],[  0   0 220],19.313207915827967,0.0,100.0
12,62,[202   7  14],[220   0   0],23.853720883753127,0.0,100.0,[ 18 201   6],[  0 220   0],26.851443164195103,0.0,100.0,[  4  19 238],[  0   0 220],26.476404589747453,0.0,100.0
12,63,[219  17   5],[220   0   0],17.74823934929885,0.0,100.0,[ 18 221  16],[  0 220   0],24.1039415863879,0.0,100.0,[  1  18 204],[  0   0 220],24.1039415863879,0.0,100.0
13,0,[230   8   3],[220   0   0],13.152946437965905,0.0,100.0,[  0 227   2],[  0 220   0],7.280109889280518,0.0,100.0,[  4   8 226],[  0   0 220],10.770329614269007,0.0,100.0
13,1,[220   5   9],[220   0   0],10.295630140987,0.0,100.0,[ 19 216   6],[  0 220   0],20.322401432901575,0.0,100.0,[  8  18 214],[  0   0 220],20.591260281974,0.0,100.0
13,2,[221  12  10],[220   0   0],15.652475842498529,0.0,100.0,[ 13 222  13],[  0 220   0],18.49324200890693,0.0,100.0,[  3  12 233],[  0   0 220],17.944358444926362,0.0,100.0
13,3,[230  16   7],[220   0   0],20.12461179749811,0.0,100.0,[  1 217   9],[  0 220   0],9.539392014169456,0.0,100.0,[  7   7 232],[  0   0 220],15.556349186104045,0.0,100.0
13,4,[237  10  16],[220   0   0],25.39685019840059,0.0,100.0,[ 13 216   0],[  0 220   0],13.601470508735444,0.0,100.0,[ 14   0 239],[  0   0 220],23.600847442411894,0.0,100.0
13,5,[236  16  14],[220   0   0],26.60826939130014,0.0,100.0,[ 11 206   1],[  0 220   0],17.832554500127006,0.0,100.0,[ 19   8 210],[  0   0 220],22.9128784747792,0.0,100.0
13,6,[235   6   2],[220   0   0],16.278820596099706,0.0,100.0,[  7 230   1],[  0 220   0],12.24744871391589,0.0,100.0,[  3   3 207],[  0   0 220],13.674794331177344,0.0,100.0
13,7,[222  14   1],[220   0   0],14.177446878757825,0.0,100.0,[ 17 219   0],[  0 220   0],17.029386365926403,0.0,100.0,[  4  17 231],[  0   0 220],20.639767440550294,0.0,100.0
13,8,[234  17   2],[220   0   0],22.11334438749598,0.0,100.0,[  5 211  11],[  0 220   0],15.066519173319364,0.0,100.0,[  1  11 219],[  0   0 220],11.090536506409418,0.0,100.0
13,9,[224   5   1],[220   0   0],6.48074069840786,0.0,100.0,[ 19 228  16],[  0 220   0],26.095976701399778,0.0,100.0,[  7   1 227],[  0   0 220],9.9498743710662,0.0,100.0
13,10,[224  18   4],[220   0   0],18.867962264113206,0.0,100.0,[ 15 233   5],[  0 220   0],20.46948949045872,0.0,100.0,[ 14   6 204],[  0   0 220],22.090722034374522,0.0,100.0
13,11,[210   1  15],[220   0   0],18.05547008526779,0.0,100.0,[  7 211  17],[  0 220   0],20.46948949045872,0.0,100.0,[ 11  12 208],[  0   0 220],20.223748416156685,0.0,100.0
13,12,[218   4  11],[220   0   0],11.874342087037917,0.0,100.0,[ 10 238  18],[  0 220   0],27.349588662354687,0.0,100.0,[ 12   3 214],[  0   0 220],13.74772708486752,0.0,100.0
13,13,[230  13   6],[220   0   0],17.46424919657298,0.0,100.0,[  2 233  15],[  0 220   0],19.949937343260004,0.0,100.0,[  2   9 228],[  0   0 220],12.206555615733702,0.0,100.0
13,14,[209  17   1],[220   0   0],20.273134932713294,0.0,100.0,[  2 207  10],[  0 220   0],16.522711641858304,0.0,100.0,[ 11  10 219],[  0   0 220],14.89966442575134,0.0,100.0
13,15,[202   0  18],[220   0   0],25.45584412271571,0.0,100.0,[  6 203  16],[  0 220   0],24.1039415863879,0.0,100.0,[  9   3 217],[  0   0 220],9.9498743710662,0.0,100.0
13,16,[212  11   7],[220   0   0],15.297058540778355,0.0,100.0,[  8 211   3],[  0 220   0],12.409673645990857,0.0,100.0,[ 14  14 238],[  0   0 220],26.758176320519304,0.0,100.0
13,17,[208   3  18],[220   0   0],21.840329667841555,0.0,100.0,[ 18 228   1],[  0 220   0],19.72308292331602,0.0,100.0,[  4   2 216],[  0   0 220],6.0,0.0,100.0
13,18,[209  14  12],[220   0   0],21.470910553583888,0.0,100.0,[  8 220  11],[  0 220   0],13.601470508735444,0.0,100.0,[  3  14 215],[  0   0 220],15.165750888103101,0.0,100.0
13,19,[225   3  18],[220   0   0],18.920887928424502,0.0,100.0,[ 16 206  16],[  0 220   0],26.60826939130014,0.0,100.0,[ 18  13 223],[  0   0 220],22.40535650240808,0.0,100.0
13,20,[230  14   5],[220   0   0],17.916472867168917,0.0,100.0,[ 19 213  14],[  0 220   0],24.61706725018234,0.0,100.0,[ 11   7 203],[  0   0 220],21.42428528562855,0.0,100.0
13,21,[229  12   1],[220   0   0],15.033296378372908,0.0,100.0,[ 15 220   2],[  0 220   0],15.132745950421556,0.0,100.0,[ 15   8 208],[  0   0 220],20.808652046684813,0.0,100.0
13,22,[202  10   5],[220   0   0],21.18962010041709,0.0,100.0,[ 13 237   7],[  0 220   0],22.516660498395403,0.0,100.0,[ 17  18 230],[  0   0 220],26.70205984563738,0.0,100.0
13,23,[203  19   7],[220   0   0],26.43860813280457,0.0,100.0,[ 18 203  11],[  0 220   0],27.09243436828813,0.0,100.0,[ 17   1 207],[  0   0 220],21.42428528562855,0.0,100.0
13,24,[206   7   3],[220   0   0],15.937377450509228,0.0,100.0,[ 15 226   2],[  0 220   0],16.278820596099706,0.0,100.0,[  3  12 223],[  0   0 220],12.727922061357855,0.0,100.0
13,25,[213  17  16],[220   0   0],24.372115213907882,0.0,100.0,[  7 200   4],[  0 220   0],21.563858652847824,0.0,100.0,[ 10   0 201],[  0   0 220],21.470910553583888,0.0,100.0
13,26,[220   4   3],[220   0   0],5.0,0.0,100.0,[  4 231  19],[  0 220   0],22.315913604421397,0.0,100.0,[  3  13 209],[  0   0 220],17.291616465790582,0.0,100.0
13,27,[205  14  19],[220   0   0],27.964262908219126,0.0,100.0,[ 17 227  13],[  0 220   0],22.516660498395403,0.0,100.0,[  1   9 207],[  0   0 220],15.84297951775486,0.0,100.0
13,28,[208   7  13],[220   0   0],19.026297590440446,0.0,100.0,[ 17 232  14],[  0 220   0],25.079872407968907,0.0,100.0,[  6   6 222],[  0   0 220],8.717797887081348,0.0,100.0
13,29,[205  16   5],[220   0   0],22.494443758403985,0.0,100.0,[  1 205  11],[  0 220   0],18.627936010197157,0.0,100.0,[ 13   0 230],[  0   0 220],16.401219466856727,0.0,100.0
13,30,[230   6   7],[220   0   0],13.601470508735444,0.0,100.0,[ 13 237  11],[  0 220   0],24.06241883103193,0.0,100.0,[  0   4 238],[  0   0 220],18.439088914585774,0.0,100.0
13,31,[202   4  13],[220   0   0],22.561028345356956,0.0,100.0,[  6 211   8],[  0 220   0],13.45362404707371,0.0,100.0,[  0  13 228],[  0   0 220],15.264337522473747,0.0,100.0
13,32,[225   9   1],[220   0   0],10.344080432788601,0.0,100.0,[ 15 232  11],[  0 220   0],22.135943621178654,0.0,100.0,[ 19  15 237],[  0   0 220],29.58039891549808,0.0,100.0
13,33,[235   7   7],[220   0   0],17.97220075561143,0.0,100.0,[  0 206   0],[  0 220   0],14.0,0.0,100.0,[ 18  19 226],[  0   0 220],26.851443164195103,0.0,100.0
13,34,[215  17  16],[220   0   0],23.874672772626646,0.0,100.0,[  1 207   5],[  0 220   0],13.96424004376894,0.0,100.0,[ 17   2 210],[  0   0 220],19.82422760159901,0.0,100.0
13,35,[208   1   1],[220   0   0],12.083045973594572,0.0,100.0,[  1 208   7],[  0 220   0],13.92838827718412,0.0,100.0,[  4   9 225],[  0   0 220],11.045361017187261,0.0,100.0
13,36,[234   4   4],[220   0   0],15.0996688705415,0.0,100.0,[ 19 207   6],[  0 220   0],23.790754506740637,0.0,100.0,[  2   9 217],[  0   0 220],9.695359714832659,0.0,100.0
13,37,[237  10   6],[220   0   0],20.615528128088304,0.0,100.0,[ 17 228   3],[  0 220   0],19.026297590440446,0.0,100.0,[  0  18 227],[  0   0 220],19.313207915827967,0.0,100.0
13,38,[216  11   2],[220   0   0],11.874342087037917,0.0,100.0,[  2 209   8],[  0 220   0],13.74772708486752,0.0,100.0,[  9  18 234],[  0   0 220],24.515301344262525,0.0,100.0
13,39,[206  16   9],[220   0   0],23.08679276123039,0.0,100.0,[ 13 239   8],[  0 220   0],24.372115213907882,0.0,100.0,[  2  16 233],[  0   0 220],20.71231517720798,0.0,100.0
13,40,[220  17  11],[220   0   0],20.248456731316587,0.0,100.0,[ 16 220   7],[  0 220   0],17.46424919657298,0.0,100.0,[ 10   8 235],[  0   0 220],19.72308292331602,0.0,100.0
13,41,[235  13   4],[220   0   0],20.248456731316587,0.0,100.0,[ 10 200  12],[  0 220   0],25.37715508089904,0.0,100.0,[  3  18 215],[  0   0 220],18.920887928424502,0.0,100.0
13,42,[237   2  17],[220   0   0],24.124676163629637,0.0,100.0,[  9 229   6],[  0 220   0],14.071247279470288,0.0,100.0,[  6  19 200],[  0   0 220],28.231188426986208,0.0,100.0
13,43,[230  18  13],[220   0   0],24.351591323771842,0.0,100.0,[  7 238  17],[  0 220   0],25.729360660537214,0.0,100.0,[  1   5 216],[  0   0 220],6.48074069840786,0.0,100.0
13,44,[215   0   2],[220   0   0],5.385164807134504,0.0,100.0,[  3 228  14],[  0 220   0],16.401219466856727,0.0,100.0,[ 19   5 214],[  0   0 220],20.54263858417414,0.0,100.0
13,45,[223   0  10],[220   0   0],10.44030650891055,0.0,100.0,[  2 212   4],[  0 220   0],9.16515138991168,0.0,100.0,[ 17  11 201],[  0   0 220],27.76688675382964,0.0,100.0
13,46,[202  10  16],[220   0   0],26.076809620810597,0.0,100.0,[  6 220   7],[  0 220   0],9.219544457292887,0.0,100.0,[  6   4 224],[  0   0 220],8.246211251235321,0.0,100.0
13,47,[202   3  17],[220   0   0],24.939927826679853,0.0,100.0,[ 11 205  14],[  0 220   0],23.280893453645632,0.0,100.0,[  0   1 233],[  0   0 220],13.038404810405298,0.0,100.0
13,48,[217  10  16],[220   0   0],19.1049731745428,0.0,100.0,[  8 220  19],[  0 220   0],20.615528128088304,0.0,100.0,[ 13   8 226],[  0   0 220],16.401219466856727,0.0,100.0
13,49,[237   4   2],[220   0   0],17.578395831246947,0.0,100.0,[ 18 230  15],[  0 220   0],25.475478405713993,0.0,100.0,[  9  12 207],[  0   0 220],19.849433241279208,0.0,100.0
13,50,[202   7   0],[220   0   0],19.313207915827967,0.0,100.0,[ 14 236  18],[  0 220   0],27.85677655436824,0.0,100.0,[  5  19 213],[  0   0 220],20.85665361461421,0.0,100.0
13,51,[200   2  19],[220   0   0],27.65863337187866,0.0,100.0,[  4 233   9],[  0 220   0],16.30950643030009,0.0,100.0,[  4  12 222],[  0   0 220],12.806248474865697,0.0,100.0
13,52,[219   2  10],[220   0   0],10.246950765959598,0.0,100.0,[ 16 216  16],[  0 220   0],22.978250586152114,0.0,100.0,[  7  10 220],[  0   0 220],12.206555615733702,0.0,100.0
13,53,[237  15   7],[220   0   0],23.727621035409346,0.0,100.0,[ 18 202  13],[  0 220   0],28.583211855912904,0.0,100.0,[  7  10 236],[  0   0 220],20.12461179749811,0.0,100.0
13,54,[237  19   0],[220   0   0],25.495097567963924,0.0,100.0,[ 14 227  10],[  0 220   0],18.57417562100671,0.0,100.0,[ 17  11 222],[  0   0 220],20.346989949375804,0.0,100.0
13,55,[218   6  11],[220   0   0],12.68857754044952,0.0,100.0,[ 11 225  12],[  0 220   0],17.029386365926403,0.0,100.0,[ 16  18 235],[  0   0 220],28.372521918222215,0.0,100.0
13,56,[215   5   3],[220   0   0],7.681145747868608,0.0,100.0,[  6 217  15],[  0 220   0],16.431676725154983,0.0,100.0,[ 19   5 237],[  0   0 220],25.98076211353316,0.0,100.0
13,57,[204   0  17],[220   0   0],23.345235059857504,0.0,100.0,[  8 206   2],[  0 220   0],16.24807680927192,0.0,100.0,[ 17  10 219],[  0   0 220],19.748417658131498,0.0,100.0
13,58,[213   7   0],[220   0   0],9.899494936611665,0.0,100.0,[ 11 233  16],[  0 220   0],23.366642891095847,0.0,100.0,[ 19   2 214],[  0   0 220],20.024984394500787,0.0,100.0
13,59,[230  13   2],[220   0   0],16.522711641858304,0.0,100.0,[  2 233   8],[  0 220   0],15.394804318340652,0.0,100.0,[ 14   6 228],[  0   0 220],17.204650534085253,0.0,100.0
13,60,[210  11  14],[220   0   0],20.42057785666214,0.0,100.0,[  7 213  14],[  0 220   0],17.146428199482248,0.0,100.0,[  9   8 201],[  0   0 220],22.494443758403985,0.0,100.0
13,61,[239  16  19],[220   0   0],31.272991542223778,0.0,100.0,[  2 235  15],[  0 220   0],21.307275752662516,0.0,100.0,[ 13  12 229],[  0   0 220],19.849433241279208,0.0,100.0
13,62,[212  15  15],[220   0   0],22.67156809750927,0.0,100.0,[  1 230  10],[  0 220   0],14.177446878757825,0.0,100.0,[ 17  14 228],[  0   0 220],23.430749027719962,0.0,100.0
13,63,[231   1   7],[220   0   0],13.076696830622021,0.0,100.0,[  7 236  12],[  0 220   0],21.18962010041709,0.0,100.0,[  6  18 213],[  0   0 220],20.223748416156685,0.0,100.0
14,0,[234   3   3],[220   0   0],14.628738838327793,0.0,100.0,[  0 236   7],[  0 220   0],17.46424919657298,0.0,100.0,[ 13   4 202],[  0   0 220],22.561028345356956,0.0,100.0
14,1,[206  14   5],[220   0   0],20.42057785666214,0.0,100.0,[  7 225   7],[  0 220   0],11.090536506409418,0.0,100.0,[  4   8 219],[  0   0 220],9.0,0.0,100.0
14,2,[200  11   6],[220   0   0],23.600847442411894,0.0,100.0,[ 14 215   7],[  0 220   0],16.431676725154983,0.0,100.0,[  0  14 208],[  0   0 220],18.439088914585774,0.0,100.0
14,3,[216   7   1],[220   0   0],8.12403840463596,0.0,100.0,[  3 231   7],[  0 220   0],13.379088160259652,0.0,100.0,[  8   5 205],[  0   0 220],17.72004514666935,0.0,100.0
14,4,[213  14  18],[220   0   0],23.853720883753127,0.0,100.0,[ 18 220   0],[  0 220   0],18.0,0.0,100.0,[ 10  14 200],[  0   0 220],26.38181191654584,0.0,100.0
14,5,[232  17  19],[220   0   0],28.178005607210743,0.0,100.0,[ 16 234  10],[  0 220   0],23.49468024894146,0.0,100.0,[ 14  19 214],[  0   0 220],24.351591323771842,0.0,100.0
14,6,[211   3  13],[220   0   0],16.09347693943108,0.0,100.0,[ 17 201  15],[  0 220   0],29.58039891549808,0.0,100.0,[ 13  14 223],[  0   0 220],19.339079605813716,0.0,100.0
14,7,[232   1   9],[220   0   0],15.033296378372908,0.0,100.0,[ 15 205  14],[  0 220   0],25.41653005427767,0.0,100.0,[ 12  18 235],[  0   0 220],26.324893162176366,0.0,100.0
14,8,[234   4  11],[220   0   0],18.24828759089466,0.0,100.0,[ 14 230   6],[  0 220   0],18.2208671582886,0.0,100.0,[  8   0 215],[  0   0 220],9.433981132056603,0.0,100.0
14,9,[237   6   5],[220   0   0],18.708286933869708,0.0,100.0,[  7 230  12],[  0 220   0],17.11724276862369,0.0,100.0,[  1  18 218],[  0   0 220],18.138357147217054,0.0,100.0
14,10,[201  15  17],[220   0   0],29.58039891549808,0.0,100.0,[  6 210  13],[  0 220   0],17.46424919657298,0.0,100.0,[  7  10 220],[  0   0 220],12.206555615733702,0.0,100.0
14,11,[225  15   8],[220   0   0],17.72004514666935,0.0,100.0,[  7 204  12],[  0 220   0],21.18962010041709,0.0,100.0,[  7  11 234],[  0   0 220],19.131126469708992,0.0,100.0
14,12,[218  19  12],[220   0   0],22.561028345356956,0.0,100.0,[  9 205   6],[  0 220   0],18.49324200890693,0.0,100.0,[  7   8 220],[  0   0 220],10.63014581273465,0.0,100.0
14,13,[221  12  19],[220   0   0],22.494443758403985,0.0,100.0,[  7 207  16],[  0 220   0],21.77154105707724,0.0,100.0,[  4  12 235],[  0   0 220],19.621416870348583,0.0,100.0
14,14,[227   7   4],[220   0   0],10.677078252031311,0.0,100.0,[ 10 228  12],[  0 220   0],17.549928774784245,0.0,100.0,[ 13   2 210],[  0   0 220],16.522711641858304,0.0,100.0
14,15,[206  15   2],[220   0   0],20.615528128088304,0.0,100.0,[ 18 227   2],[  0 220   0],19.4164878389476,0.0,100.0,[  2  14 212],[  0   0 220],16.24807680927192,0.0,100.0
14,16,[205  13  19],[220   0   0],27.477263328068172,0.0,100.0,[  1 233  16],[  0 220   0],20.639767440550294,0.0,100.0,[ 10   7 201],[  0   0 220],22.58317958127243,0.0,100.0
14,17,[208   6  14],[220   0   0],19.390719429665317,0.0,100.0,[  5 222   6],[  0 220   0],8.06225774829855,0.0,100.0,[ 10   9 228],[  0   0 220],15.652475842498529,0.0,100.0
14,18,[224   1  15],[220   0   0],15.556349186104045,0.0,100.0,[ 10 210  19],[  0 220   0],23.68543856465402,0.0,100.0,[ 13   0 221],[  0   0 220],13.038404810405298,0.0,100.0
14,19,[216   2   7],[220   0   0],8.306623862918075,0.0,100.0,[ 18 232  14],[  0 220   0],25.768197453450252,0.0,100.0,[  6   4 237],[  0   0 220],18.466185312619388,0.0,100.0
14,20,[229  13   2],[220   0   0],15.937377450509228,0.0,100.0,[ 18 206   4],[  0 220   0],23.15167380558045,0.0,100.0,[  7  16 215],[  0   0 220],18.16590212458495,0.0,100.0
14,21,[235  13   6],[220   0   0],20.73644135332772,0.0,100.0,[ 16 227  17],[  0 220   0],24.372115213907882,0.0,100.0,[ 12   1 202],[  0   0 220],21.656407827707714,0.0,100.0
14,22,[238   1   4],[220   0   0],18.466185312619388,0.0,100.0,[  8 205   1],[  0 220   0],17.029386365926403,0.0,100.0,[ 11   0 232],[  0   0 220],16.278820596099706,0.0,100.0
14,23,[210  18   1],[220   0   0],20.615528128088304,0.0,100.0,[  5 235  11],[  0 220   0],19.261360284258224,0.0,100.0,[ 19   1 236],[  0   0 220],24.859605789312106,0.0,100.0
14,24,[211   0  15],[220   0   0],17.4928556845359,0.0,100.0,[  0 219   1],[  0 220   0],1.4142135623730951,0.0,100.0,[ 19  10 237],[  0   0 220],27.386127875258307,0.0,100.0
14,25,[232   2  16],[220   0   0],20.09975124224178,0.0,100.0,[ 15 234  11],[  0 220   0],23.280893453645632,0.0,100.0,[ 18   7 229],[  0   0 220],21.307275752662516,0.0,100.0
14,26,[229   1  19],[220   0   0],21.047565179849187,0.0,100.0,[ 10 236   1],[  0 220   0],18.894443627691185,0.0,100.0,[  8  16 213],[  0   0 220],19.209372712298546,0.0,100.0
14,27,[234   4  12],[220   0   0],18.867962264113206,0.0,100.0,[  7 200   9],[  0 220   0],23.021728866442675,0.0,100.0,[ 13  16 216],[  0   0 220],21.0,0.0,100.0
14,28,[232  12  19],[220   0   0],25.475478405713993,0.0,100.0,[ 13 222   1],[  0 220   0],13.19090595827292,0.0,100.0,[  0   3 218],[  0   0 220],3.605551275463989,0.0,100.0
14,29,[239  18   7],[220   0   0],27.09243436828813,0.0,100.0,[  8 237  16],[  0 220   0],24.677925358506133,0.0,100.0,[ 15   4 218],[  0   0 220],15.652475842498529,0.0,100.0
14,30,[227   6  16],[220   0   0],18.466185312619388,0.0,100.0,[  0 232  13],[  0 220   0],17.69180601295413,0.0,100.0,[ 13  10 209],[  0   0 220],19.748417658131498,0.0,100.0
14,31,[214   7  17],[220   0   0],19.339079605813716,0.0,100.0,[ 14 236  12],[  0 220   0],24.413111231467404,0.0,100.0,[ 15   8 227],[  0   0 220],18.384776310850235,0.0,100.0
14,32,[210  10   3],[220   0   0],14.45683229480096,0.0,100.0,[ 16 202  17],[  0 220   0],29.478805945967352,0.0,100.0,[  9   3 234],[  0   0 220],16.911534525287763,0.0,100.0
14,33,[231   4   7],[220   0   0],13.638181696985855,0.0,100.0,[ 13 226  14],[  0 220   0],20.024984394500787,0.0,100.0,[  3   1 200],[  0   0 220],20.248456731316587,0.0,100.0
14,34,[238   9  10],[220   0   0],22.47220505424423,0.0,100.0,[ 14 227   6],[  0 220   0],16.76305461424021,0.0,100.0,[ 14   1 204],[  0   0 220],21.283796653792763,0.0,100.0
14,35,[218  19   8],[220   0   0],20.71231517720798,0.0,100.0,[  8 212  10],[  0 220   0],15.0996688705415,0.0,100.0,[  8  14 231],[  0   0 220],19.519221295943137,0.0,100.0
14,36,[217  11  11],[220   0   0],15.84297951775486,0.0,100.0,[  5 234   5],[  0 220   0],15.684387141358123,0.0,100.0,[  2   4 210],[  0   0 220],10.954451150103322,0.0,100.0
14,37,[208   1   7],[220   0   0],13.92838827718412,0.0,100.0,[ 10 202  10],[  0 220   0],22.891046284519195,0.0,100.0,[  5  15 200],[  0   0 220],25.495097567963924,0.0,100.0
14,38,[214   9   2],[220   0   0],11.0,0.0,100.0,[  6 238  17],[  0 220   0],25.475478405713993,0.0,100.0,[ 15  10 225],[  0   0 220],18.708286933869708,0.0,100.0
14,39,[235   4   3],[220   0   0],15.811388300841896,0.0,100.0,[  9 234   7],[  0 220   0],18.05547008526779,0.0,100.0,[  7   4 215],[  0   0 220],9.486832980505138,0.0,100.0
14,40,[239   7  14],[220   0   0],24.61706725018234,0.0,100.0,[  0 228   6],[  0 220   0],10.0,0.0,100.0,[  3   5 202],[  0   0 220],18.920887928424502,0.0,100.0
14,41,[225   8   3],[220   0   0],9.899494936611665,0.0,100.0,[  2 208  19],[  0 220   0],22.561028345356956,0.0,100.0,[ 18  16 217],[  0   0 220],24.269322199023193,0.0,100.0
14,42,[219  15  19],[220   0   0],24.228082879171435,0.0,100.0,[  9 224   4],[  0 220   0],10.63014581273465,0.0,100.0,[ 11   7 206],[  0   0 220],19.131126469708992,0.0,100.0
14,43,[239   1   1],[220   0   0],19.05255888325765,0.0,100.0,[  0 208   6],[  0 220   0],13.416407864998739,0.0,100.0,[  5  18 232],[  0   0 220],22.20360331117452,0.0,100.0
14,44,[204   5  11],[220   0   0],20.049937655763422,0.0,100.0,[  7 235   2],[  0 220   0],16.673332000533065,0.0,100.0,[  6   0 217],[  0   0 220],6.708203932499369,0.0,100.0
14,45,[219  15   5],[220   0   0],15.84297951775486,0.0,100.0,[  8 221  19],[  0 220   0],20.639767440550294,0.0,100.0,[  7  13 211],[  0   0 220],17.291616465790582,0.0,100.0
14,46,[236   5   0],[220   0   0],16.76305461424021,0.0,100.0,[ 12 235  15],[  0 220   0],24.372115213907882,0.0,100.0,[  6  11 239],[  0   0 220],22.759613353482084,0.0,100.0
14,47,[233  13   2],[220   0   0],18.49324200890693,0.0,100.0,[  3 214   9],[  0 220   0],11.224972160321824,0.0,100.0,[  8   0 231],[  0   0 220],13.601470508735444,0.0,100.0
14,48,[233   2   8],[220   0   0],15.394804318340652,0.0,100.0,[  7 208  13],[  0 220   0],19.026297590440446,0.0,100.0,[ 16  14 202],[  0   0 220],27.85677655436824,0.0,100.0
14,49,[238   0  14],[220   0   0],22.80350850198276,0.0,100.0,[  3 209   9],[  0 220   0],14.52583904633395,0.0,100.0,[ 15  14 202],[  0   0 220],27.294688127912362,0.0,100.0
14,50,[237   8   2],[220   0   0],18.894443627691185,0.0,100.0,[  2 211   1],[  0 220   0],9.273618495495704,0.0,100.0,[ 11   1 229],[  0   0 220],14.247806848775006,0.0,100.0
14,51,[221   5   7],[220   0   0],8.660254037844387,0.0,100.0,[  2 201   1],[  0 220   0],19.131126469708992,0.0,100.0,[  8  11 224],[  0   0 220],14.177446878757825,0.0,100.0
14,52,[216   4  15],[220   0   0],16.0312195418814,0.0,100.0,[ 10 222   1],[  0 220   0],10.246950765959598,0.0,100.0,[  1   3 211],[  0   0 220],9.539392014169456,0.0,100.0
14,53,[206   9   7],[220   0   0],18.05547008526779,0.0,100.0,[ 18 229   6],[  0 220   0],21.0,0.0,100.0,[  4   8 230],[  0   0 220],13.416407864998739,0.0,100.0
14,54,[202  13  11],[220   0   0],24.779023386727733,0.0,100.0,[  7 202   9],[  0 220   0],21.307275752662516,0.0,100.0,[  4  13 227],[  0   0 220],15.297058540778355,0.0,100.0
14,55,[214  15  18],[220   0   0],24.186773244895647,0.0,100.0,[ 18 233   1],[  0 220   0],22.22611077089287,0.0,100.0,[  4  10 212],[  0   0 220],13.416407864998739,0.0,100.0
14,56,[234   3  19],[220   0   0],23.790754506740637,0.0,100.0,[  1 236   7],[  0 220   0],17.4928556845359,0.0,100.0,[ 19   3 204],[  0   0 220],25.019992006393608,0.0,100.0
14,57,[231   3   7],[220   0   0],13.379088160259652,0.0,100.0,[ 17 235   4],[  0 220   0],23.021728866442675,0.0,100.0,[  3   7 210],[  0   0 220],12.569805089976535,0.0,100.0
14,58,[218   0   4],[220   0   0],4.47213595499958,0.0,100.0,[ 17 230  16],[  0 220   0],25.39685019840059,0.0,100.0,[ 14   0 239],[  0   0 220],23.600847442411894,0.0,100.0
14,59,[222  13   5],[220   0   0],14.071247279470288,0.0,100.0,[  2 206  17],[  0 220   0],22.11334438749598,0.0,100.0,[  9   2 218],[  0   0 220],9.433981132056603,0.0,100.0
14,60,[233   0  12],[220   0   0],17.69180601295413,0.0,100.0,[ 16 236  19],[  0 220   0],29.546573405388315,0.0,100.0,[  1  11 216],[  0   0 220],11.74734012447073,0.0,100.0
14,61,[226  14  14],[220   0   0],20.688160865577203,0.0,100.0,[  9 238   8],[  0 220   0],21.656407827707714,0.0,100.0,[ 17   5 205],[  0   0 220],23.2163735324878,0.0,100.0
14,62,[219   6  16],[220   0   0],17.11724276862369,0.0,100.0,[ 18 217  13],[  0 220   0],22.40535650240808,0.0,100.0,[ 16  13 215],[  0   0 220],21.213203435596427,0.0,100.0
14,63,[225   2  19],[220   0   0],19.748417658131498,0.0,100.0,[ 10 232   3],[  0 220   0],15.905973720586866,0.0,100.0,[ 14   8 228],[  0   0 220],18.0,0.0,100.0
15,0,[223   6   5],[220   0   0],8.366600265340756,0.0,100.0,[ 11 206   1],[  0 220   0],17.832554500127006,0.0,100.0,[  5  13 208],[  0   0 220],18.384776310850235,0.0,100.0
15,1,[217  16   7],[220   0   0],17.72004514666935,0.0,100.0,[ 15 221   7],[  0 220   0],16.583123951777,0.0,100.0,[ 19   3 237],[  0   0 220],25.67099530598687,0.0,100.0
15,2,[232  12  15],[220   0   0],22.64950330581225,0.0,100.0,[ 10 218  16],[  0 220   0],18.973665961010276,0.0,100.0,[ 11   2 217],[  0   0 220],11.575836902790225,0.0,100.0
15,3,[218  19   0],[220   0   0],19.1049731745428,0.0,100.0,[  6 223  12],[  0 220   0],13.74772708486752,0.0,100.0,[ 12   0 223],[  0   0 220],12.36931687685298,0.0,100.0
15,4,[228  13   8],[220   0   0],17.233687939614086,0.0,100.0,[  0 203   3],[  0 220   0],17.26267650163207,0.0,100.0,[ 17   4 208],[  0   0 220],21.18962010041709,0.0,100.0
15,5,[225   0  17],[220   0   0],17.72004514666935,0.0,100.0,[ 18 208   3],[  0 220   0],21.840329667841555,0.0,100.0,[  3  11 219],[  0   0 220],11.445523142259598,0.0,100.0
15,6,[238   3   5],[220   0   0],18.920887928424502,0.0,100.0,[  5 232   1],[  0 220   0],13.038404810405298,0.0,100.0,[ 19   3 229],[  0   0 220],21.236760581595302,0.0,100.0
15,7,[221   0  16],[220   0   0],16.0312195418814,0.0,100.0,[  3 201   6],[  0 220   0],20.149441679609886,0.0,100.0,[  9  10 222],[  0   0 220],13.601470508735444,0.0,100.0
15,8,[227  19   9],[220   0   0],22.15851980616034,0.0,100.0,[ 12 236   0],[  0 220   0],20.0,0.0,100.0,[ 15  11 231],[  0   0 220],21.61018278497431,0.0,100.0
15,9,[229   4  12],[220   0   0],15.524174696260024,0.0,100.0,[ 15 222   9],[  0 220   0],17.60681686165901,0.0,100.0,[  8  11 226],[  0   0 220],14.866068747318506,0.0,100.0
15,10,[206  13   9],[220   0   0],21.118712081942874,0.0,100.0,[ 11 207   2],[  0 220   0],17.146428199482248,0.0,100.0,[ 12  13 234],[  0   0 220],22.561028345356956,0.0,100.0
15,11,[222  10   2],[220   0   0],10.392304845413264,0.0,100.0,[ 15 201  11],[  0 220   0],26.589471600616662,0.0,100.0,[  8   9 202],[  0   0 220],21.656407827707714,0.0,100.0
15,12,[203   9   2],[220   0   0],19.339079605813716,0.0,100.0,[  8 205   9],[  0 220   0],19.235384061671343,0.0,100.0,[  7   8 216],[  0   0 220],11.357816691600547,0.0,100.0
15,13,[229   9   8],[220   0   0],15.033296378372908,0.0,100.0,[ 12 208  17],[  0 220   0],24.020824298928627,0.0,100.0,[ 12  16 223],[  0   0 220],20.223748416156685,0.0,100.0
15,14,[211   0   9],[220   0   0],12.727922061357855,0.0,100.0,[  9 224  16],[  0 220   0],18.788294228055936,0.0,100.0,[ 18  19 230],[  0   0 220],28.0178514522438,0.0,100.0
15,15,[206  19  17],[220   0   0],29.086079144497972,0.0,100.0,[ 17 234   9],[  0 220   0],23.790754506740637,0.0,100.0,[ 16  12 220],[  0   0 220],20.0,0.0,100.0
15,16,[200   7   4],[220   0   0],21.563858652847824,0.0,100.0,[ 19 220   1],[  0 220   0],19.026297590440446,0.0,100.0,[  0  11 212],[  0   0 220],13.601470508735444,0.0,100.0
15,17,[200  15   2],[220   0   0],25.079872407968907,0.0,100.0,[ 15 214   6],[  0 220   0],17.233687939614086,0.0,100.0,[ 14   2 235],[  0   0 220],20.615528128088304,0.0,100.0
15,18,[236   0   0],[220   0   0],16.0,0.0,100.0,[  3 202  10],[  0 220   0],20.808652046684813,0.0,100.0,[  8  11 235],[  0   0 220],20.248456731316587,0.0,100.0
15,19,[200  12  19],[220   0   0],30.083217912982647,0.0,100.0,[  5 211  14],[  0 220   0],17.378147196982766,0.0,100.0,[  2  19 222],[  0   0 220],19.209372712298546,0.0,100.0
15,20,[233  17  10],[220   0   0],23.62202362203543,0.0,100.0,[  9 226  12],[  0 220   0],16.15549442140351,0.0,100.0,[  0  12 200],[  0   0 220],23.323807579381203,0.0,100.0
15,21,[204  14   0],[220   0   0],21.2602916254693,0.0,100.0,[  0 227   8],[  0 220   0],10.63014581273465,0.0,100.0,[ 15  13 227],[  0   0 220],21.047565179849187,0.0,100.0
15,22,[210   7   9],[220   0   0],15.165750888103101,0.0,100.0,[ 19 213  18],[  0 220   0],27.09243436828813,0.0,100.0,[ 12   4 233],[  0   0 220],18.138357147217054,0.0,100.0
15,23,[200  18  17],[220   0   0],31.827660925679098,0.0,100.0,[  0 230  17],[  0 220   0],19.72308292331602,0.0,100.0,[ 17  12 202],[  0   0 220],27.51363298439521,0.0,100.0
15,24,[208   1  13],[220   0   0],17.72004514666935,0.0,100.0,[  0 227  12],[  0 220   0],13.892443989449804,0.0,100.0,[ 10  15 226],[  0   0 220],19.0,0.0,100.0
15,25,[223   1  18],[220   0   0],18.275666882497067,0.0,100.0,[ 12 237  16],[  0 220   0],26.248809496813376,0.0,100.0,[ 11  12 228],[  0   0 220],18.138357147217054,0.0,100.0
15,26,[215   5   7],[220   0   0],9.9498743710662,0.0,100.0,[  8 236   7],[  0 220   0],19.209372712298546,0.0,100.0,[  0  15 233],[  0   0 220],19.849433241279208,0.0,100.0
15,27,[228   5  10],[220   0   0],13.74772708486752,0.0,100.0,[  9 208  12],[  0 220   0],19.209372712298546,0.0,100.0,[ 10   7 217],[  0   0 220],12.569805089976535,0.0,100.0
15,28,[212   4   5],[220   0   0],10.246950765959598,0.0,100.0,[ 18 209   4],[  0 220   0],21.470910553583888,0.0,100.0,[  1  11 239],[  0   0 220],21.97726097583591,0.0,100.0
15,29,[228   8   3],[220   0   0],11.704699910719626,0.0,100.0,[ 15 232   7],[  0 220   0],20.445048300260872,0.0,100.0,[ 13  17 206],[  0   0 220],25.573423705088842,0.0,100.0
15,30,[203   6   8],[220   0   0],19.72308292331602,0.0,100.0,[ 17 216  11],[  0 220   0],20.639767440550294,0.0,100.0,[  4  12 226],[  0   0 220],14.0,0.0,100.0
15,31,[202   1   4],[220   0   0],18.466185312619388,0.0,100.0,[  8 209   8],[  0 220   0],15.7797338380595,0.0,100.0,[  0   6 202],[  0   0 220],18.973665961010276,0.0,100.0
15,32,[221   8   5],[220   0   0],9.486832980505138,0.0,100.0,[ 18 228  13],[  0 220   0],23.600847442411894,0.0,100.0,[ 14   5 223],[  0   0 220],15.165750888103101,0.0,100.0
15,33,[205   1  15],[220   0   0],21.236760581595302,0.0,100.0,[  0 223  14],[  0 220   0],14.317821063276353,0.0,100.0,[ 14   6 225],[  0   0 220],16.0312195418814,0.0,100.0
15,34,[227   8  18],[220   0   0],20.904544960366874,0.0,100.0,[ 13 201  17],[  0 220   0],28.61817604250837,0.0,100.0,[  9  19 215],[  0   0 220],21.61018278497431,0.0,100.0
15,35,[212   3  13],[220   0   0],15.556349186104045,0.0,100.0,[ 13 212   8],[  0 220   0],17.233687939614086,0.0,100.0,[  5   0 229],[  0   0 220],10.295630140987,0.0,100.0
15,36,[218   7  15],[220   0   0],16.673332000533065,0.0,100.0,[  0 208   2],[  0 220   0],12.165525060596439,0.0,100.0,[  2   1 214],[  0   0 220],6.4031242374328485,0.0,100.0
15,37,[230   5   2],[220   0   0],11.357816691600547,0.0,100.0,[ 11 201   9],[  0 220   0],23.727621035409346,0.0,100.0,[  1  10 218],[  0   0 220],10.246950765959598,0.0,100.0
15,38,[215   2   5],[220   0   0],7.3484692283495345,0.0,100.0,[ 11 215  13],[  0 220   0],17.74823934929885,0.0,100.0,[  9  16 238],[  0   0 220],25.709920264364882,0.0,100.0
15,39,[222  15  12],[220   0   0],19.313207915827967,0.0,100.0,[  2 236   5],[  0 220   0],16.881943016134134,0.0,100.0,[ 19  10 206],[  0   0 220],25.632011235952593,0.0,100.0
15,40,[239   7   7],[220   0   0],21.42428528562855,0.0,100.0,[ 18 227   9],[  0 220   0],21.307275752662516,0.0,100.0,[ 16  15 210],[  0   0 220],24.1039415863879,0.0,100.0
15,41,[202   1   2],[220   0   0],18.138357147217054,0.0,100.0,[  4 220  11],[  0 220   0],11.704699910719626,0.0,100.0,[ 18  19 206],[  0   0 220],29.68164415931166,0.0,100.0
15,42,[231  18   6],[220   0   0],21.93171219946131,0.0,100.0,[ 11 226  10],[  0 220   0],16.0312195418814,0.0,100.0,[ 13  13 203],[  0   0 220],25.03996805109783,0.0,100.0
15,43,[221  14   4],[220   0   0],14.594519519326424,0.0,100.0,[ 18 224   9],[  0 220   0],20.518284528683193,0.0,100.0,[  7  15 209],[  0   0 220],19.87460691435179,0.0,100.0
15,44,[213  11  10],[220   0   0],16.431676725154983,0.0,100.0,[  3 218  18],[  0 220   0],18.35755975068582,0.0,100.0,[ 16   3 220],[  0   0 220],16.278820596099706,0.0,100.0
15,45,[231  18   0],[220   0   0],21.095023109728988,0.0,100.0,[  9 218   4],[  0 220   0],10.04987562112089,0.0,100.0,[ 16   1 215],[  0   0 220],16.792855623746664,0.0,100.0
15,46,[226  12   5],[220   0   0],14.317821063276353,0.0,100.0,[ 11 208   1],[  0 220   0],16.30950643030009,0.0,100.0,[ 12   3 224],[  0   0 220],13.0,0.0,100.0
15,47,[213   0   9],[220   0   0],11.40175425099138,0.0,100.0,[  7 216   1],[  0 220   0],8.12403840463596,0.0,100.0,[  8  18 213],[  0   0 220],20.904544960366874,0.0,100.0
15,48,[220   5  18],[220   0   0],18.681541692269406,0.0,100.0,[  8 202   1],[  0 220   0],19.72308292331602,0.0,100.0,[  9  11 230],[  0   0 220],17.378147196982766,0.0,100.0
15,49,[227   4   3],[220   0   0],8.602325267042627,0.0,100.0,[ 13 211   6],[  0 220   0],16.911534525287763,0.0,100.0,[ 17  10 232],[  0   0 220],23.08679276123039,0.0,100.0
15,50,[239   7   3],[220   0   0],20.46948949045872,0.0,100.0,[  1 206  12],[  0 220   0],18.466185312619388,0.0,100.0,[ 17   8 200],[  0   0 220],27.440845468024488,0.0,100.0
15,51,[224  17   7],[220   0   0],18.81488772222678,0.0,100.0,[ 14 213   8],[  0 220   0],17.578395831246947,0.0,100.0,[  5   1 208],[  0   0 220],13.038404810405298,0.0,100.0
15,52,[216  14  15],[220   0   0],20.904544960366874,0.0,100.0,[  1 218   0],[  0 220   0],2.23606797749979,0.0,100.0,[  5   5 205],[  0   0 220],16.583123951777,0.0,100.0
15,53,[223  13   8],[220   0   0],15.556349186104045,0.0,100.0,[ 16 224   6],[  0 220   0],17.549928774784245,0.0,100.0,[  1   0 208],[  0   0 220],12.041594578792296,0.0,100.0
15,54,[212  15   9],[220   0   0],19.235384061671343,0.0,100.0,[  5 236  16],[  0 220   0],23.173260452512935,0.0,100.0,[ 15  16 230],[  0   0 220],24.1039415863879,0.0,100.0
15,55,[209  12   2],[220   0   0],16.401219466856727,0.0,100.0,[  1 223  18],[  0 220   0],18.275666882497067,0.0,100.0,[ 13  12 220],[  0   0 220],17.69180601295413,0.0,100.0
15,56,[228   3   2],[220   0   0],8.774964387392123,0.0,100.0,[ 16 235  13],[  0 220   0],25.495097567963924,0.0,100.0,[  9   5 215],[  0   0 220],11.445523142259598,0.0,100.0
15,57,[219   5   3],[220   0   0],5.916079783099616,0.0,100.0,[  0 218  17],[  0 220   0],17.11724276862369,0.0,100.0,[ 10  10 200],[  0   0 220],24.49489742783178,0.0,100.0
15,58,[220   7   4],[220   0   0],8.06225774829855,0.0,100.0,[  1 205   1],[  0 220   0],15.066519173319364,0.0,100.0,[  0  13 212],[  0   0 220],15.264337522473747,0.0,100.0
15,59,[215  11  19],[220   0   0],22.516660498395403,0.0,100.0,[  8 209   3],[  0 220   0],13.92838827718412,0.0,100.0,[ 17   1 236],[  0   0 220],23.366642891095847,0.0,100.0
15,60,[214  16  13],[220   0   0],21.470910553583888,0.0,100.0,[  9 203   8],[  0 220   0],20.83266665599966,0.0,100.0,[ 11   6 211],[  0   0 220],15.427248620541512,0.0,100.0
15,61,[215   8   7],[220   0   0],11.74734012447073,0.0,100.0,[ 17 221  16],[  0 220   0],23.366642891095847,0.0,100.0,[ 14   6 233],[  0   0 220],20.024984394500787,0.0,100.0
15,62,[204   0  18],[220   0   0],24.08318915758459,0.0,100.0,[  2 215  16],[  0 220   0],16.881943016134134,0.0,100.0,[ 15   0 236],[  0   0 220],21.93171219946131,0.0,100.0
15,63,[226   2   0],[220   0   0],6.324555320336759,0.0,100.0,[  2 222  19],[  0 220   0],19.209372712298546,0.0,100.0,[ 17  16 231],[  0   0 220],25.80697580112788,0.0,100.0
16,0,[215   6  10],[220   0   0],12.68857754044952,0.0,100.0,[ 15 222   2],[  0 220   0],15.264337522473747,0.0,100.0,[ 12  11 221],[  0   0 220],16.30950643030009,0.0,100.0
16,1,[215  19   0],[220   0   0],19.6468827043885,0.0,100.0,[ 11 204   3],[  0 220   0],19.6468827043885,0.0,100.0,[ 18  10 213],[  0   0 220],21.748563170931547,0.0,100.0
16,2,[222  12   7],[220   0   0],14.035668847618199,0.0,100.0,[ 13 232   1],[  0 220   0],17.72004514666935,0.0,100.0,[ 13  13 208],[  0   0 220],21.95449840010015,0.0,100.0
16,3,[208  13  14],[220   0   0],22.561028345356956,0.0,100.0,[  4 226   9],[  0 220   0],11.532562594670797,0.0,100.0,[ 17   4 226],[  0   0 220],18.466185312619388,0.0,100.0
16,4,[223  13  11],[220   0   0],17.291616465790582,0.0,100.0,[ 16 238   2],[  0 220   0],24.166091947189145,0.0,100.0,[  7  11 223],[  0   0 220],13.379088160259652,0.0,100.0
16,5,[219   2   4],[220   0   0],4.58257569495584,0.0,100.0,[ 17 204  17],[  0 220   0],28.879058156387302,0.0,100.0,[ 11   2 226],[  0   0 220],12.68857754044952,0.0,100.0
16,6,[202   6  10],[220   0   0],21.447610589527216,0.0,100.0,[  4 224  17],[  0 220   0],17.916472867168917,0.0,100.0,[ 19   3 208],[  0   0 220],22.67156809750927,0.0,100.0
16,7,[238  14   8],[220   0   0],24.166091947189145,0.0,100.0,[ 11 230  10],[  0 220   0],17.916472867168917,0.0,100.0,[ 13   3 206],[  0   0 220],19.339079605813716,0.0,100.0
16,8,[227   4   7],[220   0   0],10.677078252031311,0.0,100.0,[ 13 227   0],[  0 220   0],14.7648230602334,0.0,100.0,[  3  17 216],[  0   0 220],17.72004514666935,0.0,100.0
16,9,[230  17   2],[220   0   0],19.82422760159901,0.0,100.0,[ 18 209   3],[  0 220   0],21.307275752662516,0.0,100.0,[ 18  14 208],[  0   0 220],25.768197453450252,0.0,100.0
16,10,[228   7  14],[220   0   0],17.578395831246947,0.0,100.0,[ 18 230   0],[  0 220   0],20.591260281974,0.0,100.0,[ 15   2 213],[  0   0 220],16.673332000533065,0.0,100.0
16,11,[239   6   3],[220   0   0],20.149441679609886,0.0,100.0,[ 19 236  19],[  0 220   0],31.272991542223778,0.0,100.0,[ 15   6 226],[  0   0 220],17.233687939614086,0.0,100.0
16,12,[227   3   4],[220   0   0],8.602325267042627,0.0,100.0,[ 14 202   4],[  0 220   0],23.15167380558045,0.0,100.0,[  2  14 213],[  0   0 220],15.7797338380595,0.0,100.0
16,13,[209  10   4],[220   0   0],15.394804318340652,0.0,100.0,[ 13 204   4],[  0 220   0],21.0,0.0,100.0,[  5   2 209],[  0   0 220],12.24744871391589,0.0,100.0
16,14,[207  17  13],[220   0   0],25.03996805109783,0.0,100.0,[ 16 211   2],[  0 220   0],18.466185312619388,0.0,100.0,[ 18   0 205],[  0   0 220],23.430749027719962,0.0,100.0
16,15,[222   7   4],[220   0   0],8.306623862918075,0.0,100.0,[ 12 204   0],[  0 220   0],20.0,0.0,100.0,[  7   6 236],[  0   0 220],18.466185312619388,0.0,100.0
16,16,[220  15   1],[220   0   0],15.033296378372908,0.0,100.0,[  9 206   8],[  0 220   0],18.466185312619388,0.0,100.0,[ 13  11 238],[  0   0 220],24.779023386727733,0.0,100.0
16,17,[203   2  19],[220   0   0],25.573423705088842,0.0,100.0,[ 12 225  13],[  0 220   0],18.384776310850235,0.0,100.0,[ 19  16 208],[  0   0 220],27.586228448267445,0.0,100.0
16,18,[211   6  16],[220   0   0],19.313207915827967,0.0,100.0,[ 16 217   4],[  0 220   0],16.76305461424021,0.0,100.0,[  5  16 238],[  0   0 220],24.596747752497688,0.0,100.0
16,19,[202   5  19],[220   0   0],26.645825188948457,0.0,100.0,[  5 209   4],[  0 220   0],12.727922061357855,0.0,100.0,[ 12   6 219],[  0   0 220],13.45362404707371,0.0,100.0
16,20,[221   7  10],[220   0   0],12.24744871391589,0.0,100.0,[ 14 214  15],[  0 220   0],21.37755832643195,0.0,100.0,[ 12   2 215],[  0   0 220],13.152946437965905,0.0,100.0
16,21,[209   1  15],[220   0   0],18.627936010197157,0.0,100.0,[  8 213  14],[  0 220   0],17.578395831246947,0.0,100.0,[  8  11 237],[  0   0 220],21.77154105707724,0.0,100.0
16,22,[220   0   3],[220   0   0],3.0,0.0,100.0,[  0 223  19],[  0 220   0],19.235384061671343,0.0,100.0,[ 16  12 213],[  0   0 220],21.18962010041709,0.0,100.0
16,23,[228   9  12],[220   0   0],17.0,0.0,100.0,[ 11 209  14],[  0 220   0],20.92844953645635,0.0,100.0,[ 11  18 213],[  0   0 220],22.22611077089287,0.0,100.0
16,24,[213   8   5],[220   0   0],11.74734012447073,0.0,100.0,[ 14 204  15],[  0 220   0],26.019223662515376,0.0,100.0,[ 18   9 232],[  0   0 220],23.430749027719962,0.0,100.0
16,25,[205  13  10],[220   0   0],22.22611077089287,0.0,100.0,[  9 238   2],[  0 220   0],20.223748416156685,0.0,100.0,[ 17  14 209],[  0   0 220],24.61706725018234,0.0,100.0
16,26,[203   1  14],[220   0   0],22.045407685048602,0.0,100.0,[ 19 232  11],[  0 220   0],25.019992006393608,0.0,100.0,[  3  12 213],[  0   0 220],14.212670403551895,0.0,100.0
16,27,[224  18  15],[220   0   0],23.769728648009426,0.0,100.0,[  7 222   0],[  0 220   0],7.280109889280518,0.0,100.0,[  5   0 203],[  0   0 220],17.72004514666935,0.0,100.0
16,28,[229   0   3],[220   0   0],9.486832980505138,0.0,100.0,[  2 213  19],[  0 220   0],20.346989949375804,0.0,100.0,[ 11  19 238],[  0   0 220],28.39013913315678,0.0,100.0
16,29,[238  19  19],[220   0   0],32.341923257592455,0.0,100.0,[  5 238  15],[  0 220   0],23.958297101421877,0.0,100.0,[  0  12 200],[  0   0 220],23.323807579381203,0.0,100.0
16,30,[209   8   3],[220   0   0],13.92838827718412,0.0,100.0,[ 12 239  11],[  0 220   0],25.019992006393608,0.0,100.0,[  1   9 205],[  0   0 220],17.52141546793523,0.0,100.0
16,31,[218   7  15],[220   0   0],16.673332000533065,0.0,100.0,[ 15 237   8],[  0 220   0],24.041630560342615,0.0,100.0,[ 12   9 236],[  0   0 220],21.93171219946131,0.0,100.0
16,32,[220   2   8],[220   0   0],8.246211251235321,0.0,100.0,[ 14 220   4],[  0 220   0],14.560219778561036,0.0,100.0,[ 13   7 235],[  0   0 220],21.047565179849187,0.0,100.0
16,33,[239   5  14],[220   0   0],24.124676163629637,0.0,100.0,[ 11 208   3],[  0 220   0],16.55294535724685,0.0,100.0,[  6  11 218],[  0   0 220],12.68857754044952,0.0,100.0
16,34,[207   7  12],[220   0   0],19.026297590440446,0.0,100.0,[  9 238  13],[  0 220   0],23.958297101421877,0.0,100.0,[  5   4 225],[  0   0 220],8.12403840463596,0.0,100.0
16,35,[212   1  10],[220   0   0],12.84523257866513,0.0,100.0,[ 10 216  15],[  0 220   0],18.466185312619388,0.0,100.0,[  8  10 221],[  0   0 220],12.84523257866513,0.0,100.0
16,36,[203   9  18],[220   0   0],26.343879744638983,0.0,100.0,[ 11 225   6],[  0 220   0],13.490737563232042,0.0,100.0,[  8   4 233],[  0   0 220],15.7797338380595,0.0,100.0
16,37,[216  16  19],[220   0   0],25.15949125081825,0.0,100.0,[ 14 215   1],[  0 220   0],14.89966442575134,0.0,100.0,[ 15  19 239],[  0   0 220],30.773365106858236,0.0,100.0
16,38,[203  15   2],[220   0   0],22.759613353482084,0.0,100.0,[ 10 229   0],[  0 220   0],13.45362404707371,0.0,100.0,[ 16  16 205],[  0   0 220],27.147743920996454,0.0,100.0
16,39,[235  17  11],[220   0   0],25.199206336708304,0.0,100.0,[  8 231   4],[  0 220   0],14.177446878757825,0.0,100.0,[  9  13 239],[  0   0 220],24.71841418861655,0.0,100.0
16,40,[230   4  10],[220   0   0],14.696938456699069,0.0,100.0,[  0 203  15],[  0 220   0],22.67156809750927,0.0,100.0,[ 16  14 204],[  0   0 220],26.60826939130014,0.0,100.0
16,41,[236   7   7],[220   0   0],18.81488772222678,0.0,100.0,[  9 221   4],[  0 220   0],9.899494936611665,0.0,100.0,[  2  13 208],[  0   0 220],17.804493814764857,0.0,100.0
16,42,[219  19  16],[220   0   0],24.859605789312106,0.0,100.0,[  8 213   8],[  0 220   0],13.30413469565007,0.0,100.0,[ 16   2 204],[  0   0 220],22.715633383201094,0.0,100.0
16,43,[210  11   7],[220   0   0],16.431676725154983,0.0,100.0,[ 19 232   3],[  0 220   0],22.67156809750927,0.0,100.0,[ 11  19 201],[  0   0 220],29.03446228191595,0.0,100.0
16,44,[237  13  15],[220   0   0],26.13426869074396,0.0,100.0,[ 11 202  16],[  0 220   0],26.476404589747453,0.0,100.0,[ 16   0 226],[  0   0 220],17.08800749063506,0.0,100.0
16,45,[214  15  15],[220   0   0],22.045407685048602,0.0,100.0,[  4 215   5],[  0 220   0],8.12403840463596,0.0,100.0,[ 13  14 238],[  0   0 220],26.248809496813376,0.0,100.0
16,46,[233   4   9],[220   0   0],16.30950643030009,0.0,100.0,[ 11 224   6],[  0 220   0],13.152946437965905,0.0,100.0,[  3  14 225],[  0   0 220],15.165750888103101,0.0,100.0
16,47,[231  11   8],[220   0   0],17.4928556845359,0.0,100.0,[ 16 212  13],[  0 220   0],22.11334438749598,0.0,100.0,[ 15  10 218],[  0   0 220],18.138357147217054,0.0,100.0
16,48,[216  10  15],[220   0   0],18.466185312619388,0.0,100.0,[  1 223   3],[  0 220   0],4.358898943540674,0.0,100.0,[ 10   6 204],[  0   0 220],19.79898987322333,0.0,100.0
16,49,[202   3  11],[220   0   0],21.307275752662516,0.0,100.0,[  5 236  19],[  0 220   0],25.337718918639855,0.0,100.0,[  4  18 226],[  0   0 220],19.390719429665317,0.0,100.0
16,50,[204  15   1],[220   0   0],21.95449840010015,0.0,100.0,[ 13 202   0],[  0 220   0],22.20360331117452,0.0,100.0,[  8  14 233],[  0   0 220],20.71231517720798,0.0,100.0
16,51,[218   8  14],[220   0   0],16.24807680927192,0.0,100.0,[  1 224  10],[  0 220   0],10.816653826391969,0.0,100.0,[ 19  16 225],[  0   0 220],25.337718918639855,0.0,100.0
16,52,[201   7   2],[220   0   0],20.346989949375804,0.0,100.0,[  5 213  14],[  0 220   0],16.431676725154983,0.0,100.0,[  1  15 214],[  0   0 220],16.186414056238647,0.0,100.0
16,53,[205  17   7],[220   0   0],23.727621035409346,0.0,100.0,[  6 234   0],[  0 220   0],15.231546211727817,0.0,100.0,[ 13   3 200],[  0   0 220],24.041630560342615,0.0,100.0
16,54,[219  15  14],[220   0   0],20.54263858417414,0.0,100.0,[ 14 231  17],[  0 220   0],24.61706725018234,0.0,100.0,[ 19   3 231],[  0   0 220],22.15851980616034,0.0,100.0
16,55,[227  11  16],[220   0   0],20.639767440550294,0.0,100.0,[ 15 227  19],[  0 220   0],25.199206336708304,0.0,100.0,[ 13   3 231],[  0   0 220],17.291616465790582,0.0,100.0
16,56,[220  11   3],[220   0   0],11.40175425099138,0.0,100.0,[ 18 234   9],[  0 220   0],24.515301344262525,0.0,100.0,[  9   3 222],[  0   0 220],9.695359714832659,0.0,100.0
16,57,[230  17  11],[220   0   0],22.58317958127243,0.0,100.0,[  9 235  16],[  0 220   0],23.706539182259394,0.0,100.0,[ 15  18 219],[  0   0 220],23.45207879911715,0.0,100.0
16,58,[204  13  11],[220   0   0],23.366642891095847,0.0,100.0,[  9 204   9],[  0 220   0],20.445048300260872,0.0,100.0,[ 18  14 218],[  0   0 220],22.891046284519195,0.0,100.0
16,59,[236   5   2],[220   0   0],16.881943016134134,0.0,100.0,[ 13 237   1],[  0 220   0],21.42428528562855,0.0,100.0,[ 12  16 210],[  0   0 220],22.360679774997898,0.0,100.0
16,60,[229   8   8],[220   0   0],14.45683229480096,0.0,100.0,[  5 206   6],[  0 220   0],16.0312195418814,0.0,100.0,[ 10  10 209],[  0   0 220],17.916472867168917,0.0,100.0
16,61,[216   7  11],[220   0   0],13.638181696985855,0.0,100.0,[ 10 217   9],[  0 220   0],13.784048752090222,0.0,100.0,[ 11  14 211],[  0   0 220],19.949937343260004,0.0,100.0
16,62,[233  15   5],[220   0   0],20.46948949045872,0.0,100.0,[  7 236   3],[  0 220   0],17.72004514666935,0.0,100.0,[  1   2 202],[  0   0 220],18.138357147217054,0.0,100.0
16,63,[224   5   2],[220   0   0],6.708203932499369,0.0,100.0,[  6 207   6],[  0 220   0],15.524174696260024,0.0,100.0,[ 12  14 202],[  0   0 220],25.768197453450252,0.0,100.0
17,0,[210  10  11],[220   0   0],17.916472867168917,0.0,100.0,[  9 200   1],[  0 220   0],21.95449840010015,0.0,100.0,[  0   0 231],[  0   0 220],11.0,0.0,100.0
17,1,[215   9  15],[220   0   0],18.193405398660254,0.0,100.0,[  3 209  10],[  0 220   0],15.165750888103101,0.0,100.0,[  7  10 214],[  0   0 220],13.601470508735444,0.0,100.0
17,2,[209  13   0],[220   0   0],17.029386365926403,0.0,100.0,[ 19 205  12],[  0 220   0],27.018512172212592,0.0,100.0,[ 16  13 206],[  0   0 220],24.919871588754223,0.0,100.0
17,3,[213   9   3],[220   0   0],11.789826122551595,0.0,100.0,[  4 200  12],[  0 220   0],23.664319132398465,0.0,100.0,[  4  17 215],[  0   0 220],18.16590212458495,0.0,100.0
17,4,[210   4  10],[220   0   0],14.696938456699069,0.0,100.0,[  2 203   9],[  0 220   0],19.339079605813716,0.0,100.0,[ 15   6 213],[  0   0 220],17.60681686165901,0.0,100.0
17,5,[202  12  13],[220   0   0],25.238858928247925,0.0,100.0,[  3 236   9],[  0 220   0],18.601075237738275,0.0,100.0,[  0  10 230],[  0   0 220],14.142135623730951,0.0,100.0
17,6,[220  14   4],[220   0   0],14.560219778561036,0.0,100.0,[  4 208  19],[  0 220   0],22.825424421026653,0.0,100.0,[  2   0 216],[  0   0 220],4.47213595499958,0.0,100.0
17,7,[221  16  15],[220   0   0],21.95449840010015,0.0,100.0,[ 13 223  10],[  0 220   0],16.673332000533065,0.0,100.0,[ 16   0 219],[  0   0 220],16.0312195418814,0.0,100.0
17,8,[208  13  15],[220   0   0],23.194827009486403,0.0,100.0,[ 14 224   8],[  0 220   0],16.61324772583615,0.0,100.0,[ 17   8 225],[  0   0 220],19.44222209522358,0.0,100.0
17,9,[219   1   5],[220   0   0],5.196152422706632,0.0,100.0,[ 12 237   9],[  0 220   0],22.67156809750927,0.0,100.0,[ 15   5 205],[  0   0 220],21.79449471770337,0.0,100.0
17,10,[229  16   2],[220   0   0],18.466185312619388,0.0,100.0,[ 10 217   1],[  0 220   0],10.488088481701515,0.0,100.0,[  0   4 227],[  0   0 220],8.06225774829855,0.0,100.0
17,11,[233  12   1],[220   0   0],17.72004514666935,0.0,100.0,[  3 229   2],[  0 220   0],9.695359714832659,0.0,100.0,[ 18  18 230],[  0   0 220],27.349588662354687,0.0,100.0
17,12,[231  15  10],[220   0   0],21.118712081942874,0.0,100.0,[ 13 204  17],[  0 220   0],26.720778431774775,0.0,100.0,[  7   3 211],[  0   0 220],11.789826122551595,0.0,100.0
17,13,[226  16  12],[220   0   0],20.8806130178211,0.0,100.0,[  4 202   3],[  0 220   0],18.681541692269406,0.0,100.0,[ 16  15 204],[  0   0 220],27.147743920996454,0.0,100.0
17,14,[234  15   4],[220   0   0],20.904544960366874,0.0,100.0,[ 12 208   2],[  0 220   0],17.08800749063506,0.0,100.0,[  9   0 219],[  0   0 220],9.055385138137417,0.0,100.0
17,15,[232  14  18],[220   0   0],25.768197453450252,0.0,100.0,[  2 214  15],[  0 220   0],16.278820596099706,0.0,100.0,[ 11   0 204],[  0   0 220],19.4164878389476,0.0,100.0
17,16,[212  18   7],[220   0   0],20.904544960366874,0.0,100.0,[ 11 201   6],[  0 220   0],22.759613353482084,0.0,100.0,[  7  17 215],[  0   0 220],19.05255888325765,0.0,100.0
17,17,[235  11   3],[220   0   0],18.841443681416774,0.0,100.0,[  6 208  15],[  0 220   0],20.12461179749811,0.0,100.0,[  3   3 204],[  0   0 220],16.55294535724685,0.0,100.0
17,18,[232  15   7],[220   0   0],20.445048300260872,0.0,100.0,[  7 210   3],[  0 220   0],12.569805089976535,0.0,100.0,[  3   4 215],[  0   0 220],7.0710678118654755,0.0,100.0
17,19,[236  14   5],[220   0   0],21.840329667841555,0.0,100.0,[  6 221  11],[  0 220   0],12.569805089976535,0.0,100.0,[  5   1 228],[  0   0 220],9.486832980505138,0.0,100.0
17,20,[217  18   6],[220   0   0],19.209372712298546,0.0,100.0,[ 17 210   6],[  0 220   0],20.615528128088304,0.0,100.0,[ 19  18 235],[  0   0 220],30.166206257996713,0.0,100.0
17,21,[207   8  15],[220   0   0],21.400934559032695,0.0,100.0,[ 12 229   0],[  0 220   0],15.0,0.0,100.0,[  2  11 207],[  0   0 220],17.146428199482248,0.0,100.0
17,22,[236  13  18],[220   0   0],27.367864366808018,0.0,100.0,[ 13 215   2],[  0 220   0],14.071247279470288,0.0,100.0,[  0  13 239],[  0   0 220],23.021728866442675,0.0,100.0
17,23,[230  19   0],[220   0   0],21.470910553583888,0.0,100.0,[ 15 215   3],[  0 220   0],16.09347693943108,0.0,100.0,[  8  16 235],[  0   0 220],23.345235059857504,0.0,100.0
17,24,[233  10  10],[220   0   0],19.209372712298546,0.0,100.0,[  5 223  16],[  0 220   0],17.029386365926403,0.0,100.0,[  2  18 223],[  0   0 220],18.35755975068582,0.0,100.0
17,25,[203   9  13],[220   0   0],23.2163735324878,0.0,100.0,[ 13 203  16],[  0 220   0],26.720778431774775,0.0,100.0,[  7  14 203],[  0   0 220],23.108440016582687,0.0,100.0
17,26,[212   4   9],[220   0   0],12.68857754044952,0.0,100.0,[  6 218  17],[  0 220   0],18.138357147217054,0.0,100.0,[ 12  10 226],[  0   0 220],16.73320053068151,0.0,100.0
17,27,[216  15  13],[220   0   0],20.248456731316587,0.0,100.0,[  7 202   9],[  0 220   0],21.307275752662516,0.0,100.0,[  3   0 229],[  0   0 220],9.486832980505138,0.0,100.0
17,28,[202  17   8],[220   0   0],26.019223662515376,0.0,100.0,[  2 219  16],[  0 220   0],16.15549442140351,0.0,100.0,[ 15   2 205],[  0   0 220],21.307275752662516,0.0,100.0
17,29,[231   9  16],[220   0   0],21.400934559032695,0.0,100.0,[  0 232  18],[  0 220   0],21.633307652783937,0.0,100.0,[ 15  13 206],[  0   0 220],24.289915602982237,0.0,100.0
17,30,[210   2  19],[220   0   0],21.563858652847824,0.0,100.0,[  9 226   5],[  0 220   0],11.916375287812984,0.0,100.0,[  5   6 231],[  0   0 220],13.490737563232042,0.0,100.0
17,31,[204   8  16],[220   0   0],24.0,0.0,100.0,[  7 227   2],[  0 220   0],10.099504938362077,0.0,100.0,[  4  15 235],[  0   0 220],21.587033144922902,0.0,100.0
17,32,[239   7  16],[220   0   0],25.80697580112788,0.0,100.0,[  5 232   7],[  0 220   0],14.7648230602334,0.0,100.0,[ 18  16 235],[  0   0 220],28.372521918222215,0.0,100.0
17,33,[218   3  16],[220   0   0],16.401219466856727,0.0,100.0,[ 12 214  12],[  0 220   0],18.0,0.0,100.0,[  8   8 225],[  0   0 220],12.36931687685298,0.0,100.0
17,34,[230   7   6],[220   0   0],13.601470508735444,0.0,100.0,[ 13 222   4],[  0 220   0],13.74772708486752,0.0,100.0,[  4  17 230],[  0   0 220],20.12461179749811,0.0,100.0
17,35,[214   6   8],[220   0   0],11.661903789690601,0.0,100.0,[  1 205   2],[  0 220   0],15.165750888103101,0.0,100.0,[  9   4 205],[  0   0 220],17.944358444926362,0.0,100.0
17,36,[220   3   9],[220   0   0],9.486832980505138,0.0,100.0,[  3 205   0],[  0 220   0],15.297058540778355,0.0,100.0,[ 15   1 239],[  0   0 220],24.228082879171435,0.0,100.0
17,37,[219  12  14],[220   0   0],18.466185312619388,0.0,100.0,[  0 220   6],[  0 220   0],6.0,0.0,100.0,[ 15  14 238],[  0   0 220],27.294688127912362,0.0,100.0
17,38,[215  17   3],[220   0   0],17.97220075561143,0.0,100.0,[ 16 224   2],[  0 220   0],16.61324772583615,0.0,100.0,[  4  10 207],[  0   0 220],16.881943016134134,0.0,100.0
17,39,[224  16  11],[220   0   0],19.82422760159901,0.0,100.0,[  2 226   9],[  0 220   0],11.0,0.0,100.0,[  4  19 202],[  0   0 220],26.476404589747453,0.0,100.0
17,40,[200  14   9],[220   0   0],26.019223662515376,0.0,100.0,[ 15 205   1],[  0 220   0],21.236760581595302,0.0,100.0,[ 11   7 210],[  0   0 220],16.431676725154983,0.0,100.0
17,41,[238   2   4],[220   0   0],18.547236990991408,0.0,100.0,[ 19 213   1],[  0 220   0],20.273134932713294,0.0,100.0,[ 15   5 235],[  0   0 220],21.79449471770337,0.0,100.0
17,42,[215   4  12],[220   0   0],13.601470508735444,0.0,100.0,[ 13 219  13],[  0 220   0],18.411952639521967,0.0,100.0,[  7  12 225],[  0   0 220],14.7648230602334,0.0,100.0
17,43,[223  14   2],[220   0   0],14.45683229480096,0.0,100.0,[  0 205   8],[  0 220   0],17.0,0.0,100.0,[ 19   9 217],[  0   0 220],21.236760581595302,0.0,100.0
17,44,[239  12   9],[220   0   0],24.20743687382041,0.0,100.0,[  1 211  19],[  0 220   0],21.047565179849187,0.0,100.0,[ 13  19 214],[  0   0 220],23.790754506740637,0.0,100.0
17,45,[217   5   9],[220   0   0],10.723805294763608,0.0,100.0,[ 15 220   7],[  0 220   0],16.55294535724685,0.0,100.0,[ 11   3 204],[  0   0 220],19.6468827043885,0.0,100.0
17,46,[229   9   0],[220   0   0],12.727922061357855,0.0,100.0,[  6 207  10],[  0 220   0],17.46424919657298,0.0,100.0,[ 18   1 216],[  0   0 220],18.466185312619388,0.0,100.0
17,47,[204  11   8],[220   0   0],21.0,0.0,100.0,[ 18 205   5],[  0 220   0],23.958297101421877,0.0,100.0,[ 19  16 222],[  0   0 220],24.919871588754223,0.0,100.0
17,48,[225  16  14],[220   0   0],21.840329667841555,0.0,100.0,[ 18 214  18],[  0 220   0],26.153393661244042,0.0,100.0,[  3  14 209],[  0   0 220],18.05547008526779,0.0,100.0
17,49,[231  13   3],[220   0   0],17.291616465790582,0.0,100.0,[ 19 226   7],[  0 220   0],21.118712081942874,0.0,100.0,[  8  13 203],[  0   0 220],22.847319317591726,0.0,100.0
17,50,[220  14  17],[220   0   0],22.02271554554524,0.0,100.0,[ 15 206   5],[  0 220   0],21.118712081942874,0.0,100.0,[  8   6 213],[  0   0 220],12.206555615733702,0.0,100.0
17,51,[224   4   5],[220   0   0],7.54983443527075,0.0,100.0,[  8 216  16],[  0 220   0],18.33030277982336,0.0,100.0,[ 15   1 220],[  0   0 220],15.033296378372908,0.0,100.0
17,52,[204  12   4],[220   0   0],20.396078054371138,0.0,100.0,[  7 202  15],[  0 220   0],24.454038521274967,0.0,100.0,[ 17  17 228],[  0   0 220],25.337718918639855,0.0,100.0
17,53,[221  18  15],[220   0   0],23.45207879911715,0.0,100.0,[  6 239   8],[  0 220   0],21.470910553583888,0.0,100.0,[  8  14 221],[  0   0 220],16.15549442140351,0.0,100.0
17,54,[224  10  10],[220   0   0],14.696938456699069,0.0,100.0,[ 12 228   0],[  0 220   0],14.422205101855956,0.0,100.0,[  2   2 230],[  0   0 220],10.392304845413264,0.0,100.0
17,55,[211   0   2],[220   0   0],9.219544457292887,0.0,100.0,[ 12 225  18],[  0 220   0],22.20360331117452,0.0,100.0,[  8   1 230],[  0   0 220],12.84523257866513,0.0,100.0
17,56,[234  13  16],[220   0   0],24.919871588754223,0.0,100.0,[ 10 237  15],[  0 220   0],24.779023386727733,0.0,100.0,[  8  14 221],[  0   0 220],16.15549442140351,0.0,100.0
17,57,[216  10  13],[220   0   0],16.881943016134134,0.0,100.0,[  7 206  13],[  0 220   0],20.346989949375804,0.0,100.0,[ 18   6 200],[  0   0 220],27.568097504180443,0.0,100.0
17,58,[224   1  19],[220   0   0],19.44222209522358,0.0,100.0,[  7 223   9],[  0 220   0],11.789826122551595,0.0,100.0,[  3  17 238],[  0   0 220],24.939927826679853,0.0,100.0
17,59,[236  15  12],[220   0   0],25.0,0.0,100.0,[ 18 216   4],[  0 220   0],18.867962264113206,0.0,100.0,[ 15  19 223],[  0   0 220],24.392621835300936,0.0,100.0
17,60,[224  19  13],[220   0   0],23.366642891095847,0.0,100.0,[ 18 226  17],[  0 220   0],25.475478405713993,0.0,100.0,[  6   0 227],[  0   0 220],9.219544457292887,0.0,100.0
17,61,[219   4   9],[220   0   0],9.899494936611665,0.0,100.0,[  0 236   0],[  0 220   0],16.0,0.0,100.0,[ 11   0 201],[  0   0 220],21.95449840010015,0.0,100.0
17,62,[225   9  17],[220   0   0],19.87460691435179,0.0,100.0,[  4 223  13],[  0 220   0],13.92838827718412,0.0,100.0,[  9   4 223],[  0   0 220],10.295630140987,0.0,100.0
17,63,[217  18  12],[220   0   0],21.840329667841555,0.0,100.0,[ 12 209   0],[  0 220   0],16.278820596099706,0.0,100.0,[ 11  19 239],[  0   0 220],29.03446228191595,0.0,100.0
18,0,[227  11  12],[220   0   0],17.72004514666935,0.0,100.0,[ 12 208  19],[  0 220   0],25.475478405713993,0.0,100.0,[  1  16 222],[  0   0 220],16.15549442140351,0.0,100.0
18,1,[236  18   3],[220   0   0],24.269322199023193,0.0,100.0,[ 12 209   9],[  0 220   0],18.601075237738275,0.0,100.0,[  9  18 215],[  0   0 220],20.73644135332772,0.0,100.0
18,2,[224   0   3],[220   0   0],5.0,0.0,100.0,[  6 222  17],[  0 220   0],18.138357147217054,0.0,100.0,[  3  10 216],[  0   0 220],11.180339887498949,0.0,100.0
18,3,[213  18  10],[220   0   0],21.748563170931547,0.0,100.0,[ 12 207  19],[  0 220   0],25.96150997149434,0.0,100.0,[  7  15 217],[  0   0 220],16.822603841260722,0.0,100.0
18,4,[231  14  11],[220   0   0],20.92844953645635,0.0,100.0,[  0 221   1],[  0 220   0],1.4142135623730951,0.0,100.0,[ 13   6 213],[  0   0 220],15.937377450509228,0.0,100.0
18,5,[238   5  16],[220   0   0],24.596747752497688,0.0,100.0,[ 16 224   7],[  0 220   0],17.916472867168917,0.0,100.0,[ 15   9 226],[  0   0 220],18.49324200890693,0.0,100.0
18,6,[207   2   9],[220   0   0],15.937377450509228,0.0,100.0,[ 17 213   7],[  0 220   0],19.672315572906,0.0,100.0,[  1  19 227],[  0   0 220],20.273134932713294,0.0,100.0
18,7,[212   4   6],[220   0   0],10.770329614269007,0.0,100.0,[ 16 226   4],[  0 220   0],17.549928774784245,0.0,100.0,[ 17  17 216],[  0   0 220],24.372115213907882,0.0,100.0
18,8,[235  15  13],[220   0   0],24.879710609249457,0.0,100.0,[ 16 224  11],[  0 220   0],19.82422760159901,0.0,100.0,[  2  11 237],[  0   0 220],20.346989949375804,0.0,100.0
18,9,[239   6   1],[220   0   0],19.949937343260004,0.0,100.0,[ 19 206   2],[  0 220   0],23.68543856465402,0.0,100.0,[  3   3 232],[  0   0 220],12.727922061357855,0.0,100.0
18,10,[201   8  12],[220   0   0],23.853720883753127,0.0,100.0,[  8 203  15],[  0 220   0],24.041630560342615,0.0,100.0,[  6   6 233],[  0   0 220],15.524174696260024,0.0,100.0
18,11,[219   5  17],[220   0   0],17.74823934929885,0.0,100.0,[  0 202  18],[  0 220   0],25.45584412271571,0.0,100.0,[  3   7 211],[  0   0 220],11.789826122551595,0.0,100.0
18,12,[231   7   2],[220   0   0],13.19090595827292,0.0,100.0,[ 18 237  17],[  0 220   0],30.033314835362415,0.0,100.0,[ 12   5 224],[  0   0 220],13.601470508735444,0.0,100.0
18,13,[227   6   0],[220   0   0],9.219544457292887,0.0,100.0,[ 10 226  17],[  0 220   0],20.615528128088304,0.0,100.0,[  3  12 212],[  0   0 220],14.730919862656235,0.0,100.0
18,14,[234  11  18],[220   0   0],25.317977802344327,0.0,100.0,[ 12 226  14],[  0 220   0],19.390719429665317,0.0,100.0,[ 14  17 231],[  0   0 220],24.61706725018234,0.0,100.0
18,15,[226  11  10],[220   0   0],16.0312195418814,0.0,100.0,[  0 229  15],[  0 220   0],17.4928556845359,0.0,100.0,[ 18  15 229],[  0   0 220],25.099800796022265,0.0,100.0
18,16,[201  16  13],[220   0   0],28.035691537752374,0.0,100.0,[ 15 236  11],[  0 220   0],24.535688292770594,0.0,100.0,[  6   6 220],[  0   0 220],8.48528137423857,0.0,100.0
18,17,[200   3   2],[220   0   0],20.322401432901575,0.0,100.0,[  9 206  11],[  0 220   0],19.949937343260004,0.0,100.0,[ 14   3 222],[  0   0 220],14.45683229480096,0.0,100.0
18,18,[211   7   9],[220   0   0],14.52583904633395,0.0,100.0,[  4 208  17],[  0 220   0],21.18962010041709,0.0,100.0,[  3   7 203],[  0   0 220],18.627936010197157,0.0,100.0
18,19,[221   2  15],[220   0   0],15.165750888103101,0.0,100.0,[ 13 209   8],[  0 220   0],18.81488772222678,0.0,100.0,[  5  18 216],[  0   0 220],19.1049731745428,0.0,100.0
18,20,[230  14   3],[220   0   0],17.46424919657298,0.0,100.0,[  5 226   9],[  0 220   0],11.916375287812984,0.0,100.0,[  1   3 208],[  0   0 220],12.409673645990857,0.0,100.0
18,21,[221  14  17],[220   0   0],22.045407685048602,0.0,100.0,[  2 211   9],[  0 220   0],12.884098726725126,0.0,100.0,[ 18  18 230],[  0   0 220],27.349588662354687,0.0,100.0
18,22,[215  11  18],[220   0   0],21.6794833886788,0.0,100.0,[  3 218  16],[  0 220   0],16.401219466856727,0.0,100.0,[ 13  10 208],[  0   0 220],20.322401432901575,0.0,100.0
18,23,[239  19   1],[220   0   0],26.888659319497503,0.0,100.0,[ 11 232  11],[  0 220   0],19.6468827043885,0.0,100.0,[ 16  11 237],[  0   0 220],25.80697580112788,0.0,100.0
18,24,[232   3  11],[220   0   0],16.55294535724685,0.0,100.0,[ 18 214   7],[  0 220   0],20.223748416156685,0.0,100.0,[  3  11 233],[  0   0 220],17.291616465790582,0.0,100.0
18,25,[213  19   3],[220   0   0],20.46948949045872,0.0,100.0,[ 16 207   5],[  0 220   0],21.213203435596427,0.0,100.0,[  0  12 227],[  0   0 220],13.892443989449804,0.0,100.0
18,26,[218  19  18],[220   0   0],26.248809496813376,0.0,100.0,[  1 213  10],[  0 220   0],12.24744871391589,0.0,100.0,[  3   0 218],[  0   0 220],3.605551275463989,0.0,100.0
18,27,[230  16  17],[220   0   0],25.39685019840059,0.0,100.0,[  9 231  12],[  0 220   0],18.601075237738275,0.0,100.0,[ 14  15 220],[  0   0 220],20.518284528683193,0.0,100.0
18,28,[223   9  11],[220   0   0],14.52583904633395,0.0,100.0,[ 14 210   0],[  0 220   0],17.204650534085253,0.0,100.0,[  6   3 227],[  0   0 220],9.695359714832659,0.0,100.0
18,29,[202  14   1],[220   0   0],22.825424421026653,0.0,100.0,[  0 201   9],[  0 220   0],21.02379604162864,0.0,100.0,[ 18   2 238],[  0   0 220],25.534290669607408,0.0,100.0
18,30,[218  10  13],[220   0   0],16.522711641858304,0.0,100.0,[  3 220  12],[  0 220   0],12.36931687685298,0.0,100.0,[  9  13 236],[  0   0 220],22.494443758403985,0.0,100.0
18,31,[225   7   5],[220   0   0],9.9498743710662,0.0,100.0,[  7 234  19],[  0 220   0],24.61706725018234,0.0,100.0,[ 16   3 219],[  0   0 220],16.30950643030009,0.0,100.0
18,32,[220   5   8],[220   0   0],9.433981132056603,0.0,100.0,[ 17 229  16],[  0 220   0],25.019992006393608,0.0,100.0,[ 18   2 203],[  0   0 220],24.839484696748443,0.0,100.0
18,33,[225   3   5],[220   0   0],7.681145747868608,0.0,100.0,[  5 202   2],[  0 220   0],18.788294228055936,0.0,100.0,[ 19   4 219],[  0   0 220],19.44222209522358,0.0,100.0
18,34,[235   5  10],[220   0   0],18.708286933869708,0.0,100.0,[  1 200  10],[  0 220   0],22.38302928559939,0.0,100.0,[ 10   2 218],[  0   0 220],10.392304845413264,0.0,100.0
18,35,[211  12   0],[220   0   0],15.0,0.0,100.0,[ 12 210  17],[  0 220   0],23.08679276123039,0.0,100.0,[  5   7 203],[  0   0 220],19.05255888325765,0.0,100.0
18,36,[227  10   8],[220   0   0],14.594519519326424,0.0,100.0,[ 16 223   8],[  0 220   0],18.138357147217054,0.0,100.0,[  7  10 226],[  0   0 220],13.601470508735444,0.0,100.0
18,37,[235   1  19],[220   0   0],24.228082879171435,0.0,100.0,[ 10 213   6],[  0 220   0],13.601470508735444,0.0,100.0,[  2   2 238],[  0   0 220],18.2208671582886,0.0,100.0
18,38,[223  13  12],[220   0   0],17.944358444926362,0.0,100.0,[  7 236   6],[  0 220   0],18.466185312619388,0.0,100.0,[ 14   1 210],[  0   0 220],17.233687939614086,0.0,100.0
18,39,[232   3  15],[220   0   0],19.44222209522358,0.0,100.0,[ 10 227   2],[  0 220   0],12.36931687685298,0.0,100.0,[ 10  12 200],[  0   0 220],25.37715508089904,0.0,100.0
18,40,[206  16   6],[220   0   0],22.090722034374522,0.0,100.0,[  8 223  12],[  0 220   0],14.730919862656235,0.0,100.0,[ 14   5 218],[  0   0 220],15.0,0.0,100.0
18,41,[233  16   4],[220   0   0],21.0,0.0,100.0,[ 10 216   0],[  0 220   0],10.770329614269007,0.0,100.0,[  2  17 225],[  0   0 220],17.832554500127006,0.0,100.0
18,42,[212   2  14],[220   0   0],16.24807680927192,0.0,100.0,[ 13 225  10],[  0 220   0],17.146428199482248,0.0,100.0,[  9   4 208],[  0   0 220],15.524174696260024,0.0,100.0
18,43,[223  16   5],[220   0   0],17.029386365926403,0.0,100.0,[ 15 237  13],[  0 220   0],26.13426869074396,0.0,100.0,[ 11  15 231],[  0   0 220],21.61018278497431,0.0,100.0
18,44,[201   2  12],[220   0   0],22.561028345356956,0.0,100.0,[ 18 207   4],[  0 220   0],22.561028345356956,0.0,100.0,[ 19   1 206],[  0   0 220],23.62202362203543,0.0,100.0
18,45,[229   0   0],[220   0   0],9.0,0.0,100.0,[ 11 202   7],[  0 220   0],22.22611077089287,0.0,100.0,[ 16   0 219],[  0   0 220],16.0312195418814,0.0,100.0
18,46,[223  12   4],[220   0   0],13.0,0.0,100.0,[ 18 216   1],[  0 220   0],18.466185312619388,0.0,100.0,[ 13   9 233],[  0   0 220],20.46948949045872,0.0,100.0
18,47,[226   3   7],[220   0   0],9.695359714832659,0.0,100.0,[ 15 218   6],[  0 220   0],16.278820596099706,0.0,100.0,[  6  16 201],[  0   0 220],25.553864678361276,0.0,100.0
18,48,[215   8  11],[220   0   0],14.491376746189438,0.0,100.0,[ 15 225   1],[  0 220   0],15.84297951775486,0.0,100.0,[ 13   8 224],[  0   0 220],15.7797338380595,0.0,100.0
18,49,[225  17   5],[220   0   0],18.411952639521967,0.0,100.0,[ 16 202  14],[  0 220   0],27.85677655436824,0.0,100.0,[ 15  12 234],[  0   0 220],23.769728648009426,0.0,100.0
18,50,[209  17  12],[220   0   0],23.53720459187964,0.0,100.0,[ 13 236   0],[  0 220   0],20.615528128088304,0.0,100.0,[  2   1 233],[  0   0 220],13.19090595827292,0.0,100.0
18,51,[239  16   5],[220   0   0],25.337718918639855,0.0,100.0,[ 19 205   6],[  0 220   0],24.939927826679853,0.0,100.0,[ 18  11 209],[  0   0 220],23.790754506740637,0.0,100.0
18,52,[203  15   9],[220   0   0],24.392621835300936,0.0,100.0,[ 19 204   5],[  0 220   0],25.337718918639855,0.0,100.0,[ 16   1 207],[  0   0 220],20.639767440550294,0.0,100.0
18,53,[216   8   0],[220   0   0],8.94427190999916,0.0,100.0,[ 17 220   7],[  0 220   0],18.384776310850235,0.0,100.0,[  2  14 221],[  0   0 220],14.177446878757825,0.0,100.0
18,54,[205   0  14],[220   0   0],20.518284528683193,0.0,100.0,[ 12 209   8],[  0 220   0],18.138357147217054,0.0,100.0,[  0   8 239],[  0   0 220],20.615528128088304,0.0,100.0
18,55,[235   0   7],[220   0   0],16.55294535724685,0.0,100.0,[  9 206  13],[  0 220   0],21.118712081942874,0.0,100.0,[ 19   9 208],[  0   0 220],24.20743687382041,0.0,100.0
18,56,[226   4   5],[220   0   0],8.774964387392123,0.0,100.0,[  0 239   8],[  0 220   0],20.615528128088304,0.0,100.0,[ 18   6 212],[  0   0 220],20.591260281974,0.0,100.0
18,57,[230   4  10],[220   0   0],14.696938456699069,0.0,100.0,[  7 228   1],[  0 220   0],10.677078252031311,0.0,100.0,[ 12  16 208],[  0   0 220],23.323807579381203,0.0,100.0
18,58,[203  19   0],[220   0   0],25.495097567963924,0.0,100.0,[  9 204  18],[  0 220   0],25.709920264364882,0.0,100.0,[  4  11 238],[  0   0 220],21.470910553583888,0.0,100.0
18,59,[207  15   3],[220   0   0],20.074859899884732,0.0,100.0,[  6 232  10],[  0 220   0],16.73320053068151,0.0,100.0,[  3  12 225],[  0   0 220],13.341664064126334,0.0,100.0
18,60,[207   0  10],[220   0   0],16.401219466856727,0.0,100.0,[  9 217  10],[  0 220   0],13.784048752090222,0.0,100.0,[  0   8 219],[  0   0 220],8.06225774829855,0.0,100.0
18,61,[239   8   7],[220   0   0],21.77154105707724,0.0,100.0,[  0 221  13],[  0 220   0],13.038404810405298,0.0,100.0,[ 15   2 209],[  0   0 220],18.708286933869708,0.0,100.0
18,62,[209   8  13],[220   0   0],18.81488772222678,0.0,100.0,[  8 200   0],[  0 220   0],21.540659228538015,0.0,100.0,[ 14   1 202],[  0   0 220],22.825424421026653,0.0,100.0
18,63,[221  14   7],[220   0   0],15.684387141358123,0.0,100.0,[  6 235  16],[  0 220   0],22.737634001804146,0.0,100.0,[ 11   1 224],[  0   0 220],11.74734012447073,0.0,100.0
19,0,[221   9   8],[220   0   0],12.083045973594572,0.0,100.0,[  4 224  18],[  0 220   0],18.867962264113206,0.0,100.0,[  0   7 201],[  0   0 220],20.248456731316587,0.0,100.0
19,1,[200  12   2],[220   0   0],23.40939982143925,0.0,100.0,[  6 235   5],[  0 220   0],16.911534525287763,0.0,100.0,[  9   2 222],[  0   0 220],9.433981132056603,0.0,100.0
19,2,[219  12   3],[220   0   0],12.409673645990857,0.0,100.0,[ 18 217  13],[  0 220   0],22.40535650240808,0.0,100.0,[  6   0 215],[  0   0 220],7.810249675906654,0.0,100.0
19,3,[212  12  15],[220   0   0],20.808652046684813,0.0,100.0,[ 16 228   2],[  0 220   0],18.0,0.0,100.0,[  4   7 213],[  0   0 220],10.677078252031311,0.0,100.0
19,4,[207  19  10],[220   0   0],25.099800796022265,0.0,100.0,[ 19 218   5],[  0 220   0],19.748417658131498,0.0,100.0,[ 11   3 218],[  0   0 220],11.575836902790225,0.0,100.0
19,5,[224  12   7],[220   0   0],14.45683229480096,0.0,100.0,[  2 236   6],[  0 220   0],17.204650534085253,0.0,100.0,[ 11   9 206],[  0   0 220],19.949937343260004,0.0,100.0
19,6,[231   6  11],[220   0   0],16.673332000533065,0.0,100.0,[ 18 222  15],[  0 220   0],23.515952032609693,0.0,100.0,[ 19  15 213],[  0   0 220],25.199206336708304,0.0,100.0
19,7,[218   6   5],[220   0   0],8.06225774829855,0.0,100.0,[  7 212   2],[  0 220   0],10.816653826391969,0.0,100.0,[ 18   3 214],[  0   0 220],19.209372712298546,0.0,100.0
19,8,[238   0   1],[220   0   0],18.027756377319946,0.0,100.0,[ 12 220  10],[  0 220   0],15.620499351813308,0.0,100.0,[  1  13 228],[  0   0 220],15.297058540778355,0.0,100.0
19,9,[208   1  10],[220   0   0],15.652475842498529,0.0,100.0,[  2 219  13],[  0 220   0],13.19090595827292,0.0,100.0,[ 19  17 224],[  0   0 220],25.80697580112788,0.0,100.0
19,10,[206   5  15],[220   0   0],21.118712081942874,0.0,100.0,[ 14 223   9],[  0 220   0],16.911534525287763,0.0,100.0,[ 17   9 237],[  0   0 220],25.67099530598687,0.0,100.0
19,11,[218   9   4],[220   0   0],10.04987562112089,0.0,100.0,[  4 237   9],[  0 220   0],19.6468827043885,0.0,100.0,[  8  13 207],[  0   0 220],20.049937655763422,0.0,100.0
19,12,[234  17   6],[220   0   0],22.825424421026653,0.0,100.0,[  2 219  12],[  0 220   0],12.206555615733702,0.0,100.0,[  6  12 239],[  0   0 220],23.259406699226016,0.0,100.0
19,13,[216   1   1],[220   0   0],4.242640687119285,0.0,100.0,[ 10 202   5],[  0 220   0],21.18962010041709,0.0,100.0,[  6  17 227],[  0   0 220],19.339079605813716,0.0,100.0
19,14,[223   8   5],[220   0   0],9.899494936611665,0.0,100.0,[ 13 213   6],[  0 220   0],15.937377450509228,0.0,100.0,[ 19   7 233],[  0   0 220],24.06241883103193,0.0,100.0
19,15,[204   5  15],[220   0   0],22.494443758403985,0.0,100.0,[  6 223  15],[  0 220   0],16.431676725154983,0.0,100.0,[ 14  10 216],[  0   0 220],17.663521732655695,0.0,100.0
19,16,[206   9   6],[220   0   0],17.69180601295413,0.0,100.0,[  0 237  18],[  0 220   0],24.758836806279895,0.0,100.0,[ 11  18 206],[  0   0 220],25.317977802344327,0.0,100.0
19,17,[221   5  17],[220   0   0],17.74823934929885,0.0,100.0,[  1 222  19],[  0 220   0],19.131126469708992,0.0,100.0,[  4  19 238],[  0   0 220],26.476404589747453,0.0,100.0
19,18,[204  15  13],[220   0   0],25.495097567963924,0.0,100.0,[  5 212   6],[  0 220   0],11.180339887498949,0.0,100.0,[ 15   2 231],[  0   0 220],18.708286933869708,0.0,100.0
19,19,[206   2   8],[220   0   0],16.24807680927192,0.0,100.0,[ 14 223   8],[  0 220   0],16.401219466856727,0.0,100.0,[ 12   6 229],[  0   0 220],16.15549442140351,0.0,100.0
19,20,[229   6   3],[220   0   0],11.224972160321824,0.0,100.0,[ 19 219  10],[  0 220   0],21.494185260204677,0.0,100.0,[ 13  18 223],[  0   0 220],22.40535650240808,0.0,100.0
19,21,[205   2   6],[220   0   0],16.278820596099706,0.0,100.0,[  2 204   1],[  0 220   0],16.15549442140351,0.0,100.0,[ 14   9 238],[  0   0 220],24.515301344262525,0.0,100.0
19,22,[223  14  18],[220   0   0],23.0,0.0,100.0,[  7 234   7],[  0 220   0],17.146428199482248,0.0,100.0,[  3   4 237],[  0   0 220],17.72004514666935,0.0,100.0
19,23,[233   8  14],[220   0   0],20.71231517720798,0.0,100.0,[  1 222   8],[  0 220   0],8.306623862918075,0.0,100.0,[  7  17 208],[  0   0 220],21.95449840010015,0.0,100.0
19,24,[212  15  12],[220   0   0],20.808652046684813,0.0,100.0,[ 10 208   9],[  0 220   0],18.027756377319946,0.0,100.0,[  8  13 230],[  0   0 220],18.24828759089466,0.0,100.0
19,25,[238   2  11],[220   0   0],21.18962010041709,0.0,100.0,[ 13 232  19],[  0 220   0],25.96150997149434,0.0,100.0,[  3  16 221],[  0   0 220],16.30950643030009,0.0,100.0
19,26,[208  11   0],[220   0   0],16.278820596099706,0.0,100.0,[ 18 214   6],[  0 220   0],19.8997487421324,0.0,100.0,[ 12   6 225],[  0   0 220],14.317821063276353,0.0,100.0
19,27,[234   0   3],[220   0   0],14.317821063276353,0.0,100.0,[ 11 202  10],[  0 220   0],23.345235059857504,0.0,100.0,[  5  13 200],[  0   0 220],24.372115213907882,0.0,100.0
19,28,[221   4  19],[220   0   0],19.44222209522358,0.0,100.0,[  1 206  17],[  0 220   0],22.045407685048602,0.0,100.0,[ 15  10 220],[  0   0 220],18.027756377319946,0.0,100.0
19,29,[214  10  19],[220   0   0],22.293496809607955,0.0,100.0,[ 18 219   2],[  0 220   0],18.138357147217054,0.0,100.0,[ 19  18 213],[  0   0 220],27.09243436828813,0.0,100.0
19,30,[211   0   4],[220   0   0],9.848857801796104,0.0,100.0,[  6 200   4],[  0 220   0],21.2602916254693,0.0,100.0,[  6  12 222],[  0   0 220],13.564659966250536,0.0,100.0
19,31,[200  11  14],[220   0   0],26.77685567799177,0.0,100.0,[  3 236   8],[  0 220   0],18.138357147217054,0.0,100.0,[ 14  17 217],[  0   0 220],22.22611077089287,0.0,100.0
19,32,[209   3  10],[220   0   0],15.165750888103101,0.0,100.0,[  3 235  12],[  0 220   0],19.44222209522358,0.0,100.0,[  1  18 205],[  0   0 220],23.45207879911715,0.0,100.0
19,33,[233  10  16],[220   0   0],22.9128784747792,0.0,100.0,[  3 227  10],[  0 220   0],12.569805089976535,0.0,100.0,[  6   0 208],[  0   0 220],13.416407864998739,0.0,100.0
19,34,[207   2  16],[220   0   0],20.71231517720798,0.0,100.0,[  1 235  15],[  0 220   0],21.236760581595302,0.0,100.0,[ 13   8 222],[  0   0 220],15.394804318340652,0.0,100.0
19,35,[230   0   6],[220   0   0],11.661903789690601,0.0,100.0,[ 17 230   1],[  0 220   0],19.748417658131498,0.0,100.0,[  0   3 227],[  0   0 220],7.615773105863909,0.0,100.0
19,36,[234   6  17],[220   0   0],22.825424421026653,0.0,100.0,[ 13 215   4],[  0 220   0],14.491376746189438,0.0,100.0,[  0  16 235],[  0   0 220],21.93171219946131,0.0,100.0
19,37,[203   6   4],[220   0   0],18.466185312619388,0.0,100.0,[  0 232  18],[  0 220   0],21.633307652783937,0.0,100.0,[ 15   3 211],[  0   0 220],17.74823934929885,0.0,100.0
19,38,[236   7  10],[220   0   0],20.12461179749811,0.0,100.0,[  6 203  13],[  0 220   0],22.22611077089287,0.0,100.0,[  3   4 217],[  0   0 220],5.830951894845301,0.0,100.0
19,39,[227  14   9],[220   0   0],18.05547008526779,0.0,100.0,[  4 216  19],[  0 220   0],19.82422760159901,0.0,100.0,[  8   3 210],[  0   0 220],13.152946437965905,0.0,100.0
19,40,[220  15   8],[220   0   0],17.0,0.0,100.0,[  5 227   6],[  0 220   0],10.488088481701515,0.0,100.0,[  9  13 233],[  0   0 220],20.46948949045872,0.0,100.0
19,41,[238  13   5],[220   0   0],22.759613353482084,0.0,100.0,[ 19 232  14],[  0 220   0],26.476404589747453,0.0,100.0,[ 16  12 227],[  0   0 220],21.18962010041709,0.0,100.0
19,42,[226   4  11],[220   0   0],13.152946437965905,0.0,100.0,[ 18 226   4],[  0 220   0],19.390719429665317,0.0,100.0,[  6   2 208],[  0   0 220],13.564659966250536,0.0,100.0
19,43,[206   4   9],[220   0   0],17.11724276862369,0.0,100.0,[ 12 237   4],[  0 220   0],21.18962010041709,0.0,100.0,[  0  12 219],[  0   0 220],12.041594578792296,0.0,100.0
19,44,[210  15  17],[220   0   0],24.779023386727733,0.0,100.0,[ 16 226   1],[  0 220   0],17.11724276862369,0.0,100.0,[  3  19 225],[  0   0 220],19.87460691435179,0.0,100.0
19,45,[212  18  16],[220   0   0],25.37715508089904,0.0,100.0,[  7 209   8],[  0 220   0],15.297058540778355,0.0,100.0,[  5  19 226],[  0   0 220],20.54263858417414,0.0,100.0
19,46,[232   2   3],[220   0   0],12.529964086141668,0.0,100.0,[  3 224   6],[  0 220   0],7.810249675906654,0.0,100.0,[ 11   8 213],[  0   0 220],15.297058540778355,0.0,100.0
19,47,[206  18  13],[220   0   0],26.248809496813376,0.0,100.0,[ 10 239   6],[  0 220   0],22.293496809607955,0.0,100.0,[  2  15 217],[  0   0 220],15.427248620541512,0.0,100.0
19,48,[216  14   2],[220   0   0],14.696938456699069,0.0,100.0,[  0 204   5],[  0 220   0],16.76305461424021,0.0,100.0,[ 15  15 212],[  0   0 220],22.67156809750927,0.0,100.0
19,49,[227  17  15],[220   0   0],23.727621035409346,0.0,100.0,[ 16 224  11],[  0 220   0],19.82422760159901,0.0,100.0,[ 10   3 205],[  0   0 220],18.275666882497067,0.0,100.0
19,50,[203  19   0],[220   0   0],25.495097567963924,0.0,100.0,[ 12 229  18],[  0 220   0],23.430749027719962,0.0,100.0,[  8  13 234],[  0   0 220],20.71231517720798,0.0,100.0
19,51,[217   0  10],[220   0   0],10.44030650891055,0.0,100.0,[ 18 219   4],[  0 220   0],18.466185312619388,0.0,100.0,[ 16   0 212],[  0   0 220],17.88854381999832,0.0,100.0
19,52,[233  14   9],[220   0   0],21.118712081942874,0.0,100.0,[  3 200   4],[  0 220   0],20.615528128088304,0.0,100.0,[  1   0 207],[  0   0 220],13.038404810405298,0.0,100.0
19,53,[204   6  14],[220   0   0],22.090722034374522,0.0,100.0,[  5 210   2],[  0 220   0],11.357816691600547,0.0,100.0,[  5   1 215],[  0   0 220],7.14142842854285,0.0,100.0
19,54,[223   3  18],[220   0   0],18.49324200890693,0.0,100.0,[ 18 239  15],[  0 220   0],30.166206257996713,0.0,100.0,[  8   8 201],[  0   0 220],22.11334438749598,0.0,100.0
19,55,[208  19   4],[220   0   0],22.825424421026653,0.0,100.0,[ 11 200  16],[  0 220   0],27.874719729532707,0.0,100.0,[ 18   1 214],[  0   0 220],19.0,0.0,100.0
19,56,[226  10  16],[220   0   0],19.79898987322333,0.0,100.0,[ 11 234   5],[  0 220   0],18.49324200890693,0.0,100.0,[ 18   1 235],[  0   0 220],23.45207879911715,0.0,100.0
19,57,[212   6  17],[220   0   0],19.72308292331602,0.0,100.0,[ 11 223  16],[  0 220   0],19.6468827043885,0.0,100.0,[  5  10 202],[  0   0 220],21.18962010041709,0.0,100.0
19,58,[214   4   4],[220   0   0],8.246211251235321,0.0,100.0,[  1 238  14],[  0 220   0],22.825424421026653,0.0,100.0,[ 17  15 215],[  0   0 220],23.2163735324878,0.0,100.0
19,59,[234  18  18],[220   0   0],29.0516780926679,0.0,100.0,[  5 210  13],[  0 220   0],17.146428199482248,0.0,100.0,[ 17  19 210],[  0   0 220],27.386127875258307,0.0,100.0
19,60,[200   3  16],[220   0   0],25.787593916455254,0.0,100.0,[ 11 213  16],[  0 220   0],20.639767440550294,0.0,100.0,[  1   3 223],[  0   0 220],4.358898943540674,0.0,100.0
19,61,[201   1  10],[220   0   0],21.494185260204677,0.0,100.0,[  1 204   5],[  0 220   0],16.792855623746664,0.0,100.0,[  1  12 205],[  0   0 220],19.235384061671343,0.0,100.0
19,62,[236   8   0],[220   0   0],17.88854381999832,0.0,100.0,[  3 225  12],[  0 220   0],13.341664064126334,0.0,100.0,[  0   6 205],[  0   0 220],16.15549442140351,0.0,100.0
19,63,[200  19  12],[220   0   0],30.083217912982647,0.0,100.0,[ 14 223  11],[  0 220   0],18.05547008526779,0.0,100.0,[ 13  16 204],[  0   0 220],26.095976701399778,0.0,100.0
20,0,[220   5   7],[220   0   0],8.602325267042627,0.0,100.0,[  5 213  17],[  0 220   0],19.05255888325765,0.0,100.0,[ 16   4 216],[  0   0 220],16.97056274847714,0.0,100.0
20,1,[210  17   6],[220   0   0],20.615528128088304,0.0,100.0,[  5 238  19],[  0 220   0],26.645825188948457,0.0,100.0,[  6  17 202],[  0   0 220],25.475478405713993,0.0,100.0
20,2,[228  10   0],[220   0   0],12.806248474865697,0.0,100.0,[ 19 207  16],[  0 220   0],28.035691537752374,0.0,100.0,[ 18  16 201],[  0   0 220],30.675723300355934,0.0,100.0
20,3,[233   8  15],[220   0   0],21.400934559032695,0.0,100.0,[ 18 213   5],[  0 220   0],19.949937343260004,0.0,100.0,[ 14   2 211],[  0   0 220],16.76305461424021,0.0,100.0
20,4,[224  16   6],[220   0   0],17.549928774784245,0.0,100.0,[ 18 232  12],[  0 220   0],24.73863375370596,0.0,100.0,[ 14   2 219],[  0   0 220],14.177446878757825,0.0,100.0
20,5,[229  19  13],[220   0   0],24.71841418861655,0.0,100.0,[  6 215   6],[  0 220   0],9.848857801796104,0.0,100.0,[ 12  14 206],[  0   0 220],23.15167380558045,0.0,100.0
20,6,[214   5   2],[220   0   0],8.06225774829855,0.0,100.0,[ 10 205  13],[  0 220   0],22.22611077089287,0.0,100.0,[ 15  11 213],[  0   0 220],19.87460691435179,0.0,100.0
20,7,[235   8   5],[220   0   0],17.72004514666935,0.0,100.0,[ 14 200   2],[  0 220   0],24.49489742783178,0.0,100.0,[  2  11 202],[  0   0 220],21.18962010041709,0.0,100.0
20,8,[207  14   9],[220   0   0],21.118712081942874,0.0,100.0,[ 14 208  14],[  0 220   0],23.15167380558045,0.0,100.0,[  6  11 207],[  0   0 220],18.05547008526779,0.0,100.0
20,9,[239   1   3],[220   0   0],19.261360284258224,0.0,100.0,[  1 227  19],[  0 220   0],20.273134932713294,0.0,100.0,[  9   8 218],[  0   0 220],12.206555615733702,0.0,100.0
20,10,[226  10  12],[220   0   0],16.73320053068151,0.0,100.0,[ 13 204  14],[  0 220   0],24.919871588754223,0.0,100.0,[ 13   0 202],[  0   0 220],22.20360331117452,0.0,100.0
20,11,[234  18  13],[220   0   0],26.248809496813376,0.0,100.0,[ 19 214   6],[  0 220   0],20.808652046684813,0.0,100.0,[ 14   9 232],[  0   0 220],20.518284528683193,0.0,100.0
20,12,[203   9  11],[220   0   0],22.15851980616034,0.0,100.0,[  5 225   7],[  0 220   0],9.9498743710662,0.0,100.0,[ 13  17 237],[  0   0 220],27.331300737432898,0.0,100.0
20,13,[204   9   9],[220   0   0],20.445048300260872,0.0,100.0,[ 12 214   0],[  0 220   0],13.416407864998739,0.0,100.0,[  2  13 229],[  0   0 220],15.937377450509228,0.0,100.0
20,14,[210   6  10],[220   0   0],15.362291495737216,0.0,100.0,[  8 235   2],[  0 220   0],17.11724276862369,0.0,100.0,[ 17  10 233],[  0   0 220],23.62202362203543,0.0,100.0
20,15,[214   2  15],[220   0   0],16.278820596099706,0.0,100.0,[ 13 217   5],[  0 220   0],14.247806848775006,0.0,100.0,[ 15  14 202],[  0   0 220],27.294688127912362,0.0,100.0
20,16,[215  17  11],[220   0   0],20.85665361461421,0.0,100.0,[ 15 229  16],[  0 220   0],23.706539182259394,0.0,100.0,[ 19  10 229],[  0   0 220],23.280893453645632,0.0,100.0
20,17,[228  16  12],[220   0   0],21.540659228538015,0.0,100.0,[  6 205  18],[  0 220   0],24.186773244895647,0.0,100.0,[ 11  10 226],[  0   0 220],16.0312195418814,0.0,100.0
20,18,[211  10   4],[220   0   0],14.035668847618199,0.0,100.0,[ 16 202   0],[  0 220   0],24.08318915758459,0.0,100.0,[  0   1 238],[  0   0 220],18.027756377319946,0.0,100.0
20,19,[221  10   9],[220   0   0],13.490737563232042,0.0,100.0,[  0 205   4],[  0 220   0],15.524174696260024,0.0,100.0,[  9  12 217],[  0   0 220],15.297058540778355,0.0,100.0
20,20,[227   4  19],[220   0   0],20.639767440550294,0.0,100.0,[  9 228   5],[  0 220   0],13.038404810405298,0.0,100.0,[  1  19 238],[  0   0 220],26.19160170741759,0.0,100.0
20,21,[228   4   5],[220   0   0],10.246950765959598,0.0,100.0,[ 18 230   3],[  0 220   0],20.808652046684813,0.0,100.0,[ 19  11 200],[  0   0 220],29.698484809834994,0.0,100.0
20,22,[227  19  14],[220   0   0],24.61706725018234,0.0,100.0,[  5 238  14],[  0 220   0],23.345235059857504,0.0,100.0,[ 17   1 221],[  0   0 220],17.05872210923198,0.0,100.0
20,23,[226  16  16],[220   0   0],23.40939982143925,0.0,100.0,[  5 200   2],[  0 220   0],20.71231517720798,0.0,100.0,[ 10   4 220],[  0   0 220],10.770329614269007,0.0,100.0
20,24,[205   2   0],[220   0   0],15.132745950421556,0.0,100.0,[ 17 216   5],[  0 220   0],18.16590212458495,0.0,100.0,[ 12  11 217],[  0   0 220],16.55294535724685,0.0,100.0
20,25,[211   1   9],[220   0   0],12.767145334803704,0.0,100.0,[  5 238  18],[  0 220   0],25.942243542145693,0.0,100.0,[ 17  13 200],[  0   0 220],29.29163703175362,0.0,100.0
20,26,[213   8   5],[220   0   0],11.74734012447073,0.0,100.0,[  3 204   3],[  0 220   0],16.55294535724685,0.0,100.0,[ 16  17 208],[  0   0 220],26.248809496813376,0.0,100.0
20,27,[225  18  12],[220   0   0],22.20360331117452,0.0,100.0,[  2 233  19],[  0 220   0],23.108440016582687,0.0,100.0,[  7   5 222],[  0   0 220],8.831760866327848,0.0,100.0
20,28,[202  13  15],[220   0   0],26.795522013948524,0.0,100.0,[  9 238  17],[  0 220   0],26.343879744638983,0.0,100.0,[  6   2 230],[  0   0 220],11.832159566199232,0.0,100.0
20,29,[223  18  12],[220   0   0],21.840329667841555,0.0,100.0,[  0 238   0],[  0 220   0],18.0,0.0,100.0,[ 15   1 220],[  0   0 220],15.033296378372908,0.0,100.0
20,30,[220   1  11],[220   0   0],11.045361017187261,0.0,100.0,[ 18 213  14],[  0 220   0],23.853720883753127,0.0,100.0,[ 16   4 200],[  0   0 220],25.92296279363144,0.0,100.0
20,31,[223   1  18],[220   0   0],18.275666882497067,0.0,100.0,[  3 215  14],[  0 220   0],15.165750888103101,0.0,100.0,[ 11  19 204],[  0   0 220],27.16615541441225,0.0,100.0
20,32,[226  12   0],[220   0   0],13.416407864998739,0.0,100.0,[  6 232   1],[  0 220   0],13.45362404707371,0.0,100.0,[ 14  17 231],[  0   0 220],24.61706725018234,0.0,100.0
20,33,[232   3  11],[220   0   0],16.55294535724685,0.0,100.0,[  8 211  12],[  0 220   0],17.0,0.0,100.0,[ 12  10 223],[  0   0 220],15.905973720586866,0.0,100.0
20,34,[225   8  14],[220   0   0],16.881943016134134,0.0,100.0,[ 18 238   8],[  0 220   0],26.68332812825267,0.0,100.0,[  7  12 205],[  0   0 220],20.445048300260872,0.0,100.0
20,35,[204   1   6],[220   0   0],17.11724276862369,0.0,100.0,[ 18 227  16],[  0 220   0],25.079872407968907,0.0,100.0,[  2   6 204],[  0   0 220],17.204650534085253,0.0,100.0
20,36,[239   2   8],[220   0   0],20.71231517720798,0.0,100.0,[  1 235  17],[  0 220   0],22.693611435820433,0.0,100.0,[ 10   3 210],[  0   0 220],14.45683229480096,0.0,100.0
20,37,[239   2  10],[220   0   0],21.563858652847824,0.0,100.0,[ 14 227  18],[  0 220   0],23.853720883753127,0.0,100.0,[ 12  16 236],[  0   0 220],25.612496949731394,0.0,100.0
20,38,[237  18   3],[220   0   0],24.939927826679853,0.0,100.0,[  1 203  18],[  0 220   0],24.779023386727733,0.0,100.0,[ 19   0 215],[  0   0 220],19.6468827043885,0.0,100.0
20,39,[237  17   5],[220   0   0],24.55605831561735,0.0,100.0,[ 18 232  11],[  0 220   0],24.269322199023193,0.0,100.0,[ 19  14 210],[  0   0 220],25.632011235952593,0.0,100.0
20,40,[203  11   4],[220   0   0],20.639767440550294,0.0,100.0,[  6 211  10],[  0 220   0],14.730919862656235,0.0,100.0,[ 14  14 239],[  0   0 220],27.440845468024488,0.0,100.0
20,41,[208  12  12],[220   0   0],20.784609690826528,0.0,100.0,[  2 233  13],[  0 220   0],18.49324200890693,0.0,100.0,[  8   8 215],[  0   0 220],12.36931687685298,0.0,100.0
20,42,[230   1  10],[220   0   0],14.177446878757825,0.0,100.0,[  0 204   2],[  0 220   0],16.1245154965971,0.0,100.0,[  4   0 227],[  0   0 220],8.06225774829855,0.0,100.0
20,43,[200   5   4],[220   0   0],21.0,0.0,100.0,[  7 223   6],[  0 220   0],9.695359714832659,0.0,100.0,[  5   7 225],[  0   0 220],9.9498743710662,0.0,100.0
20,44,[205  10  17],[220   0   0],24.779023386727733,0.0,100.0,[  2 221   9],[  0 220   0],9.273618495495704,0.0,100.0,[  2   1 212],[  0   0 220],8.306623862918075,0.0,100.0
20,45,[206   0   9],[220   0   0],16.64331697709324,0.0,100.0,[  3 217   2],[  0 220   0],4.69041575982343,0.0,100.0,[ 16  19 213],[  0   0 220],25.80697580112788,0.0,100.0
20,46,[208   6  16],[220   0   0],20.8806130178211,0.0,100.0,[  7 236  18],[  0 220   0],25.079872407968907,0.0,100.0,[  7   7 231],[  0   0 220],14.798648586948742,0.0,100.0
20,47,[217  10  16],[220   0   0],19.1049731745428,0.0,100.0,[  2 224  17],[  0 220   0],17.578395831246947,0.0,100.0,[  9  10 235],[  0   0 220],20.149441679609886,0.0,100.0
20,48,[204  13  12],[220   0   0],23.853720883753127,0.0,100.0,[  2 223  18],[  0 220   0],18.35755975068582,0.0,100.0,[  6  13 238],[  0   0 220],23.0,0.0,100.0
20,49,[230   4  12],[220   0   0],16.1245154965971,0.0,100.0,[ 16 207   0],[  0 220   0],20.615528128088304,0.0,100.0,[  3  18 236],[  0   0 220],24.269322199023193,0.0,100.0
20,50,[210  19  13],[220   0   0],25.099800796022265,0.0,100.0,[ 17 227   1],[  0 220   0],18.411952639521967,0.0,100.0,[ 16  16 235],[  0   0 220],27.147743920996454,0.0,100.0
20,51,[204  12  18],[220   0   0],26.90724809414742,0.0,100.0,[  0 225  19],[  0 220   0],19.6468827043885,0.0,100.0,[ 18  16 232],[  0   0 220],26.90724809414742,0.0,100.0
20,52,[224  10  17],[220   0   0],20.12461179749811,0.0,100.0,[  4 208  18],[  0 220   0],22.0,0.0,100.0,[  6   4 226],[  0   0 220],9.38083151964686,0.0,100.0
20,53,[222  15   7],[220   0   0],16.673332000533065,0.0,100.0,[  1 238   0],[  0 220   0],18.027756377319946,0.0,100.0,[  0  12 220],[  0   0 220],12.0,0.0,100.0
20,54,[206   0   9],[220   0   0],16.64331697709324,0.0,100.0,[  4 234  14],[  0 220   0],20.199009876724155,0.0,100.0,[  2   7 212],[  0   0 220],10.816653826391969,0.0,100.0
20,55,[215  19  10],[220   0   0],22.045407685048602,0.0,100.0,[  6 211  12],[  0 220   0],16.15549442140351,0.0,100.0,[  4  15 214],[  0   0 220],16.64331697709324,0.0,100.0
20,56,[225   0  14],[220   0   0],14.866068747318506,0.0,100.0,[ 10 210   9],[  0 220   0],16.76305461424021,0.0,100.0,[ 10   8 226],[  0   0 220],14.142135623730951,0.0,100.0
20,57,[209  18   1],[220   0   0],21.118712081942874,0.0,100.0,[ 19 206  17],[  0 220   0],29.086079144497972,0.0,100.0,[ 12  12 219],[  0   0 220],17.0,0.0,100.0
20,58,[207  12  17],[220   0   0],24.535688292770594,0.0,100.0,[  6 233   6],[  0 220   0],15.524174696260024,0.0,100.0,[ 11  18 200],[  0   0 220],29.068883707497267,0.0,100.0
20,59,[211  14   9],[220   0   0],18.920887928424502,0.0,100.0,[  2 220   0],[  0 220   0],2.0,0.0,100.0,[ 10   5 212],[  0   0 220],13.74772708486752,0.0,100.0
20,60,[219  17  18],[220   0   0],24.779023386727733,0.0,100.0,[  9 226   1],[  0 220   0],10.862780491200215,0.0,100.0,[  9   8 237],[  0   0 220],20.83266665599966,0.0,100.0
20,61,[234   6   9],[220   0   0],17.69180601295413,0.0,100.0,[ 15 229   2],[  0 220   0],17.60681686165901,0.0,100.0,[  5  18 234],[  0   0 220],23.345235059857504,0.0,100.0
20,62,[238   7   1],[220   0   0],19.339079605813716,0.0,100.0,[ 11 200  16],[  0 220   0],27.874719729532707,0.0,100.0,[ 15   4 226],[  0   0 220],16.64331697709324,0.0,100.0
20,63,[206   3  18],[220   0   0],23.0,0.0,100.0,[ 12 223  11],[  0 220   0],16.55294535724685,0.0,100.0,[ 17   5 222],[  0   0 220],17.832554500127006,0.0,100.0
21,0,[211   2  10],[220   0   0],13.601470508735444,0.0,100.0,[ 10 239   9],[  0 220   0],23.280893453645632,0.0,100.0,[ 15   8 234],[  0   0 220],22.02271554554524,0.0,100.0
21,1,[229  19  16],[220   0   0],26.419689627245813,0.0,100.0,[  2 206  14],[  0 220   0],19.8997487421324,0.0,100.0,[ 11  17 232],[  0   0 220],23.53720459187964,0.0,100.0
21,2,[200   0   1],[220   0   0],20.024984394500787,0.0,100.0,[ 14 214   6],[  0 220   0],16.3707055437449,0.0,100.0,[  6  12 234],[  0   0 220],19.390719429665317,0.0,100.0
21,3,[207   2   0],[220   0   0],13.152946437965905,0.0,100.0,[ 13 207  17],[  0 220   0],25.03996805109783,0.0,100.0,[  4  11 215],[  0   0 220],12.727922061357855,0.0,100.0
21,4,[221   7  16],[220   0   0],17.4928556845359,0.0,100.0,[  3 239  18],[  0 220   0],26.343879744638983,0.0,100.0,[  1   3 225],[  0   0 220],5.916079783099616,0.0,100.0
21,5,[211   8   9],[220   0   0],15.033296378372908,0.0,100.0,[ 17 217  11],[  0 220   0],20.46948949045872,0.0,100.0,[  5   6 213],[  0   0 220],10.488088481701515,0.0,100.0
21,6,[238   1  10],[220   0   0],20.615528128088304,0.0,100.0,[ 16 205   0],[  0 220   0],21.93171219946131,0.0,100.0,[  8  17 214],[  0   0 220],19.72308292331602,0.0,100.0
21,7,[221  11   0],[220   0   0],11.045361017187261,0.0,100.0,[ 14 214   2],[  0 220   0],15.362291495737216,0.0,100.0,[  2  14 223],[  0   0 220],14.45683229480096,0.0,100.0
21,8,[228  13   5],[220   0   0],16.06237840420901,0.0,100.0,[ 14 232   2],[  0 220   0],18.547236990991408,0.0,100.0,[  8  15 207],[  0   0 220],21.400934559032695,0.0,100.0
21,9,[239  19   6],[220   0   0],27.53179979587241,0.0,100.0,[  8 236  19],[  0 220   0],26.095976701399778,0.0,100.0,[ 16  13 204],[  0   0 220],26.095976701399778,0.0,100.0
21,10,[219  19   4],[220   0   0],19.44222209522358,0.0,100.0,[  5 204  16],[  0 220   0],23.173260452512935,0.0,100.0,[  9   9 237],[  0   0 220],21.236760581595302,0.0,100.0
21,11,[234  16  16],[220   0   0],26.60826939130014,0.0,100.0,[ 16 233   5],[  0 220   0],21.213203435596427,0.0,100.0,[ 16   9 203],[  0   0 220],25.019992006393608,0.0,100.0
21,12,[215   2  12],[220   0   0],13.152946437965905,0.0,100.0,[ 12 205   3],[  0 220   0],19.44222209522358,0.0,100.0,[  9   7 213],[  0   0 220],13.379088160259652,0.0,100.0
21,13,[229  14   1],[220   0   0],16.673332000533065,0.0,100.0,[  4 233   1],[  0 220   0],13.638181696985855,0.0,100.0,[ 18  14 203],[  0   0 220],28.442925306655784,0.0,100.0
21,14,[212  19   0],[220   0   0],20.615528128088304,0.0,100.0,[ 19 210   4],[  0 220   0],21.840329667841555,0.0,100.0,[  7  15 211],[  0   0 220],18.841443681416774,0.0,100.0
21,15,[236  17  10],[220   0   0],25.39685019840059,0.0,100.0,[  6 222   0],[  0 220   0],6.324555320336759,0.0,100.0,[  8  13 210],[  0   0 220],18.24828759089466,0.0,100.0
21,16,[233  18   2],[220   0   0],22.293496809607955,0.0,100.0,[ 12 235  18],[  0 220   0],26.324893162176366,0.0,100.0,[ 11  17 200],[  0   0 220],28.460498941515414,0.0,100.0
21,17,[214  10   9],[220   0   0],14.730919862656235,0.0,100.0,[ 11 207  10],[  0 220   0],19.748417658131498,0.0,100.0,[  7  17 207],[  0   0 220],22.516660498395403,0.0,100.0
21,18,[232  15  19],[220   0   0],27.018512172212592,0.0,100.0,[  3 212  17],[  0 220   0],19.026297590440446,0.0,100.0,[  3  15 214],[  0   0 220],16.431676725154983,0.0,100.0
21,19,[232  18   3],[220   0   0],21.840329667841555,0.0,100.0,[  5 227  13],[  0 220   0],15.588457268119896,0.0,100.0,[  7  11 234],[  0   0 220],19.131126469708992,0.0,100.0
21,20,[203   2  18],[220   0   0],24.839484696748443,0.0,100.0,[  7 226   1],[  0 220   0],9.273618495495704,0.0,100.0,[ 10  12 217],[  0   0 220],15.905973720586866,0.0,100.0
21,21,[210  13  10],[220   0   0],19.209372712298546,0.0,100.0,[ 10 221  12],[  0 220   0],15.652475842498529,0.0,100.0,[ 11   0 232],[  0   0 220],16.278820596099706,0.0,100.0
21,22,[219  13   4],[220   0   0],13.638181696985855,0.0,100.0,[  8 212   8],[  0 220   0],13.856406460551018,0.0,100.0,[  8  15 212],[  0   0 220],18.788294228055936,0.0,100.0
21,23,[203   7   1],[220   0   0],18.411952639521967,0.0,100.0,[  2 224   7],[  0 220   0],8.306623862918075,0.0,100.0,[  6  10 218],[  0   0 220],11.832159566199232,0.0,100.0
21,24,[205  17  15],[220   0   0],27.184554438136374,0.0,100.0,[ 18 213  10],[  0 220   0],21.748563170931547,0.0,100.0,[  5   6 239],[  0   0 220],20.54263858417414,0.0,100.0
21,25,[200  12  13],[220   0   0],26.70205984563738,0.0,100.0,[ 15 226  18],[  0 220   0],24.186773244895647,0.0,100.0,[  1   8 216],[  0   0 220],9.0,0.0,100.0
21,26,[233   8   8],[220   0   0],17.233687939614086,0.0,100.0,[ 17 213  14],[  0 220   0],23.108440016582687,0.0,100.0,[ 10  16 218],[  0   0 220],18.973665961010276,0.0,100.0
21,27,[204   3   4],[220   0   0],16.76305461424021,0.0,100.0,[  8 218  18],[  0 220   0],19.79898987322333,0.0,100.0,[ 10  18 204],[  0   0 220],26.076809620810597,0.0,100.0
21,28,[220  17   5],[220   0   0],17.72004514666935,0.0,100.0,[  0 229  14],[  0 220   0],16.64331697709324,0.0,100.0,[ 14   7 226],[  0   0 220],16.76305461424021,0.0,100.0
21,29,[212   2  14],[220   0   0],16.24807680927192,0.0,100.0,[  4 207   0],[  0 220   0],13.601470508735444,0.0,100.0,[ 11  12 209],[  0   0 220],19.6468827043885,0.0,100.0
21,30,[203  10   0],[220   0   0],19.72308292331602,0.0,100.0,[  8 207  19],[  0 220   0],24.372115213907882,0.0,100.0,[ 14  13 202],[  0   0 220],26.248809496813376,0.0,100.0
21,31,[218   0  14],[220   0   0],14.142135623730951,0.0,100.0,[  4 209  10],[  0 220   0],15.394804318340652,0.0,100.0,[  6  17 203],[  0   0 220],24.779023386727733,0.0,100.0
21,32,[229  19  10],[220   0   0],23.280893453645632,0.0,100.0,[  8 219  15],[  0 220   0],17.029386365926403,0.0,100.0,[  2   9 236],[  0   0 220],18.466185312619388,0.0,100.0
21,33,[205  12   0],[220   0   0],19.209372712298546,0.0,100.0,[ 18 229   3],[  0 220   0],20.346989949375804,0.0,100.0,[  2   5 235],[  0   0 220],15.937377450509228,0.0,100.0
21,34,[234   4  16],[220   0   0],21.633307652783937,0.0,100.0,[ 13 213   1],[  0 220   0],14.798648586948742,0.0,100.0,[ 16   8 238],[  0   0 220],25.37715508089904,0.0,100.0
21,35,[214   3   0],[220   0   0],6.708203932499369,0.0,100.0,[ 12 209   1],[  0 220   0],16.30950643030009,0.0,100.0,[ 14   1 215],[  0   0 220],14.89966442575134,0.0,100.0
21,36,[200   1  15],[220   0   0],25.019992006393608,0.0,100.0,[ 16 213   0],[  0 220   0],17.46424919657298,0.0,100.0,[  1  16 227],[  0   0 220],17.4928556845359,0.0,100.0
21,37,[237  18  14],[220   0   0],28.442925306655784,0.0,100.0,[ 17 214   9],[  0 220   0],20.149441679609886,0.0,100.0,[ 16   7 232],[  0   0 220],21.18962010041709,0.0,100.0
21,38,[229  17   6],[220   0   0],20.149441679609886,0.0,100.0,[ 19 206   4],[  0 220   0],23.93741840717165,0.0,100.0,[  3   0 219],[  0   0 220],3.1622776601683795,0.0,100.0
21,39,[220   6   3],[220   0   0],6.708203932499369,0.0,100.0,[  9 233  10],[  0 220   0],18.708286933869708,0.0,100.0,[ 19  12 214],[  0   0 220],23.259406699226016,0.0,100.0
21,40,[223   3  18],[220   0   0],18.49324200890693,0.0,100.0,[  5 204   5],[  0 220   0],17.4928556845359,0.0,100.0,[  5  13 235],[  0   0 220],20.46948949045872,0.0,100.0
21,41,[203  10  11],[220   0   0],22.58317958127243,0.0,100.0,[ 19 222  10],[  0 220   0],21.563858652847824,0.0,100.0,[  3   4 226],[  0   0 220],7.810249675906654,0.0,100.0
21,42,[238   4  15],[220   0   0],23.769728648009426,0.0,100.0,[ 16 227  17],[  0 220   0],24.372115213907882,0.0,100.0,[ 12  18 219],[  0   0 220],21.656407827707714,0.0,100.0
21,43,[208  15  15],[220   0   0],24.372115213907882,0.0,100.0,[  5 232   3],[  0 220   0],13.341664064126334,0.0,100.0,[  5  14 214],[  0   0 220],16.0312195418814,0.0,100.0
21,44,[223  17  16],[220   0   0],23.53720459187964,0.0,100.0,[ 10 211  10],[  0 220   0],16.76305461424021,0.0,100.0,[  1   4 206],[  0   0 220],14.594519519326424,0.0,100.0
21,45,[200  12   6],[220   0   0],24.08318915758459,0.0,100.0,[ 10 201   4],[  0 220   0],21.840329667841555,0.0,100.0,[  3  17 219],[  0   0 220],17.291616465790582,0.0,100.0
21,46,[214  16  12],[220   0   0],20.8806130178211,0.0,100.0,[ 16 203  12],[  0 220   0],26.248809496813376,0.0,100.0,[ 19  16 207],[  0   0 220],28.035691537752374,0.0,100.0
21,47,[239   4   8],[220   0   0],21.0,0.0,100.0,[  5 213   9],[  0 220   0],12.449899597988733,0.0,100.0,[  2  12 232],[  0   0 220],17.08800749063506,0.0,100.0
21,48,[235  10   1],[220   0   0],18.05547008526779,0.0,100.0,[ 17 227   6],[  0 220   0],19.339079605813716,0.0,100.0,[ 12  14 234],[  0   0 220],23.15167380558045,0.0,100.0
21,49,[209   8  17],[220   0   0],21.77154105707724,0.0,100.0,[ 11 208  16],[  0 220   0],22.825424421026653,0.0,100.0,[ 16   2 218],[  0   0 220],16.24807680927192,0.0,100.0
21,50,[208   7   9],[220   0   0],16.55294535724685,0.0,100.0,[  5 218  12],[  0 220   0],13.152946437965905,0.0,100.0,[ 12  17 222],[  0   0 220],20.904544960366874,0.0,100.0
21,51,[202   9  19],[220   0   0],27.676705006196094,0.0,100.0,[ 10 219   3],[  0 220   0],10.488088481701515,0.0,100.0,[ 19  15 208],[  0   0 220],27.018512172212592,0.0,100.0
21,52,[230  18  14],[220   0   0],24.899799195977465,0.0,100.0,[  4 205  12],[  0 220   0],19.621416870348583,0.0,100.0,[ 13   9 234],[  0   0 220],21.118712081942874,0.0,100.0
21,53,[208   8  13],[220   0   0],19.4164878389476,0.0,100.0,[  1 202   2],[  0 220   0],18.138357147217054,0.0,100.0,[  6   4 215],[  0   0 220],8.774964387392123,0.0,100.0
21,54,[204  14  14],[220   0   0],25.45584412271571,0.0,100.0,[  6 206  17],[  0 220   0],22.825424421026653,0.0,100.0,[ 11   9 207],[  0   0 220],19.261360284258224,0.0,100.0
21,55,[222   3   1],[220   0   0],3.7416573867739413,0.0,100.0,[  4 200  17],[  0 220   0],26.551836094703507,0.0,100.0,[  1   1 221],[  0   0 220],1.7320508075688772,0.0,100.0
21,56,[219   0   3],[220   0   0],3.1622776601683795,0.0,100.0,[ 19 201   9],[  0 220   0],28.337254630609507,0.0,100.0,[ 18  11 203],[  0   0 220],27.09243436828813,0.0,100.0
21,57,[212   3   6],[220   0   0],10.44030650891055,0.0,100.0,[ 15 212   6],[  0 220   0],18.027756377319946,0.0,100.0,[  5  13 210],[  0   0 220],17.146428199482248,0.0,100.0
21,58,[218   8   1],[220   0   0],8.306623862918075,0.0,100.0,[  2 203   6],[  0 220   0],18.138357147217054,0.0,100.0,[ 16   7 217],[  0   0 220],17.72004514666935,0.0,100.0
21,59,[239  11  16],[220   0   0],27.16615541441225,0.0,100.0,[ 10 216   6],[  0 220   0],12.328828005937952,0.0,100.0,[ 12   7 207],[  0   0 220],19.026297590440446,0.0,100.0
21,60,[204   0   3],[220   0   0],16.278820596099706,0.0,100.0,[ 13 238   6],[  0 220   0],23.0,0.0,100.0,[ 12  11 235],[  0   0 220],22.135943621178654,0.0,100.0
21,61,[209  19  18],[220   0   0],28.39013913315678,0.0,100.0,[  6 205  15],[  0 220   0],22.045407685048602,0.0,100.0,[  6  11 226],[  0   0 220],13.892443989449804,0.0,100.0
21,62,[239   3  15],[220   0   0],24.392621835300936,0.0,100.0,[  7 218  13],[  0 220   0],14.89966442575134,0.0,100.0,[  3  13 214],[  0   0 220],14.628738838327793,0.0,100.0
21,63,[234  16  10],[220   0   0],23.49468024894146,0.0,100.0,[ 17 239   0],[  0 220   0],25.495097567963924,0.0,100.0,[  0  16 233],[  0   0 220],20.615528128088304,0.0,100.0
22,0,[212   5   3],[220   0   0],9.899494936611665,0.0,100.0,[ 15 211   3],[  0 220   0],17.74823934929885,0.0,100.0,[  5  17 209],[  0   0 220],20.85665361461421,0.0,100.0
22,1,[232  17  16],[220   0   0],26.248809496813376,0.0,100.0,[ 12 237   9],[  0 220   0],22.67156809750927,0.0,100.0,[  1   8 223],[  0   0 220],8.602325267042627,0.0,100.0
22,2,[215   7   8],[220   0   0],11.74734012447073,0.0,100.0,[ 16 201  15],[  0 220   0],29.017236257093817,0.0,100.0,[ 18  12 220],[  0   0 220],21.633307652783937,0.0,100.0
22,3,[214  12  14],[220   0   0],19.390719429665317,0.0,100.0,[ 13 214   2],[  0 220   0],14.45683229480096,0.0,100.0,[  0   4 216],[  0   0 220],5.656854249492381,0.0,100.0
22,4,[206   0   4],[220   0   0],14.560219778561036,0.0,100.0,[  8 214   1],[  0 220   0],10.04987562112089,0.0,100.0,[ 10   6 234],[  0   0 220],18.2208671582886,0.0,100.0
22,5,[210   5  15],[220   0   0],18.708286933869708,0.0,100.0,[ 16 206  13],[  0 220   0],24.919871588754223,0.0,100.0,[  8  10 230],[  0   0 220],16.24807680927192,0.0,100.0
22,6,[219  12  17],[220   0   0],20.83266665599966,0.0,100.0,[ 16 230   8],[  0 220   0],20.493901531919196,0.0,100.0,[ 10   5 204],[  0   0 220],19.519221295943137,0.0,100.0
22,7,[211   7  17],[220   0   0],20.46948949045872,0.0,100.0,[ 11 217   2],[  0 220   0],11.575836902790225,0.0,100.0,[  2  18 203],[  0   0 220],24.839484696748443,0.0,100.0
22,8,[221   1   9],[220   0   0],9.1104335791443,0.0,100.0,[  3 222  17],[  0 220   0],17.378147196982766,0.0,100.0,[ 13  16 216],[  0   0 220],21.0,0.0,100.0
22,9,[229  18   1],[220   0   0],20.149441679609886,0.0,100.0,[ 18 217  15],[  0 220   0],23.62202362203543,0.0,100.0,[ 10   4 226],[  0   0 220],12.328828005937952,0.0,100.0
22,10,[237   6   6],[220   0   0],19.0,0.0,100.0,[  2 222  15],[  0 220   0],15.264337522473747,0.0,100.0,[  3   9 235],[  0   0 220],17.74823934929885,0.0,100.0
22,11,[217  16   5],[220   0   0],17.029386365926403,0.0,100.0,[  6 202   7],[  0 220   0],20.223748416156685,0.0,100.0,[ 19   0 203],[  0   0 220],25.495097567963924,0.0,100.0
22,12,[203  10   4],[220   0   0],20.12461179749811,0.0,100.0,[ 12 225   2],[  0 220   0],13.152946437965905,0.0,100.0,[  4  18 236],[  0   0 220],24.413111231467404,0.0,100.0
22,13,[230  11  11],[220   0   0],18.49324200890693,0.0,100.0,[  9 201   1],[  0 220   0],21.047565179849187,0.0,100.0,[  2   5 230],[  0   0 220],11.357816691600547,0.0,100.0
22,14,[203  12  19],[220   0   0],28.178005607210743,0.0,100.0,[ 10 237  16],[  0 220   0],25.39685019840059,0.0,100.0,[  5  14 202],[  0   0 220],23.345235059857504,0.0,100.0
22,15,[200  15  18],[220   0   0],30.805843601498726,0.0,100.0,[ 17 215   1],[  0 220   0],17.74823934929885,0.0,100.0,[  7  13 235],[  0   0 220],21.047565179849187,0.0,100.0
22,16,[235   1  11],[220   0   0],18.627936010197157,0.0,100.0,[ 12 236   1],[  0 220   0],20.024984394500787,0.0,100.0,[ 11  10 209],[  0   0 220],18.49324200890693,0.0,100.0
22,17,[229  10  17],[220   0   0],21.6794833886788,0.0,100.0,[ 16 205   6],[  0 220   0],22.737634001804146,0.0,100.0,[ 14   7 205],[  0   0 220],21.6794833886788,0.0,100.0
22,18,[225  13  19],[220   0   0],23.558437978779494,0.0,100.0,[  0 227   3],[  0 220   0],7.615773105863909,0.0,100.0,[  3   8 226],[  0   0 220],10.44030650891055,0.0,100.0
22,19,[225  15  10],[220   0   0],18.708286933869708,0.0,100.0,[ 10 200  14],[  0 220   0],26.38181191654584,0.0,100.0,[ 19   4 225],[  0   0 220],20.049937655763422,0.0,100.0
22,20,[219   3   5],[220   0   0],5.916079783099616,0.0,100.0,[  9 236   5],[  0 220   0],19.026297590440446,0.0,100.0,[  5   8 222],[  0   0 220],9.643650760992955,0.0,100.0
22,21,[235  16  10],[220   0   0],24.1039415863879,0.0,100.0,[  7 237  14],[  0 220   0],23.108440016582687,0.0,100.0,[ 12   0 205],[  0   0 220],19.209372712298546,0.0,100.0
22,22,[211   0  14],[220   0   0],16.64331697709324,0.0,100.0,[ 15 223   0],[  0 220   0],15.297058540778355,0.0,100.0,[  9   3 215],[  0   0 220],10.723805294763608,0.0,100.0
22,23,[233   6   2],[220   0   0],14.45683229480096,0.0,100.0,[  6 204   4],[  0 220   0],17.549928774784245,0.0,100.0,[ 19   3 215],[  0   0 220],19.87460691435179,0.0,100.0
22,24,[239   7  11],[220   0   0],23.043437243605826,0.0,100.0,[ 15 232   7],[  0 220   0],20.445048300260872,0.0,100.0,[  8  15 228],[  0   0 220],18.788294228055936,0.0,100.0
22,25,[228  17   0],[220   0   0],18.788294228055936,0.0,100.0,[ 14 231   9],[  0 220   0],19.949937343260004,0.0,100.0,[ 12  10 213],[  0   0 220],17.11724276862369,0.0,100.0
22,26,[211   9   6],[220   0   0],14.071247279470288,0.0,100.0,[  6 216  10],[  0 220   0],12.328828005937952,0.0,100.0,[  2  14 236],[  0   0 220],21.354156504062622,0.0,100.0
22,27,[210   5   2],[220   0   0],11.357816691600547,0.0,100.0,[ 10 220   3],[  0 220   0],10.44030650891055,0.0,100.0,[ 15   8 213],[  0   0 220],18.384776310850235,0.0,100.0
22,28,[227  18   6],[220   0   0],20.223748416156685,0.0,100.0,[ 16 224  17],[  0 220   0],23.68543856465402,0.0,100.0,[  8  17 233],[  0   0 220],22.847319317591726,0.0,100.0
22,29,[218  10  15],[220   0   0],18.138357147217054,0.0,100.0,[  1 208  16],[  0 220   0],20.024984394500787,0.0,100.0,[ 12  10 235],[  0   0 220],21.656407827707714,0.0,100.0
22,30,[236   5  14],[220   0   0],21.840329667841555,0.0,100.0,[  5 217  10],[  0 220   0],11.575836902790225,0.0,100.0,[  4   7 217],[  0   0 220],8.602325267042627,0.0,100.0
22,31,[203   8   7],[220   0   0],20.049937655763422,0.0,100.0,[ 16 229  15],[  0 220   0],23.706539182259394,0.0,100.0,[  3   2 230],[  0   0 220],10.63014581273465,0.0,100.0
22,32,[216   8  14],[220   0   0],16.61324772583615,0.0,100.0,[ 10 217  12],[  0 220   0],15.905973720586866,0.0,100.0,[  5  10 211],[  0   0 220],14.352700094407323,0.0,100.0
22,33,[219   7  10],[220   0   0],12.24744871391589,0.0,100.0,[ 18 203  17],[  0 220   0],30.033314835362415,0.0,100.0,[ 15   7 203],[  0   0 220],23.727621035409346,0.0,100.0
22,34,[221  17   1],[220   0   0],17.05872210923198,0.0,100.0,[ 12 215   5],[  0 220   0],13.92838827718412,0.0,100.0,[ 19   7 229],[  0   0 220],22.15851980616034,0.0,100.0
22,35,[206  18  12],[220   0   0],25.768197453450252,0.0,100.0,[ 14 232  12],[  0 220   0],22.0,0.0,100.0,[  8  16 231],[  0   0 220],21.0,0.0,100.0
22,36,[214   1   5],[220   0   0],7.874007874011811,0.0,100.0,[  5 206   8],[  0 220   0],16.881943016134134,0.0,100.0,[ 15  10 210],[  0   0 220],20.615528128088304,0.0,100.0
22,37,[237  14   4],[220   0   0],22.38302928559939,0.0,100.0,[  8 222  11],[  0 220   0],13.74772708486752,0.0,100.0,[  2   1 205],[  0   0 220],15.165750888103101,0.0,100.0
22,38,[217   1   4],[220   0   0],5.0990195135927845,0.0,100.0,[  7 238  12],[  0 220   0],22.737634001804146,0.0,100.0,[  1   1 239],[  0   0 220],19.05255888325765,0.0,100.0
22,39,[238   7   9],[220   0   0],21.307275752662516,0.0,100.0,[  0 217  10],[  0 220   0],10.44030650891055,0.0,100.0,[ 15   2 208],[  0   0 220],19.313207915827967,0.0,100.0
22,40,[226   1  11],[220   0   0],12.569805089976535,0.0,100.0,[  3 229   9],[  0 220   0],13.076696830622021,0.0,100.0,[ 16   8 214],[  0   0 220],18.867962264113206,0.0,100.0
22,41,[234  19   4],[220   0   0],23.93741840717165,0.0,100.0,[ 13 200  13],[  0 220   0],27.16615541441225,0.0,100.0,[  1   2 202],[  0   0 220],18.138357147217054,0.0,100.0
22,42,[236   7  17],[220   0   0],24.372115213907882,0.0,100.0,[ 14 234  11],[  0 220   0],22.64950330581225,0.0,100.0,[ 16   5 200],[  0   0 220],26.095976701399778,0.0,100.0
22,43,[224  19   5],[220   0   0],20.049937655763422,0.0,100.0,[  1 237   6],[  0 220   0],18.05547008526779,0.0,100.0,[ 10  14 233],[  0   0 220],21.563858652847824,0.0,100.0
22,44,[234   8  13],[220   0   0],20.71231517720798,0.0,100.0,[ 16 222   6],[  0 220   0],17.204650534085253,0.0,100.0,[ 15   2 214],[  0   0 220],16.278820596099706,0.0,100.0
22,45,[219  12  10],[220   0   0],15.652475842498529,0.0,100.0,[  7 235  14],[  0 220   0],21.6794833886788,0.0,100.0,[ 14  10 229],[  0   0 220],19.4164878389476,0.0,100.0
22,46,[236  12  17],[220   0   0],26.248809496813376,0.0,100.0,[ 13 239  11],[  0 220   0],25.514701644346147,0.0,100.0,[ 13   8 202],[  0   0 220],23.600847442411894,0.0,100.0
22,47,[227  16  17],[220   0   0],24.372115213907882,0.0,100.0,[ 16 207   9],[  0 220   0],22.494443758403985,0.0,100.0,[  5  15 215],[  0   0 220],16.583123951777,0.0,100.0
22,48,[227   5   5],[220   0   0],9.9498743710662,0.0,100.0,[  8 232  14],[  0 220   0],20.09975124224178,0.0,100.0,[  1  10 222],[  0   0 220],10.246950765959598,0.0,100.0
22,49,[206  18   7],[220   0   0],23.853720883753127,0.0,100.0,[  1 208  14],[  0 220   0],18.466185312619388,0.0,100.0,[  8   4 206],[  0   0 220],16.61324772583615,0.0,100.0
22,50,[206   0   3],[220   0   0],14.317821063276353,0.0,100.0,[  0 239   8],[  0 220   0],20.615528128088304,0.0,100.0,[ 17  18 236],[  0   0 220],29.478805945967352,0.0,100.0
22,51,[211  11   5],[220   0   0],15.066519173319364,0.0,100.0,[ 17 217   6],[  0 220   0],18.275666882497067,0.0,100.0,[ 17  18 225],[  0   0 220],25.25866188063018,0.0,100.0
22,52,[209   0   2],[220   0   0],11.180339887498949,0.0,100.0,[ 18 204  12],[  0 220   0],26.90724809414742,0.0,100.0,[  6   5 218],[  0   0 220],8.06225774829855,0.0,100.0
22,53,[202  16  19],[220   0   0],30.675723300355934,0.0,100.0,[ 15 208   4],[  0 220   0],19.621416870348583,0.0,100.0,[ 14   4 200],[  0   0 220],24.73863375370596,0.0,100.0
22,54,[211   6  19],[220   0   0],21.863211109075447,0.0,100.0,[ 19 208   3],[  0 220   0],22.67156809750927,0.0,100.0,[  7   6 203],[  0   0 220],19.339079605813716,0.0,100.0
22,55,[232   2   5],[220   0   0],13.152946437965905,0.0,100.0,[  7 220   1],[  0 220   0],7.0710678118654755,0.0,100.0,[  5   9 202],[  0   0 220],20.73644135332772,0.0,100.0
22,56,[235  13  14],[220   0   0],24.289915602982237,0.0,100.0,[ 19 231  10],[  0 220   0],24.124676163629637,0.0,100.0,[  1   3 214],[  0   0 220],6.782329983125268,0.0,100.0
22,57,[219   3  15],[220   0   0],15.329709716755891,0.0,100.0,[  1 210   9],[  0 220   0],13.490737563232042,0.0,100.0,[ 13   5 218],[  0   0 220],14.071247279470288,0.0,100.0
22,58,[201  19  10],[220   0   0],28.6705423736629,0.0,100.0,[  1 213   9],[  0 220   0],11.445523142259598,0.0,100.0,[  2   9 208],[  0   0 220],15.132745950421556,0.0,100.0
22,59,[211  16  11],[220   0   0],21.400934559032695,0.0,100.0,[ 13 202   4],[  0 220   0],22.561028345356956,0.0,100.0,[ 14  10 215],[  0   0 220],17.916472867168917,0.0,100.0
22,60,[221   8   2],[220   0   0],8.306623862918075,0.0,100.0,[ 14 205  16],[  0 220   0],26.019223662515376,0.0,100.0,[ 16  19 219],[  0   0 220],24.859605789312106,0.0,100.0
22,61,[217   6   7],[220   0   0],9.695359714832659,0.0,100.0,[  6 218   0],[  0 220   0],6.324555320336759,0.0,100.0,[  3  11 227],[  0   0 220],13.379088160259652,0.0,100.0
22,62,[219  11  17],[220   0   0],20.273134932713294,0.0,100.0,[  0 238  13],[  0 220   0],22.20360331117452,0.0,100.0,[  2   8 214],[  0   0 220],10.198039027185569,0.0,100.0
22,63,[228   0   0],[220   0   0],8.0,0.0,100.0,[  8 215  12],[  0 220   0],15.264337522473747,0.0,100.0,[ 19  15 216],[  0   0 220],24.535688292770594,0.0,100.0
23,0,[230  13   8],[220   0   0],18.24828759089466,0.0,100.0,[ 17 221  16],[  0 220   0],23.366642891095847,0.0,100.0,[  7   3 233],[  0   0 220],15.066519173319364,0.0,100.0
23,1,[222  18   1],[220   0   0],18.138357147217054,0.0,100.0,[  7 214   0],[  0 220   0],9.219544457292887,0.0,100.0,[  2  14 238],[  0   0 220],22.891046284519195,0.0,100.0
23,2,[231  12  12],[220   0   0],20.223748416156685,0.0,100.0,[ 16 226   7],[  0 220   0],18.466185312619388,0.0,100.0,[ 13   3 235],[  0   0 220],20.074859899884732,0.0,100.0
23,3,[220  16  11],[220   0   0],19.4164878389476,0.0,100.0,[ 13 235   1],[  0 220   0],19.87460691435179,0.0,100.0,[  3  14 200],[  0   0 220],24.596747752497688,0.0,100.0
23,4,[221   0   0],[220   0   0],1.0,0.0,100.0,[ 18 220   4],[  0 220   0],18.439088914585774,0.0,100.0,[  3  11 224],[  0   0 220],12.083045973594572,0.0,100.0
23,5,[210  13  11],[220   0   0],19.748417658131498,0.0,100.0,[ 12 224  18],[  0 220   0],22.0,0.0,100.0,[ 13  17 224],[  0   0 220],21.77154105707724,0.0,100.0
23,6,[231   4  14],[220   0   0],18.24828759089466,0.0,100.0,[ 10 200   3],[  0 220   0],22.561028345356956,0.0,100.0,[  2   7 217],[  0   0 220],7.874007874011811,0.0,100.0
23,7,[221  14  11],[220   0   0],17.832554500127006,0.0,100.0,[  1 238  11],[  0 220   0],21.118712081942874,0.0,100.0,[  6  13 227],[  0   0 220],15.937377450509228,0.0,100.0
23,8,[203  13   8],[220   0   0],22.847319317591726,0.0,100.0,[  3 219  13],[  0 220   0],13.379088160259652,0.0,100.0,[  3  10 211],[  0   0 220],13.784048752090222,0.0,100.0
23,9,[218  13   5],[220   0   0],14.071247279470288,0.0,100.0,[  3 214   4],[  0 220   0],7.810249675906654,0.0,100.0,[  5  18 231],[  0   0 220],21.6794833886788,0.0,100.0
23,10,[205   6   4],[220   0   0],16.64331697709324,0.0,100.0,[  6 209   9],[  0 220   0],15.427248620541512,0.0,100.0,[ 13  10 219],[  0   0 220],16.431676725154983,0.0,100.0
23,11,[205   1   8],[220   0   0],17.029386365926403,0.0,100.0,[ 12 233  19],[  0 220   0],25.96150997149434,0.0,100.0,[  4  19 212],[  0   0 220],21.0,0.0,100.0
23,12,[235   0   6],[220   0   0],16.15549442140351,0.0,100.0,[ 11 206  13],[  0 220   0],22.045407685048602,0.0,100.0,[ 15  17 239],[  0   0 220],29.58039891549808,0.0,100.0
23,13,[208   6   5],[220   0   0],14.317821063276353,0.0,100.0,[ 13 201  13],[  0 220   0],26.43860813280457,0.0,100.0,[  8   6 218],[  0   0 220],10.198039027185569,0.0,100.0
23,14,[228   0  10],[220   0   0],12.806248474865697,0.0,100.0,[  4 235  12],[  0 220   0],19.621416870348583,0.0,100.0,[ 15  12 216],[  0   0 220],19.621416870348583,0.0,100.0
23,15,[213  19  12],[220   0   0],23.53720459187964,0.0,100.0,[ 18 200   2],[  0 220   0],26.981475126464083,0.0,100.0,[ 12  17 232],[  0   0 220],24.020824298928627,0.0,100.0
23,16,[234  10  18],[220   0   0],24.899799195977465,0.0,100.0,[ 14 224  18],[  0 220   0],23.15167380558045,0.0,100.0,[ 16   6 231],[  0   0 220],20.322401432901575,0.0,100.0
23,17,[234  16   0],[220   0   0],21.2602916254693,0.0,100.0,[ 12 208  13],[  0 220   0],21.37755832643195,0.0,100.0,[  2  15 237],[  0   0 220],22.759613353482084,0.0,100.0
23,18,[208  11  16],[220   0   0],22.825424421026653,0.0,100.0,[ 16 203   5],[  0 220   0],23.874672772626646,0.0,100.0,[  4   5 208],[  0   0 220],13.601470508735444,0.0,100.0
23,19,[204  10   9],[220   0   0],20.904544960366874,0.0,100.0,[ 17 202   0],[  0 220   0],24.758836806279895,0.0,100.0,[ 11   9 218],[  0   0 220],14.352700094407323,0.0,100.0
23,20,[213  12   6],[220   0   0],15.132745950421556,0.0,100.0,[  8 221  14],[  0 220   0],16.15549442140351,0.0,100.0,[ 15   3 200],[  0   0 220],25.179356624028344,0.0,100.0
23,21,[202  11  16],[220   0   0],26.476404589747453,0.0,100.0,[  9 206   0],[  0 220   0],16.64331697709324,0.0,100.0,[ 15  16 237],[  0   0 220],27.748873851023216,0.0,100.0
23,22,[223   2   3],[220   0   0],4.69041575982343,0.0,100.0,[ 15 227  13],[  0 220   0],21.047565179849187,0.0,100.0,[ 10  16 207],[  0   0 220],22.9128784747792,0.0,100.0
23,23,[211   8  13],[220   0   0],17.72004514666935,0.0,100.0,[ 16 223  12],[  0 220   0],20.223748416156685,0.0,100.0,[ 11   8 205],[  0   0 220],20.248456731316587,0.0,100.0
23,24,[205   9  12],[220   0   0],21.213203435596427,0.0,100.0,[ 10 208  13],[  0 220   0],20.322401432901575,0.0,100.0,[  6   6 216],[  0   0 220],9.38083151964686,0.0,100.0
23,25,[223  13  16],[220   0   0],20.83266665599966,0.0,100.0,[  4 209   1],[  0 220   0],11.74734012447073,0.0,100.0,[ 17  16 207],[  0   0 220],26.720778431774775,0.0,100.0
23,26,[238   8   0],[220   0   0],19.697715603592208,0.0,100.0,[ 18 233   0],[  0 220   0],22.20360331117452,0.0,100.0,[  1  14 207],[  0   0 220],19.131126469708992,0.0,100.0
23,27,[219   5   0],[220   0   0],5.0990195135927845,0.0,100.0,[ 17 239   9],[  0 220   0],27.03701166919155,0.0,100.0,[ 13   9 211],[  0   0 220],18.193405398660254,0.0,100.0
23,28,[210  11   8],[220   0   0],16.881943016134134,0.0,100.0,[ 17 204  13],[  0 220   0],26.720778431774775,0.0,100.0,[ 17   9 207],[  0   0 220],23.2163735324878,0.0,100.0
23,29,[203   3  15],[220   0   0],22.869193252058544,0.0,100.0,[ 19 235   5],[  0 220   0],24.71841418861655,0.0,100.0,[  4   2 231],[  0   0 220],11.874342087037917,0.0,100.0
23,30,[237   2  15],[220   0   0],22.759613353482084,0.0,100.0,[  2 200   7],[  0 220   0],21.283796653792763,0.0,100.0,[ 15  18 233],[  0   0 220],26.795522013948524,0.0,100.0
23,31,[229  14   7],[220   0   0],18.05547008526779,0.0,100.0,[ 13 232   9],[  0 220   0],19.849433241279208,0.0,100.0,[ 12  12 211],[  0   0 220],19.209372712298546,0.0,100.0
23,32,[213   3   3],[220   0   0],8.18535277187245,0.0,100.0,[ 12 230   4],[  0 220   0],16.1245154965971,0.0,100.0,[ 16  17 204],[  0   0 220],28.30194339616981,0.0,100.0
23,33,[214  13   3],[220   0   0],14.628738838327793,0.0,100.0,[ 12 221   6],[  0 220   0],13.45362404707371,0.0,100.0,[  4  12 202],[  0   0 220],22.0,0.0,100.0
23,34,[222  16   1],[220   0   0],16.15549442140351,0.0,100.0,[  0 208  13],[  0 220   0],17.69180601295413,0.0,100.0,[ 15  13 203],[  0   0 220],26.13426869074396,0.0,100.0
23,35,[218   6   3],[220   0   0],7.0,0.0,100.0,[  4 233   3],[  0 220   0],13.92838827718412,0.0,100.0,[  0   3 210],[  0   0 220],10.44030650891055,0.0,100.0
23,36,[237   1  12],[220   0   0],20.83266665599966,0.0,100.0,[ 17 233   7],[  0 220   0],22.516660498395403,0.0,100.0,[  9   6 238],[  0   0 220],21.0,0.0,100.0
23,37,[234   1   1],[220   0   0],14.071247279470288,0.0,100.0,[  1 231   0],[  0 220   0],11.045361017187261,0.0,100.0,[  6  10 232],[  0   0 220],16.73320053068151,0.0,100.0
23,38,[210  16   0],[220   0   0],18.867962264113206,0.0,100.0,[ 17 228   2],[  0 220   0],18.894443627691185,0.0,100.0,[ 17  12 225],[  0   0 220],21.400934559032695,0.0,100.0
23,39,[215   1  19],[220   0   0],19.672315572906,0.0,100.0,[  3 205   1],[  0 220   0],15.329709716755891,0.0,100.0,[ 19  11 234],[  0   0 220],26.038433132583073,0.0,100.0
23,40,[204   9   9],[220   0   0],20.445048300260872,0.0,100.0,[  8 201  10],[  0 220   0],22.9128784747792,0.0,100.0,[ 10   4 230],[  0   0 220],14.696938456699069,0.0,100.0
23,41,[226   1   5],[220   0   0],7.874007874011811,0.0,100.0,[  0 205   3],[  0 220   0],15.297058540778355,0.0,100.0,[ 14   5 233],[  0   0 220],19.748417658131498,0.0,100.0
23,42,[206   1  12],[220   0   0],18.466185312619388,0.0,100.0,[  8 207   0],[  0 220   0],15.264337522473747,0.0,100.0,[ 11  10 232],[  0   0 220],19.1049731745428,0.0,100.0
23,43,[237  16  14],[220   0   0],27.2213151776324,0.0,100.0,[ 11 222  10],[  0 220   0],15.0,0.0,100.0,[ 14  19 214],[  0   0 220],24.351591323771842,0.0,100.0
23,44,[230   2   9],[220   0   0],13.601470508735444,0.0,100.0,[ 16 217   0],[  0 220   0],16.278820596099706,0.0,100.0,[  6  12 203],[  0   0 220],21.656407827707714,0.0,100.0
23,45,[222   5  17],[220   0   0],17.832554500127006,0.0,100.0,[ 12 216   7],[  0 220   0],14.45683229480096,0.0,100.0,[ 19  10 206],[  0   0 220],25.632011235952593,0.0,100.0
23,46,[220  12   3],[220   0   0],12.36931687685298,0.0,100.0,[  1 210  13],[  0 220   0],16.431676725154983,0.0,100.0,[  7   1 201],[  0   0 220],20.273134932713294,0.0,100.0
23,47,[223   0   2],[220   0   0],3.605551275463989,0.0,100.0,[  5 220   6],[  0 220   0],7.810249675906654,0.0,100.0,[ 15   1 215],[  0   0 220],15.84297951775486,0.0,100.0
23,48,[219  16  14],[220   0   0],21.283796653792763,0.0,100.0,[ 11 201   4],[  0 220   0],22.315913604421397,0.0,100.0,[  4  19 219],[  0   0 220],19.44222209522358,0.0,100.0
23,49,[235  13  18],[220   0   0],26.795522013948524,0.0,100.0,[  6 211  10],[  0 220   0],14.730919862656235,0.0,100.0,[  8   8 239],[  0   0 220],22.11334438749598,0.0,100.0
23,50,[219   4   1],[220   0   0],4.242640687119285,0.0,100.0,[  3 236   5],[  0 220   0],17.029386365926403,0.0,100.0,[ 14  13 201],[  0   0 220],26.94438717061496,0.0,100.0
23,51,[219  17  19],[220   0   0],25.514701644346147,0.0,100.0,[  8 221  17],[  0 220   0],18.81488772222678,0.0,100.0,[  9  17 222],[  0   0 220],19.339079605813716,0.0,100.0
23,52,[232   4  12],[220   0   0],17.435595774162696,0.0,100.0,[  7 236  15],[  0 220   0],23.021728866442675,0.0,100.0,[ 17   2 221],[  0   0 220],17.146428199482248,0.0,100.0
23,53,[237   9   4],[220   0   0],19.6468827043885,0.0,100.0,[  0 220  16],[  0 220   0],16.0,0.0,100.0,[  1   2 221],[  0   0 220],2.449489742783178,0.0,100.0
23,54,[201   2   9],[220   0   0],21.118712081942874,0.0,100.0,[  9 216  11],[  0 220   0],14.7648230602334,0.0,100.0,[ 17  14 225],[  0   0 220],22.58317958127243,0.0,100.0
23,55,[210   4   9],[220   0   0],14.035668847618199,0.0,100.0,[  5 208  17],[  0 220   0],21.400934559032695,0.0,100.0,[  4   0 206],[  0   0 220],14.560219778561036,0.0,100.0
23,56,[209   1   9],[220   0   0],14.247806848775006,0.0,100.0,[  3 205   3],[  0 220   0],15.588457268119896,0.0,100.0,[  7   8 227],[  0   0 220],12.727922061357855,0.0,100.0
23,57,[239   1   2],[220   0   0],19.131126469708992,0.0,100.0,[ 19 202   4],[  0 220   0],26.476404589747453,0.0,100.0,[ 15  17 215],[  0   0 220],23.2163735324878,0.0,100.0
23,58,[207  11  18],[220   0   0],24.779023386727733,0.0,100.0,[ 15 229  14],[  0 220   0],22.40535650240808,0.0,100.0,[ 12   0 207],[  0   0 220],17.69180601295413,0.0,100.0
23,59,[233   9   7],[220   0   0],17.291616465790582,0.0,100.0,[  2 222  11],[  0 220   0],11.357816691600547,0.0,100.0,[  6   1 225],[  0   0 220],7.874007874011811,0.0,100.0
23,60,[212   8   0],[220   0   0],11.313708498984761,0.0,100.0,[ 19 202   2],[  0 220   0],26.248809496813376,0.0,100.0,[ 12  16 213],[  0   0 220],21.18962010041709,0.0,100.0
23,61,[215  14  17],[220   0   0],22.58317958127243,0.0,100.0,[  4 215   6],[  0 220   0],8.774964387392123,0.0,100.0,[  5  19 232],[  0   0 220],23.021728866442675,0.0,100.0
23,62,[229  19  10],[220   0   0],23.280893453645632,0.0,100.0,[  0 234   9],[  0 220   0],16.64331697709324,0.0,100.0,[ 13   0 202],[  0   0 220],22.20360331117452,0.0,100.0
23,63,[227   1   7],[220   0   0],9.9498743710662,0.0,100.0,[  3 229  13],[  0 220   0],16.09347693943108,0.0,100.0,[  3  18 231],[  0   0 220],21.307275752662516,0.0,100.0
24,0,[223   4  19],[220   0   0],19.6468827043885,0.0,100.0,[ 19 202  13],[  0 220   0],29.223278392404914,0.0,100.0,[  6  17 221],[  0   0 220],18.05547008526779,0.0,100.0
24,1,[200   3   0],[220   0   0],20.223748416156685,0.0,100.0,[  4 202   6],[  0 220   0],19.390719429665317,0.0,100.0,[ 19  11 204],[  0   0 220],27.16615541441225,0.0,100.0
24,2,[235   0   0],[220   0   0],15.0,0.0,100.0,[  9 206   3],[  0 220   0],16.911534525287763,0.0,100.0,[  9  12 228],[  0   0 220],17.0,0.0,100.0
24,3,[222   0   9],[220   0   0],9.219544457292887,0.0,100.0,[ 11 230   8],[  0 220   0],16.881943016134134,0.0,100.0,[  2  11 224],[  0   0 220],11.874342087037917,0.0,100.0
24,4,[211   9  19],[220   0   0],22.869193252058544,0.0,100.0,[ 11 204  17],[  0 220   0],25.80697580112788,0.0,100.0,[  2   9 222],[  0   0 220],9.433981132056603,0.0,100.0
24,5,[221   5  17],[220   0   0],17.74823934929885,0.0,100.0,[ 19 231  10],[  0 220   0],24.124676163629637,0.0,100.0,[ 10   7 203],[  0   0 220],20.92844953645635,0.0,100.0
24,6,[226  12   6],[220   0   0],14.696938456699069,0.0,100.0,[  1 204   5],[  0 220   0],16.792855623746664,0.0,100.0,[  8   1 232],[  0   0 220],14.45683229480096,0.0,100.0
24,7,[237   8  17],[220   0   0],25.337718918639855,0.0,100.0,[  2 223  17],[  0 220   0],17.378147196982766,0.0,100.0,[ 10   5 210],[  0   0 220],15.0,0.0,100.0
24,8,[229   1  17],[220   0   0],19.261360284258224,0.0,100.0,[ 10 237  10],[  0 220   0],22.11334438749598,0.0,100.0,[  0   0 210],[  0   0 220],10.0,0.0,100.0
24,9,[226  14   4],[220   0   0],15.748015748023622,0.0,100.0,[  5 215  14],[  0 220   0],15.684387141358123,0.0,100.0,[  0   4 205],[  0   0 220],15.524174696260024,0.0,100.0
24,10,[213   9   5],[220   0   0],12.449899597988733,0.0,100.0,[  0 238  10],[  0 220   0],20.591260281974,0.0,100.0,[ 13  11 203],[  0   0 220],24.06241883103193,0.0,100.0
24,11,[210   0   6],[220   0   0],11.661903789690601,0.0,100.0,[ 15 233   7],[  0 220   0],21.047565179849187,0.0,100.0,[  3  11 214],[  0   0 220],12.884098726725126,0.0,100.0
24,12,[239   0   5],[220   0   0],19.6468827043885,0.0,100.0,[  1 205  13],[  0 220   0],19.87460691435179,0.0,100.0,[  5   0 235],[  0   0 220],15.811388300841896,0.0,100.0
24,13,[212   1   5],[220   0   0],9.486832980505138,0.0,100.0,[  5 205  16],[  0 220   0],22.494443758403985,0.0,100.0,[ 14   2 200],[  0   0 220],24.49489742783178,0.0,100.0
24,14,[233   8  14],[220   0   0],20.71231517720798,0.0,100.0,[ 10 218  14],[  0 220   0],17.320508075688775,0.0,100.0,[  4  18 222],[  0   0 220],18.547236990991408,0.0,100.0
24,15,[234   5  16],[220   0   0],21.840329667841555,0.0,100.0,[  7 230  16],[  0 220   0],20.12461179749811,0.0,100.0,[ 19   0 205],[  0   0 220],24.20743687382041,0.0,100.0
24,16,[228  19   9],[220   0   0],22.494443758403985,0.0,100.0,[  4 209  15],[  0 220   0],19.026297590440446,0.0,100.0,[  0   6 210],[  0   0 220],11.661903789690601,0.0,100.0
24,17,[238   6  13],[220   0   0],23.0,0.0,100.0,[ 15 215   2],[  0 220   0],15.937377450509228,0.0,100.0,[ 12  10 234],[  0   0 220],20.97617696340303,0.0,100.0
24,18,[210  17  11],[220   0   0],22.58317958127243,0.0,100.0,[  4 200  17],[  0 220   0],26.551836094703507,0.0,100.0,[ 19   9 209],[  0   0 220],23.727621035409346,0.0,100.0
24,19,[201   9  13],[220   0   0],24.71841418861655,0.0,100.0,[ 10 209  16],[  0 220   0],21.840329667841555,0.0,100.0,[  3  10 214],[  0   0 220],12.041594578792296,0.0,100.0
24,20,[222  13  15],[220   0   0],19.949937343260004,0.0,100.0,[ 12 229   2],[  0 220   0],15.132745950421556,0.0,100.0,[ 14   5 218],[  0   0 220],15.0,0.0,100.0
24,21,[232  18   9],[220   0   0],23.430749027719962,0.0,100.0,[ 15 227  19],[  0 220   0],25.199206336708304,0.0,100.0,[ 13   7 208],[  0   0 220],19.026297590440446,0.0,100.0
24,22,[211  11   3],[220   0   0],14.52583904633395,0.0,100.0,[ 11 200  19],[  0 220   0],29.698484809834994,0.0,100.0,[ 11   6 209],[  0   0 220],16.673332000533065,0.0,100.0
24,23,[226   4  13],[220   0   0],14.866068747318506,0.0,100.0,[ 14 206  11],[  0 220   0],22.64950330581225,0.0,100.0,[ 10  11 225],[  0   0 220],15.684387141358123,0.0,100.0
24,24,[236   0  13],[220   0   0],20.615528128088304,0.0,100.0,[  0 224   6],[  0 220   0],7.211102550927978,0.0,100.0,[ 10  11 216],[  0   0 220],15.394804318340652,0.0,100.0
24,25,[210  11  15],[220   0   0],21.118712081942874,0.0,100.0,[ 18 226   5],[  0 220   0],19.621416870348583,0.0,100.0,[  9   3 223],[  0   0 220],9.9498743710662,0.0,100.0
24,26,[217  19  17],[220   0   0],25.67099530598687,0.0,100.0,[ 18 215  16],[  0 220   0],24.596747752497688,0.0,100.0,[  1  18 209],[  0   0 220],21.118712081942874,0.0,100.0
24,27,[217  18   6],[220   0   0],19.209372712298546,0.0,100.0,[ 15 201   4],[  0 220   0],24.535688292770594,0.0,100.0,[ 12  18 204],[  0   0 220],26.90724809414742,0.0,100.0
24,28,[229   2  15],[220   0   0],17.60681686165901,0.0,100.0,[  1 200   5],[  0 220   0],20.639767440550294,0.0,100.0,[ 19   1 227],[  0   0 220],20.273134932713294,0.0,100.0
24,29,[238  11   0],[220   0   0],21.095023109728988,0.0,100.0,[ 17 221   4],[  0 220   0],17.4928556845359,0.0,100.0,[ 16  16 206],[  0   0 220],26.60826939130014,0.0,100.0
24,30,[208   6   1],[220   0   0],13.45362404707371,0.0,100.0,[  6 232   9],[  0 220   0],16.15549442140351,0.0,100.0,[  8  17 222],[  0   0 220],18.894443627691185,0.0,100.0
24,31,[238   7  11],[220   0   0],22.22611077089287,0.0,100.0,[ 11 234  10],[  0 220   0],20.42057785666214,0.0,100.0,[ 17  12 215],[  0   0 220],21.400934559032695,0.0,100.0
24,32,[226   0  19],[220   0   0],19.924858845171276,0.0,100.0,[ 10 211  11],[  0 220   0],17.378147196982766,0.0,100.0,[  2  16 213],[  0   0 220],17.578395831246947,0.0,100.0
24,33,[224   5  17],[220   0   0],18.16590212458495,0.0,100.0,[ 17 234   3],[  0 220   0],22.22611077089287,0.0,100.0,[  4   4 215],[  0   0 220],7.54983443527075,0.0,100.0
24,34,[209   3  13],[220   0   0],17.291616465790582,0.0,100.0,[ 18 212  10],[  0 220   0],22.090722034374522,0.0,100.0,[ 15   4 210],[  0   0 220],18.466185312619388,0.0,100.0
24,35,[221   7  12],[220   0   0],13.92838827718412,0.0,100.0,[ 14 203  16],[  0 220   0],27.2213151776324,0.0,100.0,[ 12   5 218],[  0   0 220],13.152946437965905,0.0,100.0
24,36,[216  10  17],[220   0   0],20.12461179749811,0.0,100.0,[ 19 207  17],[  0 220   0],28.61817604250837,0.0,100.0,[ 10  17 229],[  0   0 220],21.6794833886788,0.0,100.0
24,37,[224  12   0],[220   0   0],12.649110640673518,0.0,100.0,[ 12 227   1],[  0 220   0],13.92838827718412,0.0,100.0,[ 15   4 222],[  0   0 220],15.652475842498529,0.0,100.0
24,38,[235  10  15],[220   0   0],23.45207879911715,0.0,100.0,[  0 210  15],[  0 220   0],18.027756377319946,0.0,100.0,[  4  15 215],[  0   0 220],16.30950643030009,0.0,100.0
24,39,[229   4  15],[220   0   0],17.944358444926362,0.0,100.0,[ 10 211   4],[  0 220   0],14.035668847618199,0.0,100.0,[ 16   3 234],[  0   0 220],21.470910553583888,0.0,100.0
24,40,[235  13  18],[220   0   0],26.795522013948524,0.0,100.0,[  0 215  12],[  0 220   0],13.0,0.0,100.0,[ 15  17 239],[  0   0 220],29.58039891549808,0.0,100.0
24,41,[209   7   0],[220   0   0],13.038404810405298,0.0,100.0,[ 12 229   3],[  0 220   0],15.297058540778355,0.0,100.0,[  1   2 226],[  0   0 220],6.4031242374328485,0.0,100.0
24,42,[230   8   5],[220   0   0],13.74772708486752,0.0,100.0,[ 14 209   0],[  0 220   0],17.804493814764857,0.0,100.0,[ 13   6 207],[  0   0 220],19.339079605813716,0.0,100.0
24,43,[209  19   8],[220   0   0],23.366642891095847,0.0,100.0,[ 18 212  18],[  0 220   0],26.68332812825267,0.0,100.0,[  4   2 226],[  0   0 220],7.483314773547883,0.0,100.0
24,44,[224   1   2],[220   0   0],4.58257569495584,0.0,100.0,[  1 220  19],[  0 220   0],19.026297590440446,0.0,100.0,[  1   8 231],[  0   0 220],13.638181696985855,0.0,100.0
24,45,[218   2   0],[220   0   0],2.8284271247461903,0.0,100.0,[  6 206  18],[  0 220   0],23.57965224510319,0.0,100.0,[  0   3 207],[  0   0 220],13.341664064126334,0.0,100.0
24,46,[239   2   7],[220   0   0],20.346989949375804,0.0,100.0,[ 11 228   3],[  0 220   0],13.92838827718412,0.0,100.0,[  9   8 216],[  0   0 220],12.68857754044952,0.0,100.0
24,47,[200   1  15],[220   0   0],25.019992006393608,0.0,100.0,[  0 203   7],[  0 220   0],18.384776310850235,0.0,100.0,[  8  13 220],[  0   0 220],15.264337522473747,0.0,100.0
24,48,[221  11  18],[220   0   0],21.118712081942874,0.0,100.0,[  1 230  17],[  0 220   0],19.748417658131498,0.0,100.0,[ 15  18 207],[  0   0 220],26.795522013948524,0.0,100.0
24,49,[229   2   5],[220   0   0],10.488088481701515,0.0,100.0,[  2 200  13],[  0 220   0],23.93741840717165,0.0,100.0,[  6  17 207],[  0   0 220],22.22611077089287,0.0,100.0
24,50,[227   6   3],[220   0   0],9.695359714832659,0.0,100.0,[  4 225   3],[  0 220   0],7.0710678118654755,0.0,100.0,[ 15  12 211],[  0   0 220],21.213203435596427,0.0,100.0
24,51,[229  13  16],[220   0   0],22.494443758403985,0.0,100.0,[  4 205  12],[  0 220   0],19.621416870348583,0.0,100.0,[ 14   2 208],[  0   0 220],18.547236990991408,0.0,100.0
24,52,[214   5   5],[220   0   0],9.273618495495704,0.0,100.0,[ 13 228   2],[  0 220   0],15.394804318340652,0.0,100.0,[ 11   3 230],[  0   0 220],15.165750888103101,0.0,100.0
24,53,[214  11  12],[220   0   0],17.349351572897472,0.0,100.0,[  9 206  18],[  0 220   0],24.515301344262525,0.0,100.0,[ 17   7 235],[  0   0 220],23.727621035409346,0.0,100.0
24,54,[236   0  19],[220   0   0],24.839484696748443,0.0,100.0,[ 11 222   5],[  0 220   0],12.24744871391589,0.0,100.0,[  0   1 221],[  0   0 220],1.4142135623730951,0.0,100.0
24,55,[218  15  19],[220   0   0],24.289915602982237,0.0,100.0,[  5 236   2],[  0 220   0],16.881943016134134,0.0,100.0,[  5   5 222],[  0   0 220],7.3484692283495345,0.0,100.0
24,56,[220   3  14],[220   0   0],14.317821063276353,0.0,100.0,[  7 216   4],[  0 220   0],9.0,0.0,100.0,[  8  19 204],[  0   0 220],26.095976701399778,0.0,100.0
24,57,[216  10   8],[220   0   0],13.416407864998739,0.0,100.0,[  9 203  19],[  0 220   0],27.03701166919155,0.0,100.0,[  0  15 238],[  0   0 220],23.430749027719962,0.0,100.0
24,58,[212  11   2],[220   0   0],13.74772708486752,0.0,100.0,[ 12 218   6],[  0 220   0],13.564659966250536,0.0,100.0,[  5   5 223],[  0   0 220],7.681145747868608,0.0,100.0
24,59,[225  14  14],[220   0   0],20.42057785666214,0.0,100.0,[ 12 239  12],[  0 220   0],25.475478405713993,0.0,100.0,[  3  10 201],[  0   0 220],21.6794833886788,0.0,100.0
24,60,[228   8   1],[220   0   0],11.357816691600547,0.0,100.0,[  6 238   8],[  0 220   0],20.591260281974,0.0,100.0,[ 17   7 217],[  0   0 220],18.627936010197157,0.0,100.0
24,61,[210   1   5],[220   0   0],11.224972160321824,0.0,100.0,[ 14 212   5],[  0 220   0],16.881943016134134,0.0,100.0,[  9  16 206],[  0   0 220],23.08679276123039,0.0,100.0
24,62,[208  10  17],[220   0   0],23.08679276123039,0.0,100.0,[  9 225  16],[  0 220   0],19.026297590440446,0.0,100.0,[  5  10 229],[  0   0 220],14.352700094407323,0.0,100.0
24,63,[215  18   5],[220   0   0],19.339079605813716,0.0,100.0,[  7 228  19],[  0 220   0],21.77154105707724,0.0,100.0,[ 12  11 229],[  0   0 220],18.601075237738275,0.0,100.0
25,0,[218   2  16],[220   0   0],16.24807680927192,0.0,100.0,[ 10 231   4],[  0 220   0],15.394804318340652,0.0,100.0,[ 14   6 227],[  0   0 220],16.76305461424021,0.0,100.0
25,1,[221  17  13],[220   0   0],21.42428528562855,0.0,100.0,[ 15 224  17],[  0 220   0],23.021728866442675,0.0,100.0,[ 15  11 204],[  0   0 220],24.535688292770594,0.0,100.0
25,2,[209   3   4],[220   0   0],12.083045973594572,0.0,100.0,[ 18 206   5],[  0 220   0],23.345235059857504,0.0,100.0,[ 11   5 206],[  0   0 220],18.49324200890693,0.0,100.0
25,3,[238   6  13],[220   0   0],23.0,0.0,100.0,[  7 227  13],[  0 220   0],16.34013463836819,0.0,100.0,[ 12  17 204],[  0   0 220],26.248809496813376,0.0,100.0
25,4,[228   0  17],[220   0   0],18.788294228055936,0.0,100.0,[  1 239   9],[  0 220   0],21.047565179849187,0.0,100.0,[  7  18 214],[  0   0 220],20.223748416156685,0.0,100.0
25,5,[221   1  10],[220   0   0],10.099504938362077,0.0,100.0,[  8 209  19],[  0 220   0],23.366642891095847,0.0,100.0,[  4  18 223],[  0   0 220],18.681541692269406,0.0,100.0
25,6,[227   8   0],[220   0   0],10.63014581273465,0.0,100.0,[  7 226  14],[  0 220   0],16.76305461424021,0.0,100.0,[ 11   1 232],[  0   0 220],16.30950643030009,0.0,100.0
25,7,[231   5  17],[220   0   0],20.85665361461421,0.0,100.0,[ 11 218  17],[  0 220   0],20.346989949375804,0.0,100.0,[ 11  16 212],[  0   0 220],21.0,0.0,100.0
25,8,[203   3  12],[220   0   0],21.02379604162864,0.0,100.0,[ 12 235  14],[  0 220   0],23.769728648009426,0.0,100.0,[ 16  19 208],[  0   0 220],27.586228448267445,0.0,100.0
25,9,[203   2  15],[220   0   0],22.759613353482084,0.0,100.0,[ 13 235   7],[  0 220   0],21.047565179849187,0.0,100.0,[  7   9 237],[  0   0 220],20.46948949045872,0.0,100.0
25,10,[229  15  19],[220   0   0],25.826343140289914,0.0,100.0,[ 19 211  18],[  0 220   0],27.676705006196094,0.0,100.0,[  2   7 233],[  0   0 220],14.89966442575134,0.0,100.0
25,11,[200  13  10],[220   0   0],25.865034312755125,0.0,100.0,[  0 228  10],[  0 220   0],12.806248474865697,0.0,100.0,[  9   3 215],[  0   0 220],10.723805294763608,0.0,100.0
25,12,[232  12  19],[220   0   0],25.475478405713993,0.0,100.0,[ 15 203   8],[  0 220   0],24.041630560342615,0.0,100.0,[  3  10 205],[  0   0 220],18.275666882497067,0.0,100.0
25,13,[205   7  19],[220   0   0],25.199206336708304,0.0,100.0,[  3 228   6],[  0 220   0],10.44030650891055,0.0,100.0,[  0  18 239],[  0   0 220],26.1725046566048,0.0,100.0
25,14,[201   1   2],[220   0   0],19.131126469708992,0.0,100.0,[  8 218  18],[  0 220   0],19.79898987322333,0.0,100.0,[  3   0 217],[  0   0 220],4.242640687119285,0.0,100.0
25,15,[238  14   7],[220   0   0],23.853720883753127,0.0,100.0,[ 15 235   8],[  0 220   0],22.67156809750927,0.0,100.0,[  2  13 229],[  0   0 220],15.937377450509228,0.0,100.0
25,16,[220  17  16],[220   0   0],23.345235059857504,0.0,100.0,[  1 204  10],[  0 220   0],18.894443627691185,0.0,100.0,[ 15  11 233],[  0   0 220],22.693611435820433,0.0,100.0
25,17,[208   9   9],[220   0   0],17.4928556845359,0.0,100.0,[  8 206   0],[  0 220   0],16.1245154965971,0.0,100.0,[  3   8 230],[  0   0 220],13.152946437965905,0.0,100.0
25,18,[222  10  16],[220   0   0],18.973665961010276,0.0,100.0,[ 11 239   3],[  0 220   0],22.15851980616034,0.0,100.0,[ 19  10 237],[  0   0 220],27.386127875258307,0.0,100.0
25,19,[235   1  11],[220   0   0],18.627936010197157,0.0,100.0,[ 18 217   3],[  0 220   0],18.49324200890693,0.0,100.0,[  0   1 232],[  0   0 220],12.041594578792296,0.0,100.0
25,20,[230  13   7],[220   0   0],17.832554500127006,0.0,100.0,[ 16 234  13],[  0 220   0],24.919871588754223,0.0,100.0,[ 13   6 218],[  0   0 220],14.45683229480096,0.0,100.0
25,21,[239  18  10],[220   0   0],28.0178514522438,0.0,100.0,[  4 223  13],[  0 220   0],13.92838827718412,0.0,100.0,[  1   0 228],[  0   0 220],8.06225774829855,0.0,100.0
25,22,[207  13   9],[220   0   0],20.46948949045872,0.0,100.0,[ 19 224  17],[  0 220   0],25.80697580112788,0.0,100.0,[  9  14 227],[  0   0 220],18.05547008526779,0.0,100.0
25,23,[202  13  13],[220   0   0],25.729360660537214,0.0,100.0,[  0 232   5],[  0 220   0],13.0,0.0,100.0,[  0   1 207],[  0   0 220],13.038404810405298,0.0,100.0
25,24,[209  17  10],[220   0   0],22.58317958127243,0.0,100.0,[  1 206   1],[  0 220   0],14.071247279470288,0.0,100.0,[ 12  10 225],[  0   0 220],16.401219466856727,0.0,100.0
25,25,[202  17  15],[220   0   0],28.948229652260256,0.0,100.0,[  4 236   2],[  0 220   0],16.61324772583615,0.0,100.0,[ 10   8 225],[  0   0 220],13.74772708486752,0.0,100.0
25,26,[230   8   2],[220   0   0],12.96148139681572,0.0,100.0,[  5 227  19],[  0 220   0],20.85665361461421,0.0,100.0,[  9   4 230],[  0   0 220],14.035668847618199,0.0,100.0
25,27,[226   2  19],[220   0   0],20.024984394500787,0.0,100.0,[ 11 225   7],[  0 220   0],13.96424004376894,0.0,100.0,[  5  14 207],[  0   0 220],19.748417658131498,0.0,100.0
25,28,[229  18  13],[220   0   0],23.958297101421877,0.0,100.0,[  4 221   6],[  0 220   0],7.280109889280518,0.0,100.0,[  0   1 221],[  0   0 220],1.4142135623730951,0.0,100.0
25,29,[234   2   4],[220   0   0],14.696938456699069,0.0,100.0,[  2 227  18],[  0 220   0],19.4164878389476,0.0,100.0,[ 13   1 236],[  0   0 220],20.639767440550294,0.0,100.0
25,30,[207   2  16],[220   0   0],20.71231517720798,0.0,100.0,[  8 203  10],[  0 220   0],21.283796653792763,0.0,100.0,[  7   9 215],[  0   0 220],12.449899597988733,0.0,100.0
25,31,[215   7   5],[220   0   0],9.9498743710662,0.0,100.0,[ 18 208  18],[  0 220   0],28.142494558940577,0.0,100.0,[  3  15 206],[  0   0 220],20.73644135332772,0.0,100.0
25,32,[212   3   0],[220   0   0],8.54400374531753,0.0,100.0,[ 15 230  16],[  0 220   0],24.1039415863879,0.0,100.0,[  4   1 238],[  0   0 220],18.466185312619388,0.0,100.0
25,33,[232   9  14],[220   0   0],20.518284528683193,0.0,100.0,[ 19 218   2],[  0 220   0],19.209372712298546,0.0,100.0,[ 10   3 210],[  0   0 220],14.45683229480096,0.0,100.0
25,34,[234  11   2],[220   0   0],17.916472867168917,0.0,100.0,[  2 222   9],[  0 220   0],9.433981132056603,0.0,100.0,[ 18   0 211],[  0   0 220],20.12461179749811,0.0,100.0
25,35,[238   1   3],[220   0   0],18.275666882497067,0.0,100.0,[ 17 204  15],[  0 220   0],27.748873851023216,0.0,100.0,[  3   2 226],[  0   0 220],7.0,0.0,100.0
25,36,[226   4  18],[220   0   0],19.390719429665317,0.0,100.0,[ 15 228   2],[  0 220   0],17.11724276862369,0.0,100.0,[ 16  18 212],[  0   0 220],25.37715508089904,0.0,100.0
25,37,[234  15  19],[220   0   0],27.964262908219126,0.0,100.0,[  9 221   7],[  0 220   0],11.445523142259598,0.0,100.0,[  2  18 209],[  0   0 220],21.18962010041709,0.0,100.0
25,38,[215  16  16],[220   0   0],23.173260452512935,0.0,100.0,[  4 212   8],[  0 220   0],12.0,0.0,100.0,[ 13  13 233],[  0   0 220],22.516660498395403,0.0,100.0
25,39,[217  10  10],[220   0   0],14.45683229480096,0.0,100.0,[  4 237   1],[  0 220   0],17.4928556845359,0.0,100.0,[ 18   8 214],[  0   0 220],20.591260281974,0.0,100.0
25,40,[205  13   0],[220   0   0],19.849433241279208,0.0,100.0,[ 12 208  10],[  0 220   0],19.697715603592208,0.0,100.0,[  4   5 221],[  0   0 220],6.48074069840786,0.0,100.0
25,41,[231  18   3],[220   0   0],21.307275752662516,0.0,100.0,[  8 233  10],[  0 220   0],18.24828759089466,0.0,100.0,[  5  10 225],[  0   0 220],12.24744871391589,0.0,100.0
25,42,[235  19   9],[220   0   0],25.826343140289914,0.0,100.0,[ 13 225   6],[  0 220   0],15.165750888103101,0.0,100.0,[  8   9 208],[  0   0 220],17.0,0.0,100.0
25,43,[217   5  12],[220   0   0],13.341664064126334,0.0,100.0,[ 14 235   1],[  0 220   0],20.54263858417414,0.0,100.0,[ 14   7 234],[  0   0 220],21.0,0.0,100.0
25,44,[213  14   1],[220   0   0],15.684387141358123,0.0,100.0,[  1 235  12],[  0 220   0],19.235384061671343,0.0,100.0,[ 10   1 216],[  0   0 220],10.816653826391969,0.0,100.0
25,45,[201  10   2],[220   0   0],21.563858652847824,0.0,100.0,[  8 205   4],[  0 220   0],17.46424919657298,0.0,100.0,[  9  16 205],[  0   0 220],23.706539182259394,0.0,100.0
25,46,[202   9   1],[220   0   0],20.149441679609886,0.0,100.0,[ 11 222  10],[  0 220   0],15.0,0.0,100.0,[ 15   9 216],[  0   0 220],17.944358444926362,0.0,100.0
25,47,[209  17   7],[220   0   0],21.42428528562855,0.0,100.0,[ 12 206   6],[  0 220   0],19.390719429665317,0.0,100.0,[  7  16 209],[  0   0 220],20.639767440550294,0.0,100.0
25,48,[217  19  17],[220   0   0],25.67099530598687,0.0,100.0,[ 19 215  14],[  0 220   0],24.124676163629637,0.0,100.0,[  1  16 207],[  0   0 220],20.639767440550294,0.0,100.0
25,49,[238  18  17],[220   0   0],30.610455730027933,0.0,100.0,[ 12 233  19],[  0 220   0],25.96150997149434,0.0,100.0,[ 11  17 230],[  0   0 220],22.58317958127243,0.0,100.0
25,50,[215   2   1],[220   0   0],5.477225575051661,0.0,100.0,[ 19 223   9],[  0 220   0],21.236760581595302,0.0,100.0,[  8   4 200],[  0   0 220],21.908902300206645,0.0,100.0
25,51,[205   2   5],[220   0   0],15.937377450509228,0.0,100.0,[  7 219  12],[  0 220   0],13.92838827718412,0.0,100.0,[  5   3 234],[  0   0 220],15.165750888103101,0.0,100.0
25,52,[223  12   4],[220   0   0],13.0,0.0,100.0,[  9 201  13],[  0 220   0],24.71841418861655,0.0,100.0,[ 16   1 218],[  0   0 220],16.15549442140351,0.0,100.0
25,53,[235  15  12],[220   0   0],24.372115213907882,0.0,100.0,[  0 235  18],[  0 220   0],23.430749027719962,0.0,100.0,[  4  12 212],[  0   0 220],14.966629547095765,0.0,100.0
25,54,[206  19   4],[220   0   0],23.93741840717165,0.0,100.0,[ 11 225   3],[  0 220   0],12.449899597988733,0.0,100.0,[  6   4 235],[  0   0 220],16.64331697709324,0.0,100.0
25,55,[233   2  10],[220   0   0],16.522711641858304,0.0,100.0,[  9 217   0],[  0 220   0],9.486832980505138,0.0,100.0,[ 19  15 237],[  0   0 220],29.58039891549808,0.0,100.0
25,56,[203  11   1],[220   0   0],20.273134932713294,0.0,100.0,[  9 218   1],[  0 220   0],9.273618495495704,0.0,100.0,[  7   7 220],[  0   0 220],9.899494936611665,0.0,100.0
25,57,[204   2  13],[220   0   0],20.71231517720798,0.0,100.0,[ 15 223  15],[  0 220   0],21.42428528562855,0.0,100.0,[  1  17 230],[  0   0 220],19.748417658131498,0.0,100.0
25,58,[218   4   8],[220   0   0],9.16515138991168,0.0,100.0,[  9 239   9],[  0 220   0],22.869193252058544,0.0,100.0,[  7  10 221],[  0   0 220],12.24744871391589,0.0,100.0
25,59,[232  16  10],[220   0   0],22.360679774997898,0.0,100.0,[  1 226   3],[  0 220   0],6.782329983125268,0.0,100.0,[ 13  17 222],[  0   0 220],21.494185260204677,0.0,100.0
25,60,[211   2  19],[220   0   0],21.118712081942874,0.0,100.0,[ 10 224  19],[  0 220   0],21.840329667841555,0.0,100.0,[ 16   8 229],[  0   0 220],20.024984394500787,0.0,100.0
25,61,[217  12   3],[220   0   0],12.727922061357855,0.0,100.0,[  3 236   4],[  0 220   0],16.76305461424021,0.0,100.0,[  7  17 216],[  0   0 220],18.81488772222678,0.0,100.0
25,62,[222   9  10],[220   0   0],13.601470508735444,0.0,100.0,[ 16 208   8],[  0 220   0],21.540659228538015,0.0,100.0,[ 12   2 215],[  0   0 220],13.152946437965905,0.0,100.0
25,63,[230   5   4],[220   0   0],11.874342087037917,0.0,100.0,[  6 212  11],[  0 220   0],14.866068747318506,0.0,100.0,[  7   1 215],[  0   0 220],8.660254037844387,0.0,100.0
26,0,[218  16   2],[220   0   0],16.24807680927192,0.0,100.0,[ 10 200  12],[  0 220   0],25.37715508089904,0.0,100.0,[ 17  11 200],[  0   0 220],28.460498941515414,0.0,100.0
26,1,[209  14  14],[220   0   0],22.64950330581225,0.0,100.0,[ 11 234  15],[  0 220   0],23.280893453645632,0.0,100.0,[ 10   1 234],[  0   0 220],17.233687939614086,0.0,100.0
26,2,[212   4  10],[220   0   0],13.416407864998739,0.0,100.0,[ 12 202   6],[  0 220   0],22.44994432064365,0.0,100.0,[  2   8 206],[  0   0 220],16.24807680927192,0.0,100.0
26,3,[234  15  15],[220   0   0],25.41653005427767,0.0,100.0,[  9 217  16],[  0 220   0],18.601075237738275,0.0,100.0,[ 11   1 217],[  0   0 220],11.445523142259598,0.0,100.0
26,4,[235  10  15],[220   0   0],23.45207879911715,0.0,100.0,[ 17 225  15],[  0 220   0],23.2163735324878,0.0,100.0,[ 19  13 212],[  0   0 220],24.372115213907882,0.0,100.0
26,5,[203   5  10],[220   0   0],20.346989949375804,0.0,100.0,[ 10 224   5],[  0 220   0],11.874342087037917,0.0,100.0,[  8  11 228],[  0   0 220],15.7797338380595,0.0,100.0
26,6,[233   0   0],[220   0   0],13.0,0.0,100.0,[ 14 223   9],[  0 220   0],16.911534525287763,0.0,100.0,[ 17  19 200],[  0   0 220],32.4037034920393,0.0,100.0
26,7,[231  15   0],[220   0   0],18.601075237738275,0.0,100.0,[ 16 234   7],[  0 220   0],22.38302928559939,0.0,100.0,[ 19   2 200],[  0   0 220],27.65863337187866,0.0,100.0
26,8,[236   0   9],[220   0   0],18.35755975068582,0.0,100.0,[  3 218   3],[  0 220   0],4.69041575982343,0.0,100.0,[  1   6 213],[  0   0 220],9.273618495495704,0.0,100.0
26,9,[227   6  18],[220   0   0],20.223748416156685,0.0,100.0,[ 15 207  14],[  0 220   0],24.289915602982237,0.0,100.0,[  1   4 229],[  0   0 220],9.899494936611665,0.0,100.0
26,10,[211  15  14],[220   0   0],22.40535650240808,0.0,100.0,[ 10 218   5],[  0 220   0],11.357816691600547,0.0,100.0,[ 16  12 219],[  0   0 220],20.024984394500787,0.0,100.0
26,11,[218   9  13],[220   0   0],15.937377450509228,0.0,100.0,[ 12 217  12],[  0 220   0],17.233687939614086,0.0,100.0,[ 15  16 213],[  0   0 220],23.021728866442675,0.0,100.0
26,12,[227  10  11],[220   0   0],16.431676725154983,0.0,100.0,[ 18 233  13],[  0 220   0],25.729360660537214,0.0,100.0,[ 18   8 234],[  0   0 220],24.166091947189145,0.0,100.0
26,13,[235  17  19],[220   0   0],29.58039891549808,0.0,100.0,[ 14 207   6],[  0 220   0],20.024984394500787,0.0,100.0,[ 19  19 206],[  0   0 220],30.298514815086232,0.0,100.0
26,14,[215   4  17],[220   0   0],18.16590212458495,0.0,100.0,[  3 203  14],[  0 220   0],22.22611077089287,0.0,100.0,[ 13  19 219],[  0   0 220],23.043437243605826,0.0,100.0
26,15,[218   3  11],[220   0   0],11.575836902790225,0.0,100.0,[  0 225  15],[  0 220   0],15.811388300841896,0.0,100.0,[ 11   4 213],[  0   0 220],13.638181696985855,0.0,100.0
26,16,[223   4   6],[220   0   0],7.810249675906654,0.0,100.0,[ 10 229   2],[  0 220   0],13.601470508735444,0.0,100.0,[ 12   0 234],[  0   0 220],18.439088914585774,0.0,100.0
26,17,[202   8  18],[220   0   0],26.68332812825267,0.0,100.0,[ 11 224   9],[  0 220   0],14.7648230602334,0.0,100.0,[ 13  12 210],[  0   0 220],20.322401432901575,0.0,100.0
26,18,[212  12   0],[220   0   0],14.422205101855956,0.0,100.0,[  3 228  15],[  0 220   0],17.26267650163207,0.0,100.0,[ 11  14 200],[  0   0 220],26.77685567799177,0.0,100.0
26,19,[209  16  16],[220   0   0],25.15949125081825,0.0,100.0,[ 12 229  17],[  0 220   0],22.67156809750927,0.0,100.0,[ 17  11 218],[  0   0 220],20.346989949375804,0.0,100.0
26,20,[208   4  19],[220   0   0],22.825424421026653,0.0,100.0,[  6 203   0],[  0 220   0],18.027756377319946,0.0,100.0,[  5  19 235],[  0   0 220],24.71841418861655,0.0,100.0
26,21,[208   4  12],[220   0   0],17.435595774162696,0.0,100.0,[ 18 215   2],[  0 220   0],18.788294228055936,0.0,100.0,[  3   0 200],[  0   0 220],20.223748416156685,0.0,100.0
26,22,[220  16  19],[220   0   0],24.839484696748443,0.0,100.0,[ 19 220  14],[  0 220   0],23.600847442411894,0.0,100.0,[  1   3 228],[  0   0 220],8.602325267042627,0.0,100.0
26,23,[216  12  16],[220   0   0],20.396078054371138,0.0,100.0,[  2 223  10],[  0 220   0],10.63014581273465,0.0,100.0,[  8   2 216],[  0   0 220],9.16515138991168,0.0,100.0
26,24,[224  15   5],[220   0   0],16.30950643030009,0.0,100.0,[  9 234   3],[  0 220   0],16.911534525287763,0.0,100.0,[  2   8 216],[  0   0 220],9.16515138991168,0.0,100.0
26,25,[235   1   4],[220   0   0],15.556349186104045,0.0,100.0,[  6 224  11],[  0 220   0],13.152946437965905,0.0,100.0,[  6  17 226],[  0   0 220],19.0,0.0,100.0
26,26,[211   4  16],[220   0   0],18.788294228055936,0.0,100.0,[ 19 213   5],[  0 220   0],20.85665361461421,0.0,100.0,[ 13  10 211],[  0   0 220],18.708286933869708,0.0,100.0
26,27,[235  19   6],[220   0   0],24.939927826679853,0.0,100.0,[  8 216  18],[  0 220   0],20.09975124224178,0.0,100.0,[ 15   7 200],[  0   0 220],25.96150997149434,0.0,100.0
26,28,[215   7   6],[220   0   0],10.488088481701515,0.0,100.0,[ 14 210   8],[  0 220   0],18.973665961010276,0.0,100.0,[  5  15 201],[  0   0 220],24.71841418861655,0.0,100.0
26,29,[214   8  12],[220   0   0],15.620499351813308,0.0,100.0,[ 11 228   2],[  0 220   0],13.74772708486752,0.0,100.0,[ 11  12 203],[  0   0 220],23.53720459187964,0.0,100.0
26,30,[239  13  13],[220   0   0],26.43860813280457,0.0,100.0,[ 17 217   4],[  0 220   0],17.72004514666935,0.0,100.0,[ 18   4 201],[  0   0 220],26.476404589747453,0.0,100.0
26,31,[216   7  16],[220   0   0],17.916472867168917,0.0,100.0,[  8 206   5],[  0 220   0],16.881943016134134,0.0,100.0,[ 19   5 238],[  0   0 220],26.645825188948457,0.0,100.0
26,32,[208   3   5],[220   0   0],13.341664064126334,0.0,100.0,[ 15 222   4],[  0 220   0],15.652475842498529,0.0,100.0,[ 15  12 213],[  0   0 220],20.445048300260872,0.0,100.0
26,33,[233  17  17],[220   0   0],27.331300737432898,0.0,100.0,[  2 209  17],[  0 220   0],20.346989949375804,0.0,100.0,[  9  15 235],[  0   0 220],23.043437243605826,0.0,100.0
26,34,[231   3   0],[220   0   0],11.40175425099138,0.0,100.0,[  3 219   6],[  0 220   0],6.782329983125268,0.0,100.0,[  9   8 213],[  0   0 220],13.92838827718412,0.0,100.0
26,35,[223   3   7],[220   0   0],8.18535277187245,0.0,100.0,[ 11 211  13],[  0 220   0],19.261360284258224,0.0,100.0,[ 11  16 207],[  0   0 220],23.366642891095847,0.0,100.0
26,36,[237  12   5],[220   0   0],21.400934559032695,0.0,100.0,[ 10 212  13],[  0 220   0],18.24828759089466,0.0,100.0,[  6  16 202],[  0   0 220],24.819347291981714,0.0,100.0
26,37,[205  17  13],[220   0   0],26.13426869074396,0.0,100.0,[  1 205   6],[  0 220   0],16.186414056238647,0.0,100.0,[  5   5 209],[  0   0 220],13.076696830622021,0.0,100.0
26,38,[218   2  16],[220   0   0],16.24807680927192,0.0,100.0,[ 17 228  10],[  0 220   0],21.283796653792763,0.0,100.0,[ 16   4 221],[  0   0 220],16.522711641858304,0.0,100.0
26,39,[233   1  15],[220   0   0],19.87460691435179,0.0,100.0,[  2 229  11],[  0 220   0],14.352700094407323,0.0,100.0,[  5  10 202],[  0   0 220],21.18962010041709,0.0,100.0
26,40,[208  12   8],[220   0   0],18.76166303929372,0.0,100.0,[  1 211  13],[  0 220   0],15.84297951775486,0.0,100.0,[  6   1 222],[  0   0 220],6.4031242374328485,0.0,100.0
26,41,[201  10  16],[220   0   0],26.77685567799177,0.0,100.0,[  1 205  18],[  0 220   0],23.45207879911715,0.0,100.0,[  7  12 219],[  0   0 220],13.92838827718412,0.0,100.0
26,42,[223   5   5],[220   0   0],7.681145747868608,0.0,100.0,[ 19 214  17],[  0 220   0],26.19160170741759,0.0,100.0,[ 18  18 237],[  0   0 220],30.610455730027933,0.0,100.0
26,43,[229  19   5],[220   0   0],21.61018278497431,0.0,100.0,[  4 213   5],[  0 220   0],9.486832980505138,0.0,100.0,[ 10  15 239],[  0   0 220],26.19160170741759,0.0,100.0
26,44,[236  19  17],[220   0   0],30.099833886584822,0.0,100.0,[ 11 215  14],[  0 220   0],18.49324200890693,0.0,100.0,[ 12  14 217],[  0   0 220],18.681541692269406,0.0,100.0
26,45,[230   8   9],[220   0   0],15.652475842498529,0.0,100.0,[  3 208   4],[  0 220   0],13.0,0.0,100.0,[  6   6 231],[  0   0 220],13.892443989449804,0.0,100.0
26,46,[235  15  12],[220   0   0],24.372115213907882,0.0,100.0,[ 12 224   0],[  0 220   0],12.649110640673518,0.0,100.0,[  9  15 213],[  0   0 220],18.841443681416774,0.0,100.0
26,47,[212  14   4],[220   0   0],16.61324772583615,0.0,100.0,[ 14 207   2],[  0 220   0],19.209372712298546,0.0,100.0,[  3  14 211],[  0   0 220],16.911534525287763,0.0,100.0
26,48,[237  10   4],[220   0   0],20.12461179749811,0.0,100.0,[  1 206   1],[  0 220   0],14.071247279470288,0.0,100.0,[ 16   7 204],[  0   0 220],23.68543856465402,0.0,100.0
26,49,[234   1   7],[220   0   0],15.684387141358123,0.0,100.0,[ 13 239   2],[  0 220   0],23.108440016582687,0.0,100.0,[ 11   0 209],[  0   0 220],15.556349186104045,0.0,100.0
26,50,[204   6   9],[220   0   0],19.313207915827967,0.0,100.0,[ 13 205  17],[  0 220   0],26.13426869074396,0.0,100.0,[ 11  11 227],[  0   0 220],17.05872210923198,0.0,100.0
26,51,[224  19  15],[220   0   0],24.535688292770594,0.0,100.0,[  6 205   8],[  0 220   0],18.027756377319946,0.0,100.0,[  4  19 229],[  0   0 220],21.400934559032695,0.0,100.0
26,52,[204  15  10],[220   0   0],24.1039415863879,0.0,100.0,[  8 217  13],[  0 220   0],15.556349186104045,0.0,100.0,[ 12  13 226],[  0   0 220],18.681541692269406,0.0,100.0
26,53,[214  18  11],[220   0   0],21.93171219946131,0.0,100.0,[  1 200   9],[  0 220   0],21.95449840010015,0.0,100.0,[  1  14 201],[  0   0 220],23.62202362203543,0.0,100.0
26,54,[217  12  14],[220   0   0],18.681541692269406,0.0,100.0,[ 15 213  12],[  0 220   0],20.445048300260872,0.0,100.0,[ 17  18 215],[  0   0 220],25.25866188063018,0.0,100.0
26,55,[233  13  12],[220   0   0],21.95449840010015,0.0,100.0,[  9 222  12],[  0 220   0],15.132745950421556,0.0,100.0,[ 16   2 232],[  0   0 220],20.09975124224178,0.0,100.0
26,56,[210  19   3],[220   0   0],21.6794833886788,0.0,100.0,[ 18 206   6],[  0 220   0],23.57965224510319,0.0,100.0,[ 14   7 228],[  0   0 220],17.578395831246947,0.0,100.0
26,57,[212  15   6],[220   0   0],18.027756377319946,0.0,100.0,[  0 220  19],[  0 220   0],19.0,0.0,100.0,[  0   6 224],[  0   0 220],7.211102550927978,0.0,100.0
26,58,[237   2  12],[220   0   0],20.904544960366874,0.0,100.0,[ 13 232  16],[  0 220   0],23.853720883753127,0.0,100.0,[  5  12 230],[  0   0 220],16.401219466856727,0.0,100.0
26,59,[207   4   5],[220   0   0],14.491376746189438,0.0,100.0,[  4 216   7],[  0 220   0],9.0,0.0,100.0,[ 18  16 234],[  0   0 220],27.85677655436824,0.0,100.0
26,60,[217  13  10],[220   0   0],16.673332000533065,0.0,100.0,[ 18 213   0],[  0 220   0],19.313207915827967,0.0,100.0,[  9  11 214],[  0   0 220],15.427248620541512,0.0,100.0
26,61,[221  19  15],[220   0   0],24.228082879171435,0.0,100.0,[  9 228  10],[  0 220   0],15.652475842498529,0.0,100.0,[ 16   5 238],[  0   0 220],24.596747752497688,0.0,100.0
26,62,[237   0  15],[220   0   0],22.67156809750927,0.0,100.0,[ 18 223  19],[  0 220   0],26.343879744638983,0.0,100.0,[ 14  13 232],[  0   0 220],22.561028345356956,0.0,100.0
26,63,[214   4  14],[220   0   0],15.748015748023622,0.0,100.0,[  6 207  15],[  0 220   0],20.73644135332772,0.0,100.0,[ 17   3 225],[  0   0 220],17.97220075561143,0.0,100.0
27,0,[205  11   6],[220   0   0],19.544820285692065,0.0,100.0,[  9 203   2],[  0 220   0],19.339079605813716,0.0,100.0,[  1  15 203],[  0   0 220],22.693611435820433,0.0,100.0
27,1,[229  13   4],[220   0   0],16.30950643030009,0.0,100.0,[  0 237   0],[  0 220   0],17.0,0.0,100.0,[  6   3 230],[  0   0 220],12.041594578792296,0.0,100.0
27,2,[235  12   0],[220   0   0],19.209372712298546,0.0,100.0,[ 14 209  10],[  0 220   0],20.42057785666214,0.0,100.0,[ 17  15 217],[  0   0 220],22.869193252058544,0.0,100.0
27,3,[238  16   4],[220   0   0],24.413111231467404,0.0,100.0,[  1 204  17],[  0 220   0],23.366642891095847,0.0,100.0,[ 10  15 206],[  0   0 220],22.825424421026653,0.0,100.0
27,4,[232   9  13],[220   0   0],19.849433241279208,0.0,100.0,[ 13 203  12],[  0 220   0],24.535688292770594,0.0,100.0,[  1  12 238],[  0   0 220],21.656407827707714,0.0,100.0
27,5,[232   9   1],[220   0   0],15.033296378372908,0.0,100.0,[ 13 228   2],[  0 220   0],15.394804318340652,0.0,100.0,[  1   6 235],[  0   0 220],16.186414056238647,0.0,100.0
27,6,[227  13  17],[220   0   0],22.516660498395403,0.0,100.0,[ 10 225  16],[  0 220   0],19.519221295943137,0.0,100.0,[  2  10 223],[  0   0 220],10.63014581273465,0.0,100.0
27,7,[215  19  18],[220   0   0],26.645825188948457,0.0,100.0,[ 18 214  10],[  0 220   0],21.447610589527216,0.0,100.0,[ 12  13 209],[  0   0 220],20.83266665599966,0.0,100.0
27,8,[238  16  19],[220   0   0],30.675723300355934,0.0,100.0,[ 12 223  19],[  0 220   0],22.67156809750927,0.0,100.0,[  2   9 237],[  0   0 220],19.339079605813716,0.0,100.0
27,9,[217   1  19],[220   0   0],19.261360284258224,0.0,100.0,[ 10 224   8],[  0 220   0],13.416407864998739,0.0,100.0,[  2   6 224],[  0   0 220],7.483314773547883,0.0,100.0
27,10,[234  17  16],[220   0   0],27.2213151776324,0.0,100.0,[ 17 208   6],[  0 220   0],21.656407827707714,0.0,100.0,[ 13  14 219],[  0   0 220],19.131126469708992,0.0,100.0
27,11,[208  13   5],[220   0   0],18.384776310850235,0.0,100.0,[ 10 208  13],[  0 220   0],20.322401432901575,0.0,100.0,[  6  19 214],[  0   0 220],20.808652046684813,0.0,100.0
27,12,[226  16   0],[220   0   0],17.08800749063506,0.0,100.0,[  0 206   0],[  0 220   0],14.0,0.0,100.0,[ 10   1 223],[  0   0 220],10.488088481701515,0.0,100.0
27,13,[236  19   0],[220   0   0],24.839484696748443,0.0,100.0,[ 13 231  11],[  0 220   0],20.273134932713294,0.0,100.0,[ 12  12 216],[  0   0 220],17.435595774162696,0.0,100.0
27,14,[232   0  11],[220   0   0],16.278820596099706,0.0,100.0,[ 15 229  17],[  0 220   0],24.392621835300936,0.0,100.0,[  8  16 210],[  0   0 220],20.493901531919196,0.0,100.0
27,15,[231  17  12],[220   0   0],23.53720459187964,0.0,100.0,[  0 209  15],[  0 220   0],18.601075237738275,0.0,100.0,[ 15  10 232],[  0   0 220],21.656407827707714,0.0,100.0
27,16,[208   8   2],[220   0   0],14.560219778561036,0.0,100.0,[ 19 236   1],[  0 220   0],24.859605789312106,0.0,100.0,[  6  18 235],[  0   0 220],24.186773244895647,0.0,100.0
27,17,[200   4  15],[220   0   0],25.317977802344327,0.0,100.0,[ 10 224   2],[  0 220   0],10.954451150103322,0.0,100.0,[ 13  19 224],[  0   0 220],23.366642891095847,0.0,100.0
27,18,[204   1   6],[220   0   0],17.11724276862369,0.0,100.0,[  4 226   9],[  0 220   0],11.532562594670797,0.0,100.0,[ 12  17 206],[  0   0 220],25.079872407968907,0.0,100.0
27,19,[239   9   9],[220   0   0],22.869193252058544,0.0,100.0,[ 16 215  18],[  0 220   0],24.596747752497688,0.0,100.0,[ 15   4 224],[  0   0 220],16.0312195418814,0.0,100.0
27,20,[207   6  14],[220   0   0],20.024984394500787,0.0,100.0,[ 12 227   7],[  0 220   0],15.556349186104045,0.0,100.0,[  6  17 205],[  0   0 220],23.45207879911715,0.0,100.0
27,21,[239  18  18],[220   0   0],31.76476034853718,0.0,100.0,[ 13 225  14],[  0 220   0],19.748417658131498,0.0,100.0,[  1   7 215],[  0   0 220],8.660254037844387,0.0,100.0
27,22,[227   7   9],[220   0   0],13.379088160259652,0.0,100.0,[  7 210   9],[  0 220   0],15.165750888103101,0.0,100.0,[ 10   9 200],[  0   0 220],24.1039415863879,0.0,100.0
27,23,[239   9   1],[220   0   0],21.047565179849187,0.0,100.0,[ 16 207   8],[  0 220   0],22.11334438749598,0.0,100.0,[  8   0 215],[  0   0 220],9.433981132056603,0.0,100.0
27,24,[209  10   5],[220   0   0],15.684387141358123,0.0,100.0,[ 17 211   8],[  0 220   0],20.83266665599966,0.0,100.0,[  2  17 237],[  0   0 220],24.124676163629637,0.0,100.0
27,25,[205   7  16],[220   0   0],23.021728866442675,0.0,100.0,[  4 225   4],[  0 220   0],7.54983443527075,0.0,100.0,[  4   9 205],[  0   0 220],17.944358444926362,0.0,100.0
27,26,[230  13  11],[220   0   0],19.748417658131498,0.0,100.0,[ 11 233   8],[  0 220   0],18.81488772222678,0.0,100.0,[  3   1 203],[  0   0 220],17.291616465790582,0.0,100.0
27,27,[229  19  18],[220   0   0],27.676705006196094,0.0,100.0,[ 15 226   0],[  0 220   0],16.15549442140351,0.0,100.0,[ 16   9 228],[  0   0 220],20.024984394500787,0.0,100.0
27,28,[213   9   2],[220   0   0],11.575836902790225,0.0,100.0,[  0 230   9],[  0 220   0],13.45362404707371,0.0,100.0,[ 10  15 202],[  0   0 220],25.475478405713993,0.0,100.0
27,29,[219  15  11],[220   0   0],18.627936010197157,0.0,100.0,[  4 203   9],[  0 220   0],19.6468827043885,0.0,100.0,[ 19  10 207],[  0   0 220],25.099800796022265,0.0,100.0
27,30,[204  19   3],[220   0   0],25.019992006393608,0.0,100.0,[  3 209  10],[  0 220   0],15.165750888103101,0.0,100.0,[  8   2 214],[  0   0 220],10.198039027185569,0.0,100.0
27,31,[210  14   4],[220   0   0],17.663521732655695,0.0,100.0,[ 15 234   8],[  0 220   0],22.02271554554524,0.0,100.0,[  6  17 222],[  0   0 220],18.138357147217054,0.0,100.0
27,32,[228  13   9],[220   0   0],17.72004514666935,0.0,100.0,[  6 205   7],[  0 220   0],17.60681686165901,0.0,100.0,[  2   5 216],[  0   0 220],6.708203932499369,0.0,100.0
27,33,[220   9  12],[220   0   0],15.0,0.0,100.0,[  0 211   1],[  0 220   0],9.055385138137417,0.0,100.0,[ 18   9 208],[  0   0 220],23.430749027719962,0.0,100.0
27,34,[233   4  10],[220   0   0],16.881943016134134,0.0,100.0,[ 12 205  19],[  0 220   0],27.018512172212592,0.0,100.0,[  5   3 202],[  0   0 220],18.920887928424502,0.0,100.0
27,35,[228   7  14],[220   0   0],17.578395831246947,0.0,100.0,[  6 230   4],[  0 220   0],12.328828005937952,0.0,100.0,[  1  12 236],[  0   0 220],20.024984394500787,0.0,100.0
27,36,[207   9  12],[220   0   0],19.849433241279208,0.0,100.0,[  6 237   1],[  0 220   0],18.05547008526779,0.0,100.0,[ 19  17 208],[  0   0 220],28.178005607210743,0.0,100.0
27,37,[213  15  16],[220   0   0],23.021728866442675,0.0,100.0,[  3 226   4],[  0 220   0],7.810249675906654,0.0,100.0,[ 16   3 219],[  0   0 220],16.30950643030009,0.0,100.0
27,38,[230   5   0],[220   0   0],11.180339887498949,0.0,100.0,[  2 222  18],[  0 220   0],18.2208671582886,0.0,100.0,[  3   6 204],[  0   0 220],17.349351572897472,0.0,100.0
27,39,[233   6  15],[220   0   0],20.73644135332772,0.0,100.0,[ 19 212  14],[  0 220   0],24.919871588754223,0.0,100.0,[  5  17 239],[  0   0 220],25.98076211353316,0.0,100.0
27,40,[209  12  11],[220   0   0],19.6468827043885,0.0,100.0,[ 11 231  13],[  0 220   0],20.273134932713294,0.0,100.0,[ 17  18 210],[  0   0 220],26.70205984563738,0.0,100.0
27,41,[238   7  10],[220   0   0],21.748563170931547,0.0,100.0,[ 10 235   8],[  0 220   0],19.72308292331602,0.0,100.0,[ 15   4 205],[  0   0 220],21.587033144922902,0.0,100.0
27,42,[213  18   9],[220   0   0],21.307275752662516,0.0,100.0,[ 11 237   8],[  0 220   0],21.77154105707724,0.0,100.0,[ 15   3 206],[  0   0 220],20.73644135332772,0.0,100.0
27,43,[239  10   1],[220   0   0],21.494185260204677,0.0,100.0,[ 13 235  11],[  0 220   0],22.693611435820433,0.0,100.0,[ 16   7 208],[  0   0 220],21.18962010041709,0.0,100.0
27,44,[200  18   1],[220   0   0],26.92582403567252,0.0,100.0,[  8 238  14],[  0 220   0],24.166091947189145,0.0,100.0,[  3  18 220],[  0   0 220],18.24828759089466,0.0,100.0
27,45,[218  18  17],[220   0   0],24.839484696748443,0.0,100.0,[  7 214   8],[  0 220   0],12.206555615733702,0.0,100.0,[  6   7 209],[  0   0 220],14.352700094407323,0.0,100.0
27,46,[231   5   7],[220   0   0],13.96424004376894,0.0,100.0,[ 10 231   0],[  0 220   0],14.866068747318506,0.0,100.0,[  8  18 229],[  0   0 220],21.656407827707714,0.0,100.0
27,47,[236   4   7],[220   0   0],17.916472867168917,0.0,100.0,[ 12 227  17],[  0 220   0],21.95449840010015,0.0,100.0,[ 15   8 217],[  0   0 220],17.26267650163207,0.0,100.0
27,48,[216   8   4],[220   0   0],9.797958971132712,0.0,100.0,[  2 225  10],[  0 220   0],11.357816691600547,0.0,100.0,[ 14  11 201],[  0   0 220],26.038433132583073,0.0,100.0
27,49,[215  18   6],[220   0   0],19.621416870348583,0.0,100.0,[ 17 230   5],[  0 220   0],20.346989949375804,0.0,100.0,[  3  10 207],[  0   0 220],16.673332000533065,0.0,100.0
27,50,[219  16   3],[220   0   0],16.30950643030009,0.0,100.0,[ 10 232   2],[  0 220   0],15.748015748023622,0.0,100.0,[  8   3 218],[  0   0 220],8.774964387392123,0.0,100.0
27,51,[219   5  13],[220   0   0],13.96424004376894,0.0,100.0,[  4 226   3],[  0 220   0],7.810249675906654,0.0,100.0,[ 13  15 216],[  0   0 220],20.248456731316587,0.0,100.0
27,52,[201   3   2],[220   0   0],19.339079605813716,0.0,100.0,[  0 225  15],[  0 220   0],15.811388300841896,0.0,100.0,[  8  12 200],[  0   0 220],24.657656011875904,0.0,100.0
27,53,[233  10   1],[220   0   0],16.431676725154983,0.0,100.0,[  2 201  18],[  0 220   0],26.248809496813376,0.0,100.0,[  6  17 206],[  0   0 220],22.825424421026653,0.0,100.0
27,54,[207   1   5],[220   0   0],13.96424004376894,0.0,100.0,[  8 238  10],[  0 220   0],22.090722034374522,0.0,100.0,[ 16  15 215],[  0   0 220],22.494443758403985,0.0,100.0
27,55,[210  11   2],[220   0   0],15.0,0.0,100.0,[  0 226   9],[  0 220   0],10.816653826391969,0.0,100.0,[ 11  17 239],[  0   0 220],27.76688675382964,0.0,100.0
27,56,[214   7   9],[220   0   0],12.884098726725126,0.0,100.0,[  3 218  14],[  0 220   0],14.45683229480096,0.0,100.0,[  8   2 229],[  0   0 220],12.206555615733702,0.0,100.0
27,57,[236  19  16],[220   0   0],29.546573405388315,0.0,100.0,[  8 225  19],[  0 220   0],21.213203435596427,0.0,100.0,[ 11   8 222],[  0   0 220],13.74772708486752,0.0,100.0
27,58,[204  17  19],[220   0   0],30.099833886584822,0.0,100.0,[  3 235  11],[  0 220   0],18.841443681416774,0.0,100.0,[ 15   6 236],[  0   0 220],22.737634001804146,0.0,100.0
27,59,[207   4  10],[220   0   0],16.881943016134134,0.0,100.0,[  9 235  14],[  0 220   0],22.40535650240808,0.0,100.0,[ 13  19 236],[  0   0 220],28.035691537752374,0.0,100.0
27,60,[219  17   5],[220   0   0],17.74823934929885,0.0,100.0,[  9 227   3],[  0 220   0],11.789826122551595,0.0,100.0,[ 18  13 204],[  0   0 220],27.367864366808018,0.0,100.0
27,61,[215  19   0],[220   0   0],19.6468827043885,0.0,100.0,[ 13 200  15],[  0 220   0],28.178005607210743,0.0,100.0,[ 18  12 232],[  0   0 220],24.73863375370596,0.0,100.0
27,62,[212   7  17],[220   0   0],20.049937655763422,0.0,100.0,[  9 219   8],[  0 220   0],12.083045973594572,0.0,100.0,[ 12  17 220],[  0   0 220],20.808652046684813,0.0,100.0
27,63,[212   2  10],[220   0   0],12.96148139681572,0.0,100.0,[  8 221  12],[  0 220   0],14.45683229480096,0.0,100.0,[ 14   5 206],[  0   0 220],20.42057785666214,0.0,100.0
28,0,[216  18  14],[220   0   0],23.15167380558045,0.0,100.0,[  8 218  11],[  0 220   0],13.74772708486752,0.0,100.0,[ 11   6 219],[  0   0 220],12.569805089976535,0.0,100.0
28,1,[235  19  18],[220   0   0],30.166206257996713,0.0,100.0,[  5 231  16],[  0 220   0],20.049937655763422,0.0,100.0,[  4  12 236],[  0   0 220],20.396078054371138,0.0,100.0
28,2,[223  16  11],[220   0   0],19.6468827043885,0.0,100.0,[  4 207   1],[  0 220   0],13.638181696985855,0.0,100.0,[  3  16 213],[  0   0 220],17.72004514666935,0.0,100.0
28,3,[201   5  14],[220   0   0],24.124676163629637,0.0,100.0,[  5 229  12],[  0 220   0],15.811388300841896,0.0,100.0,[  3  17 218],[  0   0 220],17.378147196982766,0.0,100.0
28,4,[212  19  19],[220   0   0],28.035691537752374,0.0,100.0,[ 18 230   0],[  0 220   0],20.591260281974,0.0,100.0,[  2   2 202],[  0   0 220],18.2208671582886,0.0,100.0
28,5,[202   4   7],[220   0   0],19.72308292331602,0.0,100.0,[ 14 211   3],[  0 220   0],16.911534525287763,0.0,100.0,[ 10  11 212],[  0   0 220],16.881943016134134,0.0,100.0
28,6,[207   1  11],[220   0   0],17.05872210923198,0.0,100.0,[ 18 233   8],[  0 220   0],23.600847442411894,0.0,100.0,[  6   2 230],[  0   0 220],11.832159566199232,0.0,100.0
28,7,[237  19  10],[220   0   0],27.386127875258307,0.0,100.0,[  7 229   8],[  0 220   0],13.92838827718412,0.0,100.0,[  9  14 207],[  0   0 220],21.118712081942874,0.0,100.0
28,8,[230   4  17],[220   0   0],20.12461179749811,0.0,100.0,[  4 228   3],[  0 220   0],9.433981132056603,0.0,100.0,[  8  19 212],[  0   0 220],22.11334438749598,0.0,100.0
28,9,[201   6  15],[220   0   0],24.939927826679853,0.0,100.0,[  1 208   5],[  0 220   0],13.038404810405298,0.0,100.0,[  3  16 223],[  0   0 220],16.55294535724685,0.0,100.0
28,10,[226   9  16],[220   0   0],19.313207915827967,0.0,100.0,[  8 234   6],[  0 220   0],17.204650534085253,0.0,100.0,[ 16  14 218],[  0   0 220],21.354156504062622,0.0,100.0
28,11,[228  13  13],[220   0   0],20.049937655763422,0.0,100.0,[  8 221   9],[  0 220   0],12.083045973594572,0.0,100.0,[ 16  11 234],[  0   0 220],23.93741840717165,0.0,100.0
28,12,[222   0  13],[220   0   0],13.152946437965905,0.0,100.0,[  1 215   3],[  0 220   0],5.916079783099616,0.0,100.0,[ 15   0 238],[  0   0 220],23.430749027719962,0.0,100.0
28,13,[218   7   0],[220   0   0],7.280109889280518,0.0,100.0,[ 13 219  12],[  0 220   0],17.72004514666935,0.0,100.0,[ 14   8 204],[  0   0 220],22.715633383201094,0.0,100.0
28,14,[212   7  14],[220   0   0],17.578395831246947,0.0,100.0,[ 10 228   2],[  0 220   0],12.96148139681572,0.0,100.0,[  0  17 233],[  0   0 220],21.400934559032695,0.0,100.0
28,15,[225   2   4],[220   0   0],6.708203932499369,0.0,100.0,[ 19 212  10],[  0 220   0],22.9128784747792,0.0,100.0,[ 16   2 212],[  0   0 220],18.0,0.0,100.0
28,16,[219   4  16],[220   0   0],16.522711641858304,0.0,100.0,[  0 203  18],[  0 220   0],24.758836806279895,0.0,100.0,[ 16   9 219],[  0   0 220],18.384776310850235,0.0,100.0
28,17,[215  18  14],[220   0   0],23.345235059857504,0.0,100.0,[ 17 205   5],[  0 220   0],23.2163735324878,0.0,100.0,[ 19  10 205],[  0   0 220],26.19160170741759,0.0,100.0
28,18,[223  10  12],[220   0   0],15.905973720586866,0.0,100.0,[ 15 219   5],[  0 220   0],15.84297951775486,0.0,100.0,[  3   5 208],[  0   0 220],13.341664064126334,0.0,100.0
28,19,[216   1   0],[220   0   0],4.123105625617661,0.0,100.0,[ 10 238   3],[  0 220   0],20.808652046684813,0.0,100.0,[  6   7 202],[  0   0 220],20.223748416156685,0.0,100.0
28,20,[221  13  12],[220   0   0],17.72004514666935,0.0,100.0,[ 19 234  18],[  0 220   0],29.68164415931166,0.0,100.0,[  8  19 238],[  0   0 220],27.367864366808018,0.0,100.0
28,21,[214   3   9],[220   0   0],11.224972160321824,0.0,100.0,[  1 207  10],[  0 220   0],16.431676725154983,0.0,100.0,[ 12  11 232],[  0   0 220],20.223748416156685,0.0,100.0
28,22,[225   7   2],[220   0   0],8.831760866327848,0.0,100.0,[ 17 220  13],[  0 220   0],21.400934559032695,0.0,100.0,[ 18   4 218],[  0   0 220],18.547236990991408,0.0,100.0
28,23,[234  10  15],[220   0   0],22.825424421026653,0.0,100.0,[ 15 200  14],[  0 220   0],28.653097563788805,0.0,100.0,[ 17   8 205],[  0   0 220],24.041630560342615,0.0,100.0
28,24,[200   0  10],[220   0   0],22.360679774997898,0.0,100.0,[  5 227  17],[  0 220   0],19.05255888325765,0.0,100.0,[  9   0 237],[  0   0 220],19.235384061671343,0.0,100.0
28,25,[232  12  17],[220   0   0],24.020824298928627,0.0,100.0,[  0 209   5],[  0 220   0],12.083045973594572,0.0,100.0,[ 12   4 223],[  0   0 220],13.0,0.0,100.0
28,26,[222  13   6],[220   0   0],14.45683229480096,0.0,100.0,[  3 227   1],[  0 220   0],7.681145747868608,0.0,100.0,[ 13   7 225],[  0   0 220],15.588457268119896,0.0,100.0
28,27,[235  19  14],[220   0   0],27.964262908219126,0.0,100.0,[ 10 207   3],[  0 220   0],16.673332000533065,0.0,100.0,[ 16  13 226],[  0   0 220],21.470910553583888,0.0,100.0
28,28,[221  16   9],[220   0   0],18.384776310850235,0.0,100.0,[ 12 209  19],[  0 220   0],25.019992006393608,0.0,100.0,[  1  10 212],[  0   0 220],12.84523257866513,0.0,100.0
28,29,[232  19   0],[220   0   0],22.47220505424423,0.0,100.0,[ 12 217  10],[  0 220   0],15.905973720586866,0.0,100.0,[  0  11 204],[  0   0 220],19.4164878389476,0.0,100.0
28,30,[233   4   4],[220   0   0],14.177446878757825,0.0,100.0,[  5 229   3],[  0 220   0],10.723805294763608,0.0,100.0,[  3   7 208],[  0   0 220],14.212670403551895,0.0,100.0
28,31,[219   3   2],[220   0   0],3.7416573867739413,0.0,100.0,[  9 203   5],[  0 220   0],19.87460691435179,0.0,100.0,[  8  14 228],[  0   0 220],18.0,0.0,100.0
28,32,[200  11   5],[220   0   0],23.366642891095847,0.0,100.0,[  3 209   3],[  0 220   0],11.789826122551595,0.0,100.0,[  3  12 233],[  0   0 220],17.944358444926362,0.0,100.0
28,33,[229  13   1],[220   0   0],15.84297951775486,0.0,100.0,[ 15 211   8],[  0 220   0],19.235384061671343,0.0,100.0,[ 19   1 231],[  0   0 220],21.97726097583591,0.0,100.0
28,34,[220   6   6],[220   0   0],8.48528137423857,0.0,100.0,[  6 238   5],[  0 220   0],19.621416870348583,0.0,100.0,[ 16  11 230],[  0   0 220],21.840329667841555,0.0,100.0
28,35,[210   1  15],[220   0   0],18.05547008526779,0.0,100.0,[  3 219   5],[  0 220   0],5.916079783099616,0.0,100.0,[ 17   1 215],[  0   0 220],17.74823934929885,0.0,100.0
28,36,[201   8  18],[220   0   0],27.367864366808018,0.0,100.0,[  9 232  10],[  0 220   0],18.027756377319946,0.0,100.0,[ 17  18 220],[  0   0 220],24.758836806279895,0.0,100.0
28,37,[223  13  10],[220   0   0],16.673332000533065,0.0,100.0,[ 14 205   1],[  0 220   0],20.54263858417414,0.0,100.0,[ 12  16 215],[  0   0 220],20.615528128088304,0.0,100.0
28,38,[225   1  10],[220   0   0],11.224972160321824,0.0,100.0,[ 17 205   5],[  0 220   0],23.2163735324878,0.0,100.0,[  3  15 216],[  0   0 220],15.811388300841896,0.0,100.0
28,39,[225  18   6],[220   0   0],19.621416870348583,0.0,100.0,[ 19 217  14],[  0 220   0],23.790754506740637,0.0,100.0,[ 17  17 238],[  0   0 220],30.033314835362415,0.0,100.0
28,40,[236  11   4],[220   0   0],19.82422760159901,0.0,100.0,[  1 211   4],[  0 220   0],9.899494936611665,0.0,100.0,[  2  18 232],[  0   0 220],21.72556098240043,0.0,100.0
28,41,[221  15  18],[220   0   0],23.45207879911715,0.0,100.0,[  0 211   1],[  0 220   0],9.055385138137417,0.0,100.0,[  9  13 223],[  0   0 220],16.09347693943108,0.0,100.0
28,42,[225   7  12],[220   0   0],14.7648230602334,0.0,100.0,[  1 202   9],[  0 220   0],20.149441679609886,0.0,100.0,[  7  12 218],[  0   0 220],14.035668847618199,0.0,100.0
28,43,[234  17   9],[220   0   0],23.790754506740637,0.0,100.0,[ 15 213   6],[  0 220   0],17.60681686165901,0.0,100.0,[  2   7 201],[  0   0 220],20.346989949375804,0.0,100.0
28,44,[228  12   4],[220   0   0],14.966629547095765,0.0,100.0,[  8 205  16],[  0 220   0],23.345235059857504,0.0,100.0,[  5  11 238],[  0   0 220],21.6794833886788,0.0,100.0
28,45,[239  12   1],[220   0   0],22.494443758403985,0.0,100.0,[ 10 209  10],[  0 220   0],17.916472867168917,0.0,100.0,[ 15  12 213],[  0   0 220],20.445048300260872,0.0,100.0
28,46,[210   3  10],[220   0   0],14.45683229480096,0.0,100.0,[ 12 212  10],[  0 220   0],17.549928774784245,0.0,100.0,[  6  12 230],[  0   0 220],16.73320053068151,0.0,100.0
28,47,[234  19   6],[220   0   0],24.351591323771842,0.0,100.0,[  4 207   3],[  0 220   0],13.92838827718412,0.0,100.0,[ 12   8 205],[  0   0 220],20.808652046684813,0.0,100.0
28,48,[203  13   0],[220   0   0],21.400934559032695,0.0,100.0,[ 18 236  17],[  0 220   0],29.478805945967352,0.0,100.0,[  6  13 217],[  0   0 220],14.628738838327793,0.0,100.0
28,49,[237  19  16],[220   0   0],30.099833886584822,0.0,100.0,[ 19 231  13],[  0 220   0],25.514701644346147,0.0,100.0,[  1   0 236],[  0   0 220],16.0312195418814,0.0,100.0
28,50,[228   0  18],[220   0   0],19.697715603592208,0.0,100.0,[  7 205  14],[  0 220   0],21.6794833886788,0.0,100.0,[ 15   6 229],[  0   0 220],18.49324200890693,0.0,100.0
28,51,[235  16  11],[220   0   0],24.535688292770594,0.0,100.0,[ 14 221   0],[  0 220   0],14.035668847618199,0.0,100.0,[  3  15 239],[  0   0 220],24.392621835300936,0.0,100.0
28,52,[235   9   2],[220   0   0],17.60681686165901,0.0,100.0,[ 17 227   5],[  0 220   0],19.05255888325765,0.0,100.0,[  6   9 237],[  0   0 220],20.149441679609886,0.0,100.0
28,53,[201  11  18],[220   0   0],28.39013913315678,0.0,100.0,[ 18 224   3],[  0 220   0],18.681541692269406,0.0,100.0,[  5  18 215],[  0   0 220],19.339079605813716,0.0,100.0
28,54,[213   2  13],[220   0   0],14.89966442575134,0.0,100.0,[  7 224   1],[  0 220   0],8.12403840463596,0.0,100.0,[ 12  10 202],[  0   0 220],23.83275057562597,0.0,100.0
28,55,[218  19   4],[220   0   0],19.519221295943137,0.0,100.0,[  5 223  16],[  0 220   0],17.029386365926403,0.0,100.0,[ 14  13 206],[  0   0 220],23.68543856465402,0.0,100.0
28,56,[202   4  17],[220   0   0],25.079872407968907,0.0,100.0,[ 15 226   7],[  0 220   0],17.60681686165901,0.0,100.0,[  8   8 223],[  0   0 220],11.704699910719626,0.0,100.0
28,57,[211   2   9],[220   0   0],12.884098726725126,0.0,100.0,[  3 216   8],[  0 220   0],9.433981132056603,0.0,100.0,[  9   9 228],[  0   0 220],15.033296378372908,0.0,100.0
28,58,[207   9   6],[220   0   0],16.911534525287763,0.0,100.0,[ 19 214   2],[  0 220   0],20.024984394500787,0.0,100.0,[  0   0 236],[  0   0 220],16.0,0.0,100.0
28,59,[224   1  19],[220   0   0],19.44222209522358,0.0,100.0,[ 12 205   4],[  0 220   0],19.621416870348583,0.0,100.0,[  0  18 208],[  0   0 220],21.633307652783937,0.0,100.0
28,60,[207  10  11],[220   0   0],19.748417658131498,0.0,100.0,[  2 237  15],[  0 220   0],22.759613353482084,0.0,100.0,[  8   1 220],[  0   0 220],8.06225774829855,0.0,100.0
28,61,[237   7  17],[220   0   0],25.03996805109783,0.0,100.0,[ 11 208  19],[  0 220   0],25.019992006393608,0.0,100.0,[  4  15 230],[  0   0 220],18.466185312619388,0.0,100.0
28,62,[212  16  13],[220   0   0],22.11334438749598,0.0,100.0,[ 16 235  15],[  0 220   0],26.570660511172846,0.0,100.0,[  0   2 211],[  0   0 220],9.219544457292887,0.0,100.0
28,63,[224  19   1],[220   0   0],19.44222209522358,0.0,100.0,[ 12 238   7],[  0 220   0],22.737634001804146,0.0,100.0,[  0  10 208],[  0   0 220],15.620499351813308,0.0,100.0
29,0,[224   0   0],[220   0   0],4.0,0.0,100.0,[  4 238   1],[  0 220   0],18.466185312619388,0.0,100.0,[ 13  17 206],[  0   0 220],25.573423705088842,0.0,100.0
29,1,[217  10   3],[220   0   0],10.862780491200215,0.0,100.0,[  9 238  10],[  0 220   0],22.47220505424423,0.0,100.0,[ 17  11 226],[  0   0 220],21.118712081942874,0.0,100.0
29,2,[209  13   5],[220   0   0],17.74823934929885,0.0,100.0,[ 11 223  10],[  0 220   0],15.165750888103101,0.0,100.0,[  2   0 230],[  0   0 220],10.198039027185569,0.0,100.0
29,3,[218   7   2],[220   0   0],7.54983443527075,0.0,100.0,[  0 204  16],[  0 220   0],22.627416997969522,0.0,100.0,[ 18   3 200],[  0   0 220],27.073972741361768,0.0,100.0
29,4,[201  19   4],[220   0   0],27.16615541441225,0.0,100.0,[ 17 214  11],[  0 220   0],21.118712081942874,0.0,100.0,[ 17  10 219],[  0   0 220],19.748417658131498,0.0,100.0
29,5,[226  12  10],[220   0   0],16.73320053068151,0.0,100.0,[  3 232   7],[  0 220   0],14.212670403551895,0.0,100.0,[  0  11 201],[  0   0 220],21.95449840010015,0.0,100.0
29,6,[225   6   3],[220   0   0],8.366600265340756,0.0,100.0,[ 12 220  18],[  0 220   0],21.633307652783937,0.0,100.0,[  2   2 221],[  0   0 220],3.0,0.0,100.0
29,7,[223   5  17],[220   0   0],17.97220075561143,0.0,100.0,[ 12 203   3],[  0 220   0],21.02379604162864,0.0,100.0,[ 14   5 212],[  0   0 220],16.881943016134134,0.0,100.0
29,8,[214  11   0],[220   0   0],12.529964086141668,0.0,100.0,[ 19 218   1],[  0 220   0],19.131126469708992,0.0,100.0,[ 19   1 209],[  0   0 220],21.97726097583591,0.0,100.0
29,9,[210  13   8],[220   0   0],18.24828759089466,0.0,100.0,[  7 224  14],[  0 220   0],16.15549442140351,0.0,100.0,[ 11   0 212],[  0   0 220],13.601470508735444,0.0,100.0
29,10,[222  18  17],[220   0   0],24.839484696748443,0.0,100.0,[  2 215  17],[  0 220   0],17.832554500127006,0.0,100.0,[ 17  13 218],[  0   0 220],21.494185260204677,0.0,100.0
29,11,[207  10  15],[220   0   0],22.22611077089287,0.0,100.0,[  5 222  10],[  0 220   0],11.357816691600547,0.0,100.0,[ 10  16 213],[  0   0 220],20.12461179749811,0.0,100.0
29,12,[231   1   7],[220   0   0],13.076696830622021,0.0,100.0,[  0 224   1],[  0 220   0],4.123105625617661,0.0,100.0,[  0  13 230],[  0   0 220],16.401219466856727,0.0,100.0
29,13,[202  12  14],[220   0   0],25.768197453450252,0.0,100.0,[  7 201  10],[  0 220   0],22.58317958127243,0.0,100.0,[  7  17 218],[  0   0 220],18.49324200890693,0.0,100.0
29,14,[221   3  10],[220   0   0],10.488088481701515,0.0,100.0,[ 18 204   6],[  0 220   0],24.819347291981714,0.0,100.0,[ 15   4 205],[  0   0 220],21.587033144922902,0.0,100.0
29,15,[233  18   8],[220   0   0],23.600847442411894,0.0,100.0,[ 19 219  13],[  0 220   0],23.043437243605826,0.0,100.0,[  2  14 231],[  0   0 220],17.916472867168917,0.0,100.0
29,16,[212  17   3],[220   0   0],19.026297590440446,0.0,100.0,[ 13 232   1],[  0 220   0],17.72004514666935,0.0,100.0,[ 18  16 227],[  0   0 220],25.079872407968907,0.0,100.0
29,17,[221   4  16],[220   0   0],16.522711641858304,0.0,100.0,[ 10 204   7],[  0 220   0],20.12461179749811,0.0,100.0,[ 11  11 231],[  0   0 220],19.05255888325765,0.0,100.0
29,18,[213  19  19],[220   0   0],27.76688675382964,0.0,100.0,[  0 214  19],[  0 220   0],19.924858845171276,0.0,100.0,[ 11   1 212],[  0   0 220],13.638181696985855,0.0,100.0
29,19,[214   9  15],[220   0   0],18.49324200890693,0.0,100.0,[ 12 218   8],[  0 220   0],14.560219778561036,0.0,100.0,[ 11   8 225],[  0   0 220],14.491376746189438,0.0,100.0
29,20,[215  19  16],[220   0   0],25.337718918639855,0.0,100.0,[ 11 212  16],[  0 220   0],21.0,0.0,100.0,[ 14   9 206],[  0   0 220],21.748563170931547,0.0,100.0
29,21,[201  11  17],[220   0   0],27.76688675382964,0.0,100.0,[ 17 223   4],[  0 220   0],17.72004514666935,0.0,100.0,[ 13  19 202],[  0   0 220],29.223278392404914,0.0,100.0
29,22,[227   2  13],[220   0   0],14.89966442575134,0.0,100.0,[  0 221   4],[  0 220   0],4.123105625617661,0.0,100.0,[  0   2 222],[  0   0 220],2.8284271247461903,0.0,100.0
29,23,[201   1   2],[220   0   0],19.131126469708992,0.0,100.0,[ 10 225   9],[  0 220   0],14.352700094407323,0.0,100.0,[  5   6 227],[  0   0 220],10.488088481701515,0.0,100.0
29,24,[227   2  19],[220   0   0],20.346989949375804,0.0,100.0,[  3 235   5],[  0 220   0],16.09347693943108,0.0,100.0,[ 11   6 217],[  0   0 220],12.884098726725126,0.0,100.0
29,25,[227   0   1],[220   0   0],7.0710678118654755,0.0,100.0,[  1 206   6],[  0 220   0],15.264337522473747,0.0,100.0,[  5  15 209],[  0   0 220],19.261360284258224,0.0,100.0
29,26,[203  11   1],[220   0   0],20.273134932713294,0.0,100.0,[  0 205   2],[  0 220   0],15.132745950421556,0.0,100.0,[ 18  10 218],[  0   0 220],20.688160865577203,0.0,100.0
29,27,[212  11   5],[220   0   0],14.491376746189438,0.0,100.0,[ 14 229   7],[  0 220   0],18.05547008526779,0.0,100.0,[  9  13 221],[  0   0 220],15.84297951775486,0.0,100.0
29,28,[219  15   3],[220   0   0],15.329709716755891,0.0,100.0,[  2 203   2],[  0 220   0],17.233687939614086,0.0,100.0,[ 17   9 220],[  0   0 220],19.235384061671343,0.0,100.0
29,29,[227  18  17],[220   0   0],25.729360660537214,0.0,100.0,[ 11 227   6],[  0 220   0],14.352700094407323,0.0,100.0,[ 17  17 215],[  0   0 220],24.55605831561735,0.0,100.0
29,30,[201  11  19],[220   0   0],29.03446228191595,0.0,100.0,[ 16 222   1],[  0 220   0],16.15549442140351,0.0,100.0,[  1   1 223],[  0   0 220],3.3166247903554,0.0,100.0
29,31,[239  18  13],[220   0   0],29.223278392404914,0.0,100.0,[  9 202   4],[  0 220   0],20.518284528683193,0.0,100.0,[ 19  18 224],[  0   0 220],26.476404589747453,0.0,100.0
29,32,[203  17  19],[220   0   0],30.643106892089126,0.0,100.0,[  7 215  10],[  0 220   0],13.19090595827292,0.0,100.0,[ 15   5 206],[  0   0 220],21.118712081942874,0.0,100.0
29,33,[229   4  11],[220   0   0],14.7648230602334,0.0,100.0,[ 12 232   3],[  0 220   0],17.233687939614086,0.0,100.0,[  0   2 213],[  0   0 220],7.280109889280518,0.0,100.0
29,34,[213   4  19],[220   0   0],20.639767440550294,0.0,100.0,[ 11 234   4],[  0 220   0],18.24828759089466,0.0,100.0,[  7  19 226],[  0   0 220],21.118712081942874,0.0,100.0
29,35,[223  18   4],[220   0   0],18.681541692269406,0.0,100.0,[  1 231   7],[  0 220   0],13.076696830622021,0.0,100.0,[  5  14 234],[  0   0 220],20.42057785666214,0.0,100.0
29,36,[202   0  10],[220   0   0],20.591260281974,0.0,100.0,[  0 230   7],[  0 220   0],12.206555615733702,0.0,100.0,[ 16   4 237],[  0   0 220],23.68543856465402,0.0,100.0
29,37,[213   0   7],[220   0   0],9.899494936611665,0.0,100.0,[ 15 220  11],[  0 220   0],18.601075237738275,0.0,100.0,[ 17  11 226],[  0   0 220],21.118712081942874,0.0,100.0
29,38,[236   0   6],[220   0   0],17.08800749063506,0.0,100.0,[ 15 227   0],[  0 220   0],16.55294535724685,0.0,100.0,[  1   7 222],[  0   0 220],7.3484692283495345,0.0,100.0
29,39,[213  10   6],[220   0   0],13.601470508735444,0.0,100.0,[  7 221   1],[  0 220   0],7.14142842854285,0.0,100.0,[ 12   5 221],[  0   0 220],13.038404810405298,0.0,100.0
29,40,[217   5  18],[220   0   0],18.920887928424502,0.0,100.0,[ 18 221  18],[  0 220   0],25.475478405713993,0.0,100.0,[ 18  13 223],[  0   0 220],22.40535650240808,0.0,100.0
29,41,[221   9   9],[220   0   0],12.767145334803704,0.0,100.0,[  3 233   7],[  0 220   0],15.066519173319364,0.0,100.0,[ 13   9 213],[  0   0 220],17.291616465790582,0.0,100.0
29,42,[224   3   6],[220   0   0],7.810249675906654,0.0,100.0,[ 10 226   0],[  0 220   0],11.661903789690601,0.0,100.0,[  4   3 230],[  0   0 220],11.180339887498949,0.0,100.0
29,43,[238  10   4],[220   0   0],20.97617696340303,0.0,100.0,[ 14 224   7],[  0 220   0],16.15549442140351,0.0,100.0,[  4  13 229],[  0   0 220],16.30950643030009,0.0,100.0
29,44,[239   8  11],[220   0   0],23.366642891095847,0.0,100.0,[  9 202   0],[  0 220   0],20.12461179749811,0.0,100.0,[  0  17 213],[  0   0 220],18.384776310850235,0.0,100.0
29,45,[225   3   8],[220   0   0],9.899494936611665,0.0,100.0,[  2 232   9],[  0 220   0],15.132745950421556,0.0,100.0,[  8   7 205],[  0   0 220],18.384776310850235,0.0,100.0
29,46,[219   9  17],[220   0   0],19.261360284258224,0.0,100.0,[  6 217   5],[  0 220   0],8.366600265340756,0.0,100.0,[ 12   8 207],[  0   0 220],19.4164878389476,0.0,100.0
29,47,[219  14  18],[220   0   0],22.825424421026653,0.0,100.0,[ 18 205   1],[  0 220   0],23.45207879911715,0.0,100.0,[ 17  17 238],[  0   0 220],30.033314835362415,0.0,100.0
29,48,[219  15   1],[220   0   0],15.066519173319364,0.0,100.0,[  0 227  18],[  0 220   0],19.313207915827967,0.0,100.0,[ 18  17 221],[  0   0 220],24.779023386727733,0.0,100.0
29,49,[231   5   1],[220   0   0],12.12435565298214,0.0,100.0,[  7 239  18],[  0 220   0],27.09243436828813,0.0,100.0,[ 12  16 219],[  0   0 220],20.024984394500787,0.0,100.0
29,50,[207  18   8],[220   0   0],23.600847442411894,0.0,100.0,[  0 233  18],[  0 220   0],22.20360331117452,0.0,100.0,[  0  17 235],[  0   0 220],22.67156809750927,0.0,100.0
29,51,[236  16  14],[220   0   0],26.60826939130014,0.0,100.0,[ 12 235   6],[  0 220   0],20.12461179749811,0.0,100.0,[ 11   3 230],[  0   0 220],15.165750888103101,0.0,100.0
29,52,[230  16  12],[220   0   0],22.360679774997898,0.0,100.0,[  3 229   7],[  0 220   0],11.789826122551595,0.0,100.0,[  1  10 238],[  0   0 220],20.615528128088304,0.0,100.0
29,53,[230  10   8],[220   0   0],16.24807680927192,0.0,100.0,[  8 202   7],[  0 220   0],20.904544960366874,0.0,100.0,[  2   9 226],[  0   0 220],11.0,0.0,100.0
29,54,[211   3   6],[220   0   0],11.224972160321824,0.0,100.0,[ 13 217   9],[  0 220   0],16.09347693943108,0.0,100.0,[ 15  17 233],[  0   0 220],26.13426869074396,0.0,100.0
29,55,[232   6   0],[220   0   0],13.416407864998739,0.0,100.0,[  6 217  13],[  0 220   0],14.628738838327793,0.0,100.0,[  3   2 238],[  0   0 220],18.35755975068582,0.0,100.0
29,56,[204   9   5],[220   0   0],19.026297590440446,0.0,100.0,[ 12 211   7],[  0 220   0],16.55294535724685,0.0,100.0,[ 19   6 235],[  0   0 220],24.939927826679853,0.0,100.0
29,57,[235  16  16],[220   0   0],27.147743920996454,0.0,100.0,[  9 210  19],[  0 220   0],23.280893453645632,0.0,100.0,[ 14  18 236],[  0   0 220],27.85677655436824,0.0,100.0
29,58,[224   6  11],[220   0   0],13.152946437965905,0.0,100.0,[ 15 201   1],[  0 220   0],24.228082879171435,0.0,100.0,[ 10   5 230],[  0   0 220],15.0,0.0,100.0
29,59,[221  19   8],[220   0   0],20.639767440550294,0.0,100.0,[ 14 205   0],[  0 220   0],20.518284528683193,0.0,100.0,[  6  11 223],[  0   0 220],12.884098726725126,0.0,100.0
29,60,[214  13  18],[220   0   0],23.0,0.0,100.0,[ 10 226  11],[  0 220   0],16.0312195418814,0.0,100.0,[ 15   5 232],[  0   0 220],19.849433241279208,0.0,100.0
29,61,[233   7  12],[220   0   0],19.026297590440446,0.0,100.0,[ 18 235   1],[  0 220   0],23.45207879911715,0.0,100.0,[  0   5 224],[  0   0 220],6.4031242374328485,0.0,100.0
29,62,[232  10  19],[220   0   0],24.596747752497688,0.0,100.0,[ 12 231   0],[  0 220   0],16.278820596099706,0.0,100.0,[ 16  15 211],[  0   0 220],23.706539182259394,0.0,100.0
29,63,[225  17   0],[220   0   0],17.72004514666935,0.0,100.0,[  3 215   5],[  0 220   0],7.681145747868608,0.0,100.0,[  7  10 221],[  0   0 220],12.24744871391589,0.0,100.0
30,0,[201   0  15],[220   0   0],24.20743687382041,0.0,100.0,[ 15 216  10],[  0 220   0],18.466185312619388,0.0,100.0,[  5   3 219],[  0   0 220],5.916079783099616,0.0,100.0
30,1,[205  12   1],[220   0   0],19.235384061671343,0.0,100.0,[ 19 218   6],[  0 220   0],20.024984394500787,0.0,100.0,[  3   0 204],[  0   0 220],16.278820596099706,0.0,100.0
30,2,[231   4  15],[220   0   0],19.026297590440446,0.0,100.0,[  0 232  16],[  0 220   0],20.0,0.0,100.0,[  6   2 204],[  0   0 220],17.204650534085253,0.0,100.0
30,3,[205   7  19],[220   0   0],25.199206336708304,0.0,100.0,[ 17 227  17],[  0 220   0],25.03996805109783,0.0,100.0,[  9  11 218],[  0   0 220],14.352700094407323,0.0,100.0
30,4,[206  18  15],[220   0   0],27.294688127912362,0.0,100.0,[  6 204  10],[  0 220   0],19.79898987322333,0.0,100.0,[  7   7 215],[  0   0 220],11.090536506409418,0.0,100.0
30,5,[213  13   1],[220   0   0],14.798648586948742,0.0,100.0,[ 16 231   3],[  0 220   0],19.6468827043885,0.0,100.0,[  1   4 201],[  0   0 220],19.44222209522358,0.0,100.0
30,6,[218  11   2],[220   0   0],11.357816691600547,0.0,100.0,[ 12 208  18],[  0 220   0],24.73863375370596,0.0,100.0,[  5   0 208],[  0   0 220],13.0,0.0,100.0
30,7,[219  13  15],[220   0   0],19.87460691435179,0.0,100.0,[ 15 220   8],[  0 220   0],17.0,0.0,100.0,[ 13   2 209],[  0   0 220],17.146428199482248,0.0,100.0
30,8,[230  15  15],[220   0   0],23.45207879911715,0.0,100.0,[  1 212  13],[  0 220   0],15.297058540778355,0.0,100.0,[ 18   0 206],[  0   0 220],22.80350850198276,0.0,100.0
30,9,[202  12   8],[220   0   0],23.065125189341593,0.0,100.0,[  7 219  18],[  0 220   0],19.339079605813716,0.0,100.0,[  3   4 204],[  0   0 220],16.76305461424021,0.0,100.0
30,10,[225   9   1],[220   0   0],10.344080432788601,0.0,100.0,[  0 206  16],[  0 220   0],21.2602916254693,0.0,100.0,[  3  13 220],[  0   0 220],13.341664064126334,0.0,100.0
30,11,[224   9  11],[220   0   0],14.7648230602334,0.0,100.0,[  4 232   3],[  0 220   0],13.0,0.0,100.0,[  0   6 209],[  0   0 220],12.529964086141668,0.0,100.0
30,12,[223   1  11],[220   0   0],11.445523142259598,0.0,100.0,[ 18 221  13],[  0 220   0],22.22611077089287,0.0,100.0,[ 12  10 238],[  0   0 220],23.83275057562597,0.0,100.0
30,13,[214  16  11],[220   0   0],20.322401432901575,0.0,100.0,[ 11 231  16],[  0 220   0],22.315913604421397,0.0,100.0,[ 18   7 220],[  0   0 220],19.313207915827967,0.0,100.0
30,14,[230  19  18],[220   0   0],28.0178514522438,0.0,100.0,[  9 228  18],[  0 220   0],21.656407827707714,0.0,100.0,[ 15   3 214],[  0   0 220],16.431676725154983,0.0,100.0
30,15,[208   6  15],[220   0   0],20.12461179749811,0.0,100.0,[  1 227   3],[  0 220   0],7.681145747868608,0.0,100.0,[  7   4 211],[  0   0 220],12.083045973594572,0.0,100.0
30,16,[235   2   1],[220   0   0],15.165750888103101,0.0,100.0,[  0 206   0],[  0 220   0],14.0,0.0,100.0,[ 10   6 208],[  0   0 220],16.73320053068151,0.0,100.0
30,17,[237   1   8],[220   0   0],18.81488772222678,0.0,100.0,[  9 203   6],[  0 220   0],20.149441679609886,0.0,100.0,[  1  16 208],[  0   0 220],20.024984394500787,0.0,100.0
30,18,[228  11   3],[220   0   0],13.92838827718412,0.0,100.0,[ 17 201   8],[  0 220   0],26.720778431774775,0.0,100.0,[ 11  16 218],[  0   0 220],19.519221295943137,0.0,100.0
30,19,[223  14  14],[220   0   0],20.024984394500787,0.0,100.0,[ 11 206  18],[  0 220   0],25.317977802344327,0.0,100.0,[ 19  15 218],[  0   0 220],24.289915602982237,0.0,100.0
30,20,[233   5   2],[220   0   0],14.071247279470288,0.0,100.0,[ 15 202  19],[  0 220   0],30.166206257996713,0.0,100.0,[ 17  14 216],[  0   0 220],22.38302928559939,0.0,100.0
30,21,[224  10   4],[220   0   0],11.489125293076057,0.0,100.0,[ 12 212   8],[  0 220   0],16.492422502470642,0.0,100.0,[  6   6 209],[  0   0 220],13.892443989449804,0.0,100.0
30,22,[204  15  12],[220   0   0],25.0,0.0,100.0,[  1 237   3],[  0 220   0],17.291616465790582,0.0,100.0,[ 19  16 232],[  0   0 220],27.586228448267445,0.0,100.0
30,23,[223   0  15],[220   0   0],15.297058540778355,0.0,100.0,[  7 234  16],[  0 220   0],22.38302928559939,0.0,100.0,[ 14  17 219],[  0   0 220],22.045407685048602,0.0,100.0
30,24,[203   8   6],[220   0   0],19.72308292331602,0.0,100.0,[  0 227  12],[  0 220   0],13.892443989449804,0.0,100.0,[  1  13 228],[  0   0 220],15.297058540778355,0.0,100.0
30,25,[224  10   4],[220   0   0],11.489125293076057,0.0,100.0,[ 13 210  16],[  0 220   0],22.9128784747792,0.0,100.0,[  7  10 216],[  0   0 220],12.84523257866513,0.0,100.0
30,26,[203   4  19],[220   0   0],25.80697580112788,0.0,100.0,[ 11 233   9],[  0 220   0],19.261360284258224,0.0,100.0,[  0   5 213],[  0   0 220],8.602325267042627,0.0,100.0
30,27,[204  18  13],[220   0   0],27.367864366808018,0.0,100.0,[ 11 229  10],[  0 220   0],17.378147196982766,0.0,100.0,[ 18  10 219],[  0   0 220],20.615528128088304,0.0,100.0
30,28,[207   1  10],[220   0   0],16.431676725154983,0.0,100.0,[ 14 214  15],[  0 220   0],21.37755832643195,0.0,100.0,[  5   9 203],[  0   0 220],19.87460691435179,0.0,100.0
30,29,[220  19  17],[220   0   0],25.495097567963924,0.0,100.0,[  3 217   1],[  0 220   0],4.358898943540674,0.0,100.0,[ 18  16 222],[  0   0 220],24.166091947189145,0.0,100.0
30,30,[200   9   8],[220   0   0],23.345235059857504,0.0,100.0,[ 19 238   4],[  0 220   0],26.476404589747453,0.0,100.0,[ 11  13 224],[  0   0 220],17.4928556845359,0.0,100.0
30,31,[216   8  14],[220   0   0],16.61324772583615,0.0,100.0,[  1 218   5],[  0 220   0],5.477225575051661,0.0,100.0,[  5   4 221],[  0   0 220],6.48074069840786,0.0,100.0
30,32,[238  10  18],[220   0   0],27.349588662354687,0.0,100.0,[ 13 214   7],[  0 220   0],15.937377450509228,0.0,100.0,[ 18   4 203],[  0   0 220],25.079872407968907,0.0,100.0
30,33,[231  17   8],[220   0   0],21.77154105707724,0.0,100.0,[  1 223  10],[  0 220   0],10.488088481701515,0.0,100.0,[  8  11 212],[  0   0 220],15.7797338380595,0.0,100.0
30,34,[209  10  11],[220   0   0],18.49324200890693,0.0,100.0,[  6 229   3],[  0 220   0],11.224972160321824,0.0,100.0,[  0  12 233],[  0   0 220],17.69180601295413,0.0,100.0
30,35,[228   2   5],[220   0   0],9.643650760992955,0.0,100.0,[ 10 213  14],[  0 220   0],18.57417562100671,0.0,100.0,[  9  11 210],[  0   0 220],17.378147196982766,0.0,100.0
30,36,[224   3  11],[220   0   0],12.083045973594572,0.0,100.0,[ 13 202   8],[  0 220   0],23.600847442411894,0.0,100.0,[  5  13 216],[  0   0 220],14.491376746189438,0.0,100.0
30,37,[207  19   6],[220   0   0],23.790754506740637,0.0,100.0,[  3 221   1],[  0 220   0],3.3166247903554,0.0,100.0,[ 17  17 222],[  0   0 220],24.124676163629637,0.0,100.0
30,38,[213   1   2],[220   0   0],7.3484692283495345,0.0,100.0,[ 19 234  17],[  0 220   0],29.086079144497972,0.0,100.0,[  9  14 234],[  0   0 220],21.748563170931547,0.0,100.0
30,39,[209   2  17],[220   0   0],20.346989949375804,0.0,100.0,[  8 218  17],[  0 220   0],18.894443627691185,0.0,100.0,[ 17  13 226],[  0   0 220],22.22611077089287,0.0,100.0
30,40,[204  15   7],[220   0   0],23.021728866442675,0.0,100.0,[  7 203   6],[  0 220   0],19.339079605813716,0.0,100.0,[ 13   8 226],[  0   0 220],16.401219466856727,0.0,100.0
30,41,[239  13   6],[220   0   0],23.790754506740637,0.0,100.0,[  4 238  17],[  0 220   0],25.079872407968907,0.0,100.0,[ 15   4 210],[  0   0 220],18.466185312619388,0.0,100.0
30,42,[213  10   6],[220   0   0],13.601470508735444,0.0,100.0,[ 10 213   2],[  0 220   0],12.36931687685298,0.0,100.0,[  3   9 235],[  0   0 220],17.74823934929885,0.0,100.0
30,43,[211  14  13],[220   0   0],21.118712081942874,0.0,100.0,[  6 215  18],[  0 220   0],19.621416870348583,0.0,100.0,[ 19   1 228],[  0   0 220],20.639767440550294,0.0,100.0
30,44,[235   7   3],[220   0   0],16.822603841260722,0.0,100.0,[ 14 227  15],[  0 220   0],21.6794833886788,0.0,100.0,[ 15   3 218],[  0   0 220],15.427248620541512,0.0,100.0
30,45,[215   4  13],[220   0   0],14.491376746189438,0.0,100.0,[ 15 204  19],[  0 220   0],29.017236257093817,0.0,100.0,[  4   7 237],[  0   0 220],18.81488772222678,0.0,100.0
30,46,[221   9  17],[220   0   0],19.261360284258224,0.0,100.0,[  3 203  11],[  0 220   0],20.46948949045872,0.0,100.0,[  8  19 236],[  0   0 220],26.095976701399778,0.0,100.0
30,47,[214   7   1],[220   0   0],9.273618495495704,0.0,100.0,[  8 229  12],[  0 220   0],17.0,0.0,100.0,[  5  10 200],[  0   0 220],22.9128784747792,0.0,100.0
30,48,[235  14   2],[220   0   0],20.615528128088304,0.0,100.0,[  5 203  13],[  0 220   0],21.97726097583591,0.0,100.0,[  6   9 229],[  0   0 220],14.071247279470288,0.0,100.0
30,49,[202   7   3],[220   0   0],19.544820285692065,0.0,100.0,[  9 219  13],[  0 220   0],15.84297951775486,0.0,100.0,[ 18  13 216],[  0   0 220],22.561028345356956,0.0,100.0
30,50,[206  11  17],[220   0   0],24.61706725018234,0.0,100.0,[ 10 220   3],[  0 220   0],10.44030650891055,0.0,100.0,[  1  13 220],[  0   0 220],13.038404810405298,0.0,100.0
30,51,[228  12   6],[220   0   0],15.620499351813308,0.0,100.0,[  7 209   6],[  0 220   0],14.352700094407323,0.0,100.0,[  1  19 209],[  0   0 220],21.97726097583591,0.0,100.0
30,52,[219   8   4],[220   0   0],9.0,0.0,100.0,[ 16 238  19],[  0 220   0],30.675723300355934,0.0,100.0,[  3  13 235],[  0   0 220],20.074859899884732,0.0,100.0
30,53,[228  12  18],[220   0   0],23.065125189341593,0.0,100.0,[  3 209   2],[  0 220   0],11.575836902790225,0.0,100.0,[  8  17 228],[  0   0 220],20.42057785666214,0.0,100.0
30,54,[201   9  15],[220   0   0],25.826343140289914,0.0,100.0,[ 10 215   4],[  0 220   0],11.874342087037917,0.0,100.0,[ 10   3 234],[  0   0 220],17.46424919657298,0.0,100.0
30,55,[216  13  11],[220   0   0],17.4928556845359,0.0,100.0,[ 13 200  16],[  0 220   0],28.722813232690143,0.0,100.0,[  1  10 205],[  0   0 220],18.05547008526779,0.0,100.0
30,56,[212   5   2],[220   0   0],9.643650760992955,0.0,100.0,[  7 212   3],[  0 220   0],11.045361017187261,0.0,100.0,[  7   5 212],[  0   0 220],11.74734012447073,0.0,100.0
30,57,[211  12   3],[220   0   0],15.297058540778355,0.0,100.0,[ 17 201  11],[  0 220   0],27.76688675382964,0.0,100.0,[  4   2 227],[  0   0 220],8.306623862918075,0.0,100.0
30,58,[212  19  11],[220   0   0],23.366642891095847,0.0,100.0,[  4 217   6],[  0 220   0],7.810249675906654,0.0,100.0,[ 16   2 208],[  0   0 220],20.09975124224178,0.0,100.0
30,59,[212   5  15],[220   0   0],17.72004514666935,0.0,100.0,[ 10 231  19],[  0 220   0],24.124676163629637,0.0,100.0,[  2  11 225],[  0   0 220],12.24744871391589,0.0,100.0
30,60,[200  11  17],[220   0   0],28.460498941515414,0.0,100.0,[  3 215  16],[  0 220   0],17.029386365926403,0.0,100.0,[ 11   2 227],[  0   0 220],13.19090595827292,0.0,100.0
30,61,[208  19  11],[220   0   0],25.019992006393608,0.0,100.0,[  8 204  13],[  0 220   0],22.11334438749598,0.0,100.0,[ 14   1 220],[  0   0 220],14.035668847618199,0.0,100.0
30,62,[226   5  12],[220   0   0],14.317821063276353,0.0,100.0,[ 17 206  16],[  0 220   0],27.2213151776324,0.0,100.0,[ 16  16 209],[  0   0 220],25.15949125081825,0.0,100.0
30,63,[217   7   5],[220   0   0],9.1104335791443,0.0,100.0,[ 19 210   5],[  0 220   0],22.045407685048602,0.0,100.0,[ 15  17 211],[  0   0 220],24.392621835300936,0.0,100.0
31,0,[217  11   2],[220   0   0],11.575836902790225,0.0,100.0,[ 14 217   8],[  0 220   0],16.401219466856727,0.0,100.0,[ 13   5 228],[  0   0 220],16.06237840420901,0.0,100.0
31,1,[222  19  12],[220   0   0],22.561028345356956,0.0,100.0,[ 10 212  13],[  0 220   0],18.24828759089466,0.0,100.0,[  0   9 206],[  0   0 220],16.64331697709324,0.0,100.0
31,2,[222  13  16],[220   0   0],20.71231517720798,0.0,100.0,[  7 232  16],[  0 220   0],21.18962010041709,0.0,100.0,[ 17   1 234],[  0   0 220],22.045407685048602,0.0,100.0
31,3,[211  19  17],[220   0   0],27.03701166919155,0.0,100.0,[ 10 203   9],[  0 220   0],21.6794833886788,0.0,100.0,[ 13  13 228],[  0   0 220],20.049937655763422,0.0,100.0
31,4,[201  13  18],[220   0   0],29.223278392404914,0.0,100.0,[ 12 215  13],[  0 220   0],18.384776310850235,0.0,100.0,[  2   5 238],[  0   0 220],18.788294228055936,0.0,100.0
31,5,[202   0  17],[220   0   0],24.758836806279895,0.0,100.0,[ 11 235   0],[  0 220   0],18.601075237738275,0.0,100.0,[  6  17 217],[  0   0 220],18.275666882497067,0.0,100.0
31,6,[212   3   0],[220   0   0],8.54400374531753,0.0,100.0,[ 16 235   1],[  0 220   0],21.95449840010015,0.0,100.0,[  8   6 211],[  0   0 220],13.45362404707371,0.0,100.0
31,7,[236  14  16],[220   0   0],26.60826939130014,0.0,100.0,[ 13 211  19],[  0 220   0],24.71841418861655,0.0,100.0,[ 16  15 214],[  0   0 220],22.737634001804146,0.0,100.0
31,8,[237   7   9],[220   0   0],20.46948949045872,0.0,100.0,[  5 206   5],[  0 220   0],15.684387141358123,0.0,100.0,[  4   2 217],[  0   0 220],5.385164807134504,0.0,100.0
31,9,[234   5   1],[220   0   0],14.89966442575134,0.0,100.0,[  1 202  10],[  0 220   0],20.615528128088304,0.0,100.0,[ 11  11 204],[  0   0 220],22.315913604421397,0.0,100.0
31,10,[223  15   7],[220   0   0],16.822603841260722,0.0,100.0,[ 15 227   7],[  0 220   0],17.97220075561143,0.0,100.0,[ 12  19 205],[  0   0 220],27.018512172212592,0.0,100.0
31,11,[214  19   8],[220   0   0],21.470910553583888,0.0,100.0,[  2 200  15],[  0 220   0],25.079872407968907,0.0,100.0,[  3   7 209],[  0   0 220],13.379088160259652,0.0,100.0
31,12,[207   0  16],[220   0   0],20.615528128088304,0.0,100.0,[ 10 239  14],[  0 220   0],25.632011235952593,0.0,100.0,[ 11  15 202],[  0   0 220],25.88435821108957,0.0,100.0
31,13,[234  15   3],[220   0   0],20.73644135332772,0.0,100.0,[  0 238   2],[  0 220   0],18.110770276274835,0.0,100.0,[ 13   0 209],[  0   0 220],17.029386365926403,0.0,100.0
31,14,[238  16   2],[220   0   0],24.166091947189145,0.0,100.0,[  6 203  16],[  0 220   0],24.1039415863879,0.0,100.0,[  6   3 213],[  0   0 220],9.695359714832659,0.0,100.0
31,15,[206   7  10],[220   0   0],18.57417562100671,0.0,100.0,[ 17 235   2],[  0 220   0],22.759613353482084,0.0,100.0,[ 19  18 232],[  0   0 220],28.792360097775937,0.0,100.0
31,16,[238  18  12],[220   0   0],28.142494558940577,0.0,100.0,[ 13 205  19],[  0 220   0],27.477263328068172,0.0,100.0,[ 19   8 227],[  0   0 220],21.77154105707724,0.0,100.0
31,17,[213  19   4],[220   0   0],20.639767440550294,0.0,100.0,[  3 225  11],[  0 220   0],12.449899597988733,0.0,100.0,[  9   8 216],[  0   0 220],12.68857754044952,0.0,100.0
31,18,[211  14   9],[220   0   0],18.920887928424502,0.0,100.0,[ 14 234  18],[  0 220   0],26.758176320519304,0.0,100.0,[  2   5 221],[  0   0 220],5.477225575051661,0.0,100.0
31,19,[203   3  12],[220   0   0],21.02379604162864,0.0,100.0,[  0 210  13],[  0 220   0],16.401219466856727,0.0,100.0,[ 14   0 220],[  0   0 220],14.0,0.0,100.0
31,20,[208   6   8],[220   0   0],15.620499351813308,0.0,100.0,[ 18 217  14],[  0 220   0],23.0,0.0,100.0,[ 19   0 212],[  0   0 220],20.615528128088304,0.0,100.0
31,21,[212   5  19],[220   0   0],21.213203435596427,0.0,100.0,[ 17 223   9],[  0 220   0],19.467922333931785,0.0,100.0,[ 14  12 204],[  0   0 220],24.413111231467404,0.0,100.0
31,22,[203   3   6],[220   0   0],18.275666882497067,0.0,100.0,[  7 226   5],[  0 220   0],10.488088481701515,0.0,100.0,[ 14  17 225],[  0   0 220],22.58317958127243,0.0,100.0
31,23,[210   4  11],[220   0   0],15.394804318340652,0.0,100.0,[  9 206   8],[  0 220   0],18.466185312619388,0.0,100.0,[ 15   0 223],[  0   0 220],15.297058540778355,0.0,100.0
31,24,[232  14   0],[220   0   0],18.439088914585774,0.0,100.0,[ 19 221  10],[  0 220   0],21.494185260204677,0.0,100.0,[  5   6 209],[  0   0 220],13.490737563232042,0.0,100.0
31,25,[238  17   2],[220   0   0],24.839484696748443,0.0,100.0,[  0 218  12],[  0 220   0],12.165525060596439,0.0,100.0,[ 13  19 228],[  0   0 220],24.372115213907882,0.0,100.0
31,26,[200   3   3],[220   0   0],20.445048300260872,0.0,100.0,[  3 230   6],[  0 220   0],12.041594578792296,0.0,100.0,[ 14  13 202],[  0   0 220],26.248809496813376,0.0,100.0
31,27,[238   5  11],[220   0   0],21.6794833886788,0.0,100.0,[ 16 211   5],[  0 220   0],19.026297590440446,0.0,100.0,[  1  18 214],[  0   0 220],19.0,0.0,100.0
31,28,[204   8   4],[220   0   0],18.33030277982336,0.0,100.0,[ 10 222   5],[  0 220   0],11.357816691600547,0.0,100.0,[  9   7 212],[  0   0 220],13.92838827718412,0.0,100.0
31,29,[228  12  19],[220   0   0],23.853720883753127,0.0,100.0,[ 13 207   2],[  0 220   0],18.49324200890693,0.0,100.0,[  1   3 203],[  0   0 220],17.291616465790582,0.0,100.0
31,30,[208   9  17],[220   0   0],22.67156809750927,0.0,100.0,[ 15 217  16],[  0 220   0],22.135943621178654,0.0,100.0,[  8   6 213],[  0   0 220],12.206555615733702,0.0,100.0
31,31,[200   2   5],[220   0   0],20.71231517720798,0.0,100.0,[  4 228   3],[  0 220   0],9.433981132056603,0.0,100.0,[ 19  16 213],[  0   0 220],25.80697580112788,0.0,100.0
31,32,[210   7  12],[220   0   0],17.11724276862369,0.0,100.0,[  6 225  18],[  0 220   0],19.621416870348583,0.0,100.0,[  9  18 223],[  0   0 220],20.346989949375804,0.0,100.0
31,33,[235   1   4],[220   0   0],15.556349186104045,0.0,100.0,[  9 208   7],[  0 220   0],16.55294535724685,0.0,100.0,[ 17   2 203],[  0   0 220],24.124676163629637,0.0,100.0
31,34,[204   0   4],[220   0   0],16.492422502470642,0.0,100.0,[ 10 236  19],[  0 220   0],26.77685567799177,0.0,100.0,[ 19   6 239],[  0   0 220],27.53179979587241,0.0,100.0
31,35,[223   6  18],[220   0   0],19.209372712298546,0.0,100.0,[ 15 231   6],[  0 220   0],19.544820285692065,0.0,100.0,[  3  14 211],[  0   0 220],16.911534525287763,0.0,100.0
31,36,[231   7   9],[220   0   0],15.84297951775486,0.0,100.0,[  8 212  11],[  0 220   0],15.7797338380595,0.0,100.0,[ 11  19 216],[  0   0 220],22.315913604421397,0.0,100.0
31,37,[234   7   0],[220   0   0],15.652475842498529,0.0,100.0,[  5 225   5],[  0 220   0],8.660254037844387,0.0,100.0,[  9  13 222],[  0   0 220],15.937377450509228,0.0,100.0
31,38,[211  15   9],[220   0   0],19.672315572906,0.0,100.0,[  5 229   6],[  0 220   0],11.916375287812984,0.0,100.0,[  6  10 227],[  0   0 220],13.601470508735444,0.0,100.0
31,39,[219  13   2],[220   0   0],13.19090595827292,0.0,100.0,[  0 238   0],[  0 220   0],18.0,0.0,100.0,[ 17  19 235],[  0   0 220],29.58039891549808,0.0,100.0
31,40,[208  13   7],[220   0   0],19.026297590440446,0.0,100.0,[ 14 212   8],[  0 220   0],18.0,0.0,100.0,[ 11  13 201],[  0   0 220],25.514701644346147,0.0,100.0
31,41,[205  11  17],[220   0   0],25.199206336708304,0.0,100.0,[ 12 225  14],[  0 220   0],19.1049731745428,0.0,100.0,[  6   8 215],[  0   0 220],11.180339887498949,0.0,100.0
31,42,[210   0   6],[220   0   0],11.661903789690601,0.0,100.0,[ 15 221  13],[  0 220   0],19.87460691435179,0.0,100.0,[  2   3 229],[  0   0 220],9.695359714832659,0.0,100.0
31,43,[230   6   8],[220   0   0],14.142135623730951,0.0,100.0,[ 13 226   6],[  0 220   0],15.524174696260024,0.0,100.0,[ 17  19 217],[  0   0 220],25.67099530598687,0.0,100.0
31,44,[207  14  18],[220   0   0],26.248809496813376,0.0,100.0,[  4 201  16],[  0 220   0],25.15949125081825,0.0,100.0,[  7   6 203],[  0   0 220],19.339079605813716,0.0,100.0
31,45,[205  17  17],[220   0   0],28.337254630609507,0.0,100.0,[ 16 212  17],[  0 220   0],24.677925358506133,0.0,100.0,[ 13   4 225],[  0   0 220],14.491376746189438,0.0,100.0
31,46,[227  10   5],[220   0   0],13.19090595827292,0.0,100.0,[  1 220  13],[  0 220   0],13.038404810405298,0.0,100.0,[  1   2 216],[  0   0 220],4.58257569495584,0.0,100.0
31,47,[208  16   6],[220   0   0],20.8806130178211,0.0,100.0,[  9 211  17],[  0 220   0],21.236760581595302,0.0,100.0,[  2  12 236],[  0   0 220],20.09975124224178,0.0,100.0
31,48,[236   0  19],[220   0   0],24.839484696748443,0.0,100.0,[  4 204  17],[  0 220   0],23.68543856465402,0.0,100.0,[  1  19 200],[  0   0 220],27.60434748368452,0.0,100.0
31,49,[224   2   6],[220   0   0],7.483314773547883,0.0,100.0,[ 10 208   8],[  0 220   0],17.549928774784245,0.0,100.0,[  0   1 232],[  0   0 220],12.041594578792296,0.0,100.0
31,50,[220  10  11],[220   0   0],14.866068747318506,0.0,100.0,[ 19 201  12],[  0 220   0],29.427877939124322,0.0,100.0,[  5  16 234],[  0   0 220],21.840329667841555,0.0,100.0
31,51,[206   9   1],[220   0   0],16.673332000533065,0.0,100.0,[ 16 202  17],[  0 220   0],29.478805945967352,0.0,100.0,[  5  12 215],[  0   0 220],13.92838827718412,0.0,100.0
31,52,[211   6   5],[220   0   0],11.916375287812984,0.0,100.0,[ 12 218  16],[  0 220   0],20.09975124224178,0.0,100.0,[ 15  12 204],[  0   0 220],25.0,0.0,100.0
31,53,[223  19   0],[220   0   0],19.235384061671343,0.0,100.0,[  6 236  12],[  0 220   0],20.8806130178211,0.0,100.0,[ 17  17 205],[  0   0 220],28.337254630609507,0.0,100.0
31,54,[237  10  18],[220   0   0],26.70205984563738,0.0,100.0,[  2 222  11],[  0 220   0],11.357816691600547,0.0,100.0,[  5  15 227],[  0   0 220],17.291616465790582,0.0,100.0
31,55,[211   7   9],[220   0   0],14.52583904633395,0.0,100.0,[ 11 230  13],[  0 220   0],19.748417658131498,0.0,100.0,[ 11  13 223],[  0   0 220],17.291616465790582,0.0,100.0
31,56,[226   7   9],[220   0   0],12.884098726725126,0.0,100.0,[ 14 214   0],[  0 220   0],15.231546211727817,0.0,100.0,[ 11  17 220],[  0   0 220],20.248456731316587,0.0,100.0
31,57,[231   1   5],[220   0   0],12.12435565298214,0.0,100.0,[ 11 206   9],[  0 220   0],19.949937343260004,0.0,100.0,[ 16   7 208],[  0   0 220],21.18962010041709,0.0,100.0
31,58,[237  16  14],[220   0   0],27.2213151776324,0.0,100.0,[  2 224   3],[  0 220   0],5.385164807134504,0.0,100.0,[ 13   1 209],[  0   0 220],17.05872210923198,0.0,100.0
31,59,[204   6   8],[220   0   0],18.867962264113206,0.0,100.0,[ 11 209   3],[  0 220   0],15.84297951775486,0.0,100.0,[ 10  10 208],[  0   0 220],18.547236990991408,0.0,100.0
31,60,[231   1  13],[220   0   0],17.05872210923198,0.0,100.0,[  2 201   6],[  0 220   0],20.024984394500787,0.0,100.0,[  2   2 206],[  0   0 220],14.2828568570857,0.0,100.0
31,61,[211   0   0],[220   0   0],9.0,0.0,100.0,[ 17 231   5],[  0 220   0],20.85665361461421,0.0,100.0,[ 19  12 205],[  0   0 220],27.018512172212592,0.0,100.0
31,62,[223   5  15],[220   0   0],16.09347693943108,0.0,100.0,[ 18 212   1],[  0 220   0],19.72308292331602,0.0,100.0,[  6  19 218],[  0   0 220],20.024984394500787,0.0,100.0
31,63,[224   8  10],[220   0   0],13.416407864998739,0.0,100.0,[  2 211  15],[  0 220   0],17.60681686165901,0.0,100.0,[  1  13 216],[  0   0 220],13.638181696985855,0.0,100.0
32,0,[225  19  10],[220   0   0],22.045407685048602,0.0,100.0,[  2 230   7],[  0 220   0],12.36931687685298,0.0,100.0,[  4  12 200],[  0   0 220],23.664319132398465,0.0,100.0
32,1,[202  17   0],[220   0   0],24.758836806279895,0.0,100.0,[  0 218  10],[  0 220   0],10.198039027185569,0.0,100.0,[ 13   7 216],[  0   0 220],15.297058540778355,0.0,100.0
32,2,[207   6  15],[220   0   0],20.73644135332772,0.0,100.0,[ 10 237   9],[  0 220   0],21.6794833886788,0.0,100.0,[ 15  19 219],[  0   0 220],24.228082879171435,0.0,100.0
32,3,[224  14   8],[220   0   0],16.61324772583615,0.0,100.0,[  1 202  11],[  0 220   0],21.118712081942874,0.0,100.0,[ 17   2 206],[  0   0 220],22.11334438749598,0.0,100.0
32,4,[217   0   9],[220   0   0],9.486832980505138,0.0,100.0,[  8 226   9],[  0 220   0],13.45362404707371,0.0,100.0,[ 14   0 215],[  0   0 220],14.866068747318506,0.0,100.0
32,5,[212   9  10],[220   0   0],15.652475842498529,0.0,100.0,[  6 220   9],[  0 220   0],10.816653826391969,0.0,100.0,[ 10   5 203],[  0   0 220],20.346989949375804,0.0,100.0
32,6,[232   1  19],[220   0   0],22.494443758403985,0.0,100.0,[ 18 218  19],[  0 220   0],26.248809496813376,0.0,100.0,[ 17   0 203],[  0   0 220],24.041630560342615,0.0,100.0
32,7,[211  10   8],[220   0   0],15.652475842498529,0.0,100.0,[ 16 202   3],[  0 220   0],24.269322199023193,0.0,100.0,[ 12  11 222],[  0   0 220],16.401219466856727,0.0,100.0
32,8,[231  19   5],[220   0   0],22.516660498395403,0.0,100.0,[  1 228  14],[  0 220   0],16.15549442140351,0.0,100.0,[  8  19 226],[  0   0 220],21.470910553583888,0.0,100.0
32,9,[217   1  17],[220   0   0],17.291616465790582,0.0,100.0,[  1 214   3],[  0 220   0],6.782329983125268,0.0,100.0,[ 17   2 224],[  0   0 220],17.578395831246947,0.0,100.0
32,10,[201   9  13],[220   0   0],24.71841418861655,0.0,100.0,[  2 238   7],[  0 220   0],19.4164878389476,0.0,100.0,[  8  16 229],[  0   0 220],20.024984394500787,0.0,100.0
32,11,[233   9   8],[220   0   0],17.72004514666935,0.0,100.0,[  0 236  12],[  0 220   0],20.0,0.0,100.0,[  8  17 227],[  0   0 220],20.049937655763422,0.0,100.0
32,12,[229  15  13],[220   0   0],21.79449471770337,0.0,100.0,[  5 224   0],[  0 220   0],6.4031242374328485,0.0,100.0,[  0   6 202],[  0   0 220],18.973665961010276,0.0,100.0
32,13,[236   1  12],[220   0   0],20.024984394500787,0.0,100.0,[  4 218   2],[  0 220   0],4.898979485566356,0.0,100.0,[  6   3 211],[  0   0 220],11.224972160321824,0.0,100.0
32,14,[233  15   9],[220   0   0],21.79449471770337,0.0,100.0,[  8 236   5],[  0 220   0],18.57417562100671,0.0,100.0,[  8   7 233],[  0   0 220],16.792855623746664,0.0,100.0
32,15,[238   4   3],[220   0   0],18.681541692269406,0.0,100.0,[  9 203   5],[  0 220   0],19.87460691435179,0.0,100.0,[ 13   6 203],[  0   0 220],22.22611077089287,0.0,100.0
32,16,[202   1   1],[220   0   0],18.05547008526779,0.0,100.0,[  4 210   6],[  0 220   0],12.328828005937952,0.0,100.0,[  4   2 208],[  0   0 220],12.806248474865697,0.0,100.0
32,17,[201  16   7],[220   0   0],25.80697580112788,0.0,100.0,[ 12 226  12],[  0 220   0],18.0,0.0,100.0,[  8  15 235],[  0   0 220],22.67156809750927,0.0,100.0
32,18,[236   3  19],[220   0   0],25.019992006393608,0.0,100.0,[ 10 218  11],[  0 220   0],15.0,0.0,100.0,[  8  12 228],[  0   0 220],16.492422502470642,0.0,100.0
32,19,[223   1   9],[220   0   0],9.539392014169456,0.0,100.0,[ 18 232   3],[  0 220   0],21.840329667841555,0.0,100.0,[  7   2 224],[  0   0 220],8.306623862918075,0.0,100.0
32,20,[215  18   0],[220   0   0],18.681541692269406,0.0,100.0,[ 12 201  16],[  0 220   0],27.586228448267445,0.0,100.0,[ 15  18 234],[  0   0 220],27.294688127912362,0.0,100.0
32,21,[226   6   5],[220   0   0],9.848857801796104,0.0,100.0,[  7 219   1],[  0 220   0],7.14142842854285,0.0,100.0,[  6   3 227],[  0   0 220],9.695359714832659,0.0,100.0
32,22,[238  12   4],[220   0   0],22.0,0.0,100.0,[ 16 222   6],[  0 220   0],17.204650534085253,0.0,100.0,[ 15  13 201],[  0   0 220],27.477263328068172,0.0,100.0
32,23,[206   1  18],[220   0   0],22.825424421026653,0.0,100.0,[  8 221  19],[  0 220   0],20.639767440550294,0.0,100.0,[ 18   6 214],[  0   0 220],19.8997487421324,0.0,100.0
32,24,[209  14   9],[220   0   0],19.949937343260004,0.0,100.0,[ 17 221  17],[  0 220   0],24.06241883103193,0.0,100.0,[  7   5 229],[  0   0 220],12.449899597988733,0.0,100.0
32,25,[238  15   3],[220   0   0],23.62202362203543,0.0,100.0,[ 19 230  11],[  0 220   0],24.124676163629637,0.0,100.0,[  9   4 209],[  0   0 220],14.7648230602334,0.0,100.0
32,26,[204   6   9],[220   0   0],19.313207915827967,0.0,100.0,[  0 212  19],[  0 220   0],20.615528128088304,0.0,100.0,[ 11  14 231],[  0   0 220],20.92844953645635,0.0,100.0
32,27,[205   9   8],[220   0   0],19.235384061671343,0.0,100.0,[  0 209  12],[  0 220   0],16.278820596099706,0.0,100.0,[ 19   5 206],[  0   0 220],24.124676163629637,0.0,100.0
32,28,[230  10   6],[220   0   0],15.362291495737216,0.0,100.0,[  6 233   7],[  0 220   0],15.937377450509228,0.0,100.0,[ 13  18 223],[  0   0 220],22.40535650240808,0.0,100.0
32,29,[203  16  13],[220   0   0],26.720778431774775,0.0,100.0,[  1 231   9],[  0 220   0],14.247806848775006,0.0,100.0,[ 14   1 219],[  0   0 220],14.071247279470288,0.0,100.0
32,30,[211  10  12],[220   0   0],18.027756377319946,0.0,100.0,[  2 235  16],[  0 220   0],22.02271554554524,0.0,100.0,[  5  14 235],[  0   0 220],21.118712081942874,0.0,100.0
32,31,[228  16  15],[220   0   0],23.345235059857504,0.0,100.0,[  9 210   6],[  0 220   0],14.730919862656235,0.0,100.0,[  9   9 212],[  0   0 220],15.033296378372908,0.0,100.0
32,32,[220   5  11],[220   0   0],12.083045973594572,0.0,100.0,[ 16 213  13],[  0 220   0],21.77154105707724,0.0,100.0,[  2  15 239],[  0   0 220],24.289915602982237,0.0,100.0
32,33,[239  16   2],[220   0   0],24.919871588754223,0.0,100.0,[ 19 233   5],[  0 220   0],23.558437978779494,0.0,100.0,[ 15   2 234],[  0   0 220],20.615528128088304,0.0,100.0
32,34,[209   5  10],[220   0   0],15.684387141358123,0.0,100.0,[ 18 225   0],[  0 220   0],18.681541692269406,0.0,100.0,[  1   4 225],[  0   0 220],6.48074069840786,0.0,100.0
32,35,[218  13  14],[220   0   0],19.209372712298546,0.0,100.0,[ 19 200  16],[  0 220   0],31.89043743820395,0.0,100.0,[  1   7 224],[  0   0 220],8.12403840463596,0.0,100.0
32,36,[238   0   0],[220   0   0],18.0,0.0,100.0,[  7 210  15],[  0 220   0],19.339079605813716,0.0,100.0,[ 18   8 212],[  0   0 220],21.2602916254693,0.0,100.0
32,37,[220   0  16],[220   0   0],16.0,0.0,100.0,[  5 226  14],[  0 220   0],16.0312195418814,0.0,100.0,[ 17   5 210],[  0   0 220],20.346989949375804,0.0,100.0
32,38,[216   6   9],[220   0   0],11.532562594670797,0.0,100.0,[  2 215  15],[  0 220   0],15.937377450509228,0.0,100.0,[  8   2 215],[  0   0 220],9.643650760992955,0.0,100.0
32,39,[229   0   6],[220   0   0],10.816653826391969,0.0,100.0,[ 19 217   2],[  0 220   0],19.339079605813716,0.0,100.0,[ 17   8 232],[  0   0 220],22.293496809607955,0.0,100.0
32,40,[223   3   5],[220   0   0],6.557438524302,0.0,100.0,[  0 235  12],[  0 220   0],19.209372712298546,0.0,100.0,[ 13   1 239],[  0   0 220],23.043437243605826,0.0,100.0
32,41,[234  19   6],[220   0   0],24.351591323771842,0.0,100.0,[  0 229   6],[  0 220   0],10.816653826391969,0.0,100.0,[ 13  12 216],[  0   0 220],18.138357147217054,0.0,100.0
32,42,[222   6   3],[220   0   0],7.0,0.0,100.0,[  1 212   0],[  0 220   0],8.06225774829855,0.0,100.0,[ 18   7 239],[  0   0 220],27.09243436828813,0.0,100.0
32,43,[223  17   4],[220   0   0],17.72004514666935,0.0,100.0,[ 12 230  13],[  0 220   0],20.322401432901575,0.0,100.0,[  1  18 236],[  0   0 220],24.1039415863879,0.0,100.0
32,44,[233   7  17],[220   0   0],22.516660498395403,0.0,100.0,[  2 238  16],[  0 220   0],24.166091947189145,0.0,100.0,[ 16   7 220],[  0   0 220],17.46424919657298,0.0,100.0
32,45,[211   4  11],[220   0   0],14.7648230602334,0.0,100.0,[  2 215  13],[  0 220   0],14.071247279470288,0.0,100.0,[ 18  11 225],[  0   0 220],21.6794833886788,0.0,100.0
32,46,[218   0   8],[220   0   0],8.246211251235321,0.0,100.0,[ 12 229  11],[  0 220   0],18.601075237738275,0.0,100.0,[ 14  11 203],[  0   0 220],24.61706725018234,0.0,100.0
32,47,[200  12   6],[220   0   0],24.08318915758459,0.0,100.0,[  2 208   6],[  0 220   0],13.564659966250536,0.0,100.0,[ 18   4 214],[  0   0 220],19.390719429665317,0.0,100.0
32,48,[201   8   3],[220   0   0],20.83266665599966,0.0,100.0,[ 14 216  14],[  0 220   0],20.199009876724155,0.0,100.0,[ 16  17 209],[  0   0 220],25.80697580112788,0.0,100.0
32,49,[228  18  15],[220   0   0],24.758836806279895,0.0,100.0,[ 16 204   8],[  0 220   0],24.0,0.0,100.0,[  7   9 237],[  0   0 220],20.46948949045872,0.0,100.0
32,50,[208   0  18],[220   0   0],21.633307652783937,0.0,100.0,[ 12 223  17],[  0 220   0],21.02379604162864,0.0,100.0,[ 11   4 206],[  0   0 220],18.24828759089466,0.0,100.0
32,51,[229  18  17],[220   0   0],26.343879744638983,0.0,100.0,[  5 221  14],[  0 220   0],14.89966442575134,0.0,100.0,[  8   3 216],[  0   0 220],9.433981132056603,0.0,100.0
32,52,[230  10   1],[220   0   0],14.177446878757825,0.0,100.0,[ 17 226   6],[  0 220   0],19.0,0.0,100.0,[  8   1 230],[  0   0 220],12.84523257866513,0.0,100.0
32,53,[221   9  12],[220   0   0],15.033296378372908,0.0,100.0,[ 12 237  14],[  0 220   0],25.079872407968907,0.0,100.0,[  0   4 235],[  0   0 220],15.524174696260024,0.0,100.0
32,54,[215  12  18],[220   0   0],22.20360331117452,0.0,100.0,[ 11 218   3],[  0 220   0],11.575836902790225,0.0,100.0,[  9   7 225],[  0   0 220],12.449899597988733,0.0,100.0
32,55,[206  18  10],[220   0   0],24.899799195977465,0.0,100.0,[ 18 233  12],[  0 220   0],25.238858928247925,0.0,100.0,[  8   6 229],[  0   0 220],13.45362404707371,0.0,100.0
32,56,[226  19   6],[220   0   0],20.808652046684813,0.0,100.0,[  4 208  13],[  0 220   0],18.138357147217054,0.0,100.0,[ 18   1 226],[  0   0 220],19.0,0.0,100.0
32,57,[229  17   1],[220   0   0],19.261360284258224,0.0,100.0,[  2 234   9],[  0 220   0],16.76305461424021,0.0,100.0,[  8   2 209],[  0   0 220],13.74772708486752,0.0,100.0
32,58,[227  19  13],[220   0   0],24.06241883103193,0.0,100.0,[ 14 202   5],[  0 220   0],23.345235059857504,0.0,100.0,[  9  18 233],[  0   0 220],23.958297101421877,0.0,100.0
32,59,[235   2  11],[220   0   0],18.708286933869708,0.0,100.0,[  6 201   7],[  0 220   0],21.118712081942874,0.0,100.0,[ 13   2 210],[  0   0 220],16.522711641858304,0.0,100.0
32,60,[219   2   4],[220   0   0],4.58257569495584,0.0,100.0,[  6 238   7],[  0 220   0],20.223748416156685,0.0,100.0,[ 13   3 237],[  0   0 220],21.61018278497431,0.0,100.0
32,61,[233  11   9],[220   0   0],19.261360284258224,0.0,100.0,[ 18 210   4],[  0 220   0],20.97617696340303,0.0,100.0,[ 14   9 223],[  0   0 220],16.911534525287763,0.0,100.0
32,62,[221   5   6],[220   0   0],7.874007874011811,0.0,100.0,[ 14 221   4],[  0 220   0],14.594519519326424,0.0,100.0,[  4  14 202],[  0   0 220],23.15167380558045,0.0,100.0
32,63,[234   9   4],[220   0   0],17.11724276862369,0.0,100.0,[  7 220   3],[  0 220   0],7.615773105863909,0.0,100.0,[ 18   4 205],[  0   0 220],23.769728648009426,0.0,100.0
33,0,[206   7   4],[220   0   0],16.15549442140351,0.0,100.0,[ 11 226   8],[  0 220   0],14.866068747318506,0.0,100.0,[ 16   7 215],[  0   0 220],18.16590212458495,0.0,100.0
33,1,[209   5  15],[220   0   0],19.261360284258224,0.0,100.0,[ 19 228  18],[  0 220   0],27.367864366808018,0.0,100.0,[ 13   4 202],[  0   0 220],22.561028345356956,0.0,100.0
33,2,[227  17   7],[220   0   0],19.672315572906,0.0,100.0,[ 14 216  18],[  0 220   0],23.15167380558045,0.0,100.0,[ 10   2 206],[  0   0 220],17.320508075688775,0.0,100.0
33,3,[212  13  10],[220   0   0],18.24828759089466,0.0,100.0,[  8 209   9],[  0 220   0],16.30950643030009,0.0,100.0,[ 16   9 218],[  0   0 220],18.466185312619388,0.0,100.0
33,4,[204  12   1],[220   0   0],20.024984394500787,0.0,100.0,[  0 230  15],[  0 220   0],18.027756377319946,0.0,100.0,[ 11  18 232],[  0   0 220],24.269322199023193,0.0,100.0
33,5,[202  16  12],[220   0   0],26.90724809414742,0.0,100.0,[  8 233   0],[  0 220   0],15.264337522473747,0.0,100.0,[  7  10 209],[  0   0 220],16.431676725154983,0.0,100.0
33,6,[224   2  19],[220   0   0],19.519221295943137,0.0,100.0,[ 18 210  11],[  0 220   0],23.345235059857504,0.0,100.0,[  1  18 226],[  0   0 220],19.0,0.0,100.0
33,7,[202   7  13],[220   0   0],23.280893453645632,0.0,100.0,[ 19 217  11],[  0 220   0],22.15851980616034,0.0,100.0,[  7  10 212],[  0   0 220],14.594519519326424,0.0,100.0
33,8,[209   9  11],[220   0   0],17.97220075561143,0.0,100.0,[  1 227  15],[  0 220   0],16.583123951777,0.0,100.0,[  8  19 201],[  0   0 220],28.035691537752374,0.0,100.0
33,9,[225  15   0],[220   0   0],15.811388300841896,0.0,100.0,[ 10 218  13],[  0 220   0],16.522711641858304,0.0,100.0,[ 15  11 220],[  0   0 220],18.601075237738275,0.0,100.0
33,10,[206  18   4],[220   0   0],23.15167380558045,0.0,100.0,[  2 219   9],[  0 220   0],9.273618495495704,0.0,100.0,[ 11  15 228],[  0   0 220],20.248456731316587,0.0,100.0
33,11,[213   4   8],[220   0   0],11.357816691600547,0.0,100.0,[ 11 209   3],[  0 220   0],15.84297951775486,0.0,100.0,[ 12   0 205],[  0   0 220],19.209372712298546,0.0,100.0
33,12,[223   0   4],[220   0   0],5.0,0.0,100.0,[ 13 231  10],[  0 220   0],19.748417658131498,0.0,100.0,[  1   0 230],[  0   0 220],10.04987562112089,0.0,100.0
33,13,[228  16  12],[220   0   0],21.540659228538015,0.0,100.0,[ 17 212   3],[  0 220   0],19.026297590440446,0.0,100.0,[ 10   6 211],[  0   0 220],14.730919862656235,0.0,100.0
33,14,[231   7  11],[220   0   0],17.05872210923198,0.0,100.0,[ 11 230  17],[  0 220   0],22.58317958127243,0.0,100.0,[ 18  18 211],[  0   0 220],27.0,0.0,100.0
33,15,[220  11  18],[220   0   0],21.095023109728988,0.0,100.0,[ 19 212  19],[  0 220   0],28.035691537752374,0.0,100.0,[ 14   3 229],[  0   0 220],16.911534525287763,0.0,100.0
33,16,[200   4  10],[220   0   0],22.715633383201094,0.0,100.0,[  6 218  17],[  0 220   0],18.138357147217054,0.0,100.0,[  3   4 216],[  0   0 220],6.4031242374328485,0.0,100.0
33,17,[238   7  16],[220   0   0],25.079872407968907,0.0,100.0,[ 12 213  11],[  0 220   0],17.72004514666935,0.0,100.0,[ 16  14 225],[  0   0 220],21.840329667841555,0.0,100.0
33,18,[237  16   3],[220   0   0],23.53720459187964,0.0,100.0,[ 15 200  15],[  0 220   0],29.154759474226502,0.0,100.0,[ 16  12 212],[  0   0 220],21.540659228538015,0.0,100.0
33,19,[234   8  18],[220   0   0],24.166091947189145,0.0,100.0,[  1 228  16],[  0 220   0],17.916472867168917,0.0,100.0,[  8   5 228],[  0   0 220],12.36931687685298,0.0,100.0
33,20,[219  12   3],[220   0   0],12.409673645990857,0.0,100.0,[ 11 204  11],[  0 220   0],22.315913604421397,0.0,100.0,[ 14   3 238],[  0   0 220],23.0,0.0,100.0
33,21,[218   1  15],[220   0   0],15.165750888103101,0.0,100.0,[ 19 202  17],[  0 220   0],31.20897306865447,0.0,100.0,[  5   9 222],[  0   0 220],10.488088481701515,0.0,100.0
33,22,[226  14   6],[220   0   0],16.3707055437449,0.0,100.0,[ 12 208   0],[  0 220   0],16.97056274847714,0.0,100.0,[ 19   5 237],[  0   0 220],25.98076211353316,0.0,100.0
33,23,[226   3  12],[220   0   0],13.74772708486752,0.0,100.0,[  8 200  14],[  0 220   0],25.69046515733026,0.0,100.0,[  5  16 200],[  0   0 220],26.095976701399778,0.0,100.0
33,24,[234   8  13],[220   0   0],20.71231517720798,0.0,100.0,[  6 232  12],[  0 220   0],18.0,0.0,100.0,[  1   9 228],[  0   0 220],12.083045973594572,0.0,100.0
33,25,[231   4  18],[220   0   0],21.470910553583888,0.0,100.0,[ 14 231   3],[  0 220   0],18.05547008526779,0.0,100.0,[  7  15 212],[  0   0 220],18.384776310850235,0.0,100.0
33,26,[231   3   7],[220   0   0],13.379088160259652,0.0,100.0,[  1 219   6],[  0 220   0],6.164414002968976,0.0,100.0,[  3  16 225],[  0   0 220],17.029386365926403,0.0,100.0
33,27,[237   6  15],[220   0   0],23.45207879911715,0.0,100.0,[  8 213   6],[  0 220   0],12.206555615733702,0.0,100.0,[ 18  18 217],[  0   0 220],25.632011235952593,0.0,100.0
33,28,[233   5  15],[220   0   0],20.46948949045872,0.0,100.0,[ 12 234  17],[  0 220   0],25.079872407968907,0.0,100.0,[ 18  17 205],[  0   0 220],28.948229652260256,0.0,100.0
33,29,[231  10  16],[220   0   0],21.840329667841555,0.0,100.0,[ 15 202  16],[  0 220   0],28.372521918222215,0.0,100.0,[  8   4 201],[  0   0 220],21.0,0.0,100.0
33,30,[214   2  14],[220   0   0],15.362291495737216,0.0,100.0,[ 13 222   6],[  0 220   0],14.45683229480096,0.0,100.0,[ 13  17 210],[  0   0 220],23.62202362203543,0.0,100.0
33,31,[217  17  13],[220   0   0],21.61018278497431,0.0,100.0,[  7 231  10],[  0 220   0],16.431676725154983,0.0,100.0,[ 11  14 225],[  0   0 220],18.49324200890693,0.0,100.0
33,32,[210   9  14],[220   0   0],19.4164878389476,0.0,100.0,[ 17 229  12],[  0 220   0],22.67156809750927,0.0,100.0,[  6  15 234],[  0   0 220],21.37755832643195,0.0,100.0
33,33,[219   2   0],[220   0   0],2.23606797749979,0.0,100.0,[  3 218   3],[  0 220   0],4.69041575982343,0.0,100.0,[ 12  17 231],[  0   0 220],23.53720459187964,0.0,100.0
33,34,[202  11   4],[220   0   0],21.470910553583888,0.0,100.0,[ 10 211   0],[  0 220   0],13.45362404707371,0.0,100.0,[  6  13 222],[  0   0 220],14.45683229480096,0.0,100.0
33,35,[236  12   2],[220   0   0],20.09975124224178,0.0,100.0,[  0 237   9],[  0 220   0],19.235384061671343,0.0,100.0,[  5   6 202],[  0   0 220],19.621416870348583,0.0,100.0
33,36,[204  14  17],[220   0   0],27.2213151776324,0.0,100.0,[  2 232  18],[  0 220   0],21.72556098240043,0.0,100.0,[ 16  14 229],[  0   0 220],23.08679276123039,0.0,100.0
33,37,[218  16   7],[220   0   0],17.578395831246947,0.0,100.0,[ 18 203   7],[  0 220   0],25.729360660537214,0.0,100.0,[ 12   7 202],[  0   0 220],22.737634001804146,0.0,100.0
33,38,[233   0   7],[220   0   0],14.7648230602334,0.0,100.0,[ 11 208   2],[  0 220   0],16.401219466856727,0.0,100.0,[ 19  16 234],[  0   0 220],28.513154858766505,0.0,100.0
33,39,[235   1   5],[220   0   0],15.84297951775486,0.0,100.0,[ 19 218   4],[  0 220   0],19.519221295943137,0.0,100.0,[  4   4 207],[  0   0 220],14.177446878757825,0.0,100.0
33,40,[232  16   7],[220   0   0],21.18962010041709,0.0,100.0,[  3 201  15],[  0 220   0],24.392621835300936,0.0,100.0,[  8   3 232],[  0   0 220],14.730919862656235,0.0,100.0
33,41,[202   0  13],[220   0   0],22.20360331117452,0.0,100.0,[  6 211   5],[  0 220   0],11.916375287812984,0.0,100.0,[ 10  13 237],[  0   0 220],23.62202362203543,0.0,100.0
33,42,[232   5  19],[220   0   0],23.021728866442675,0.0,100.0,[ 15 239   4],[  0 220   0],24.535688292770594,0.0,100.0,[ 16   8 221],[  0   0 220],17.916472867168917,0.0,100.0
33,43,[206  13   0],[220   0   0],19.1049731745428,0.0,100.0,[  1 230  18],[  0 220   0],20.615528128088304,0.0,100.0,[ 11   9 223],[  0   0 220],14.52583904633395,0.0,100.0
33,44,[230   6  11],[220   0   0],16.0312195418814,0.0,100.0,[ 11 223  10],[  0 220   0],15.165750888103101,0.0,100.0,[  3  15 213],[  0   0 220],16.822603841260722,0.0,100.0
33,45,[234  14  10],[220   0   0],22.181073012818835,0.0,100.0,[  6 204  14],[  0 220   0],22.090722034374522,0.0,100.0,[ 19   7 214],[  0   0 220],21.118712081942874,0.0,100.0
33,46,[226  19   2],[220   0   0],20.024984394500787,0.0,100.0,[ 13 230  17],[  0 220   0],23.62202362203543,0.0,100.0,[ 17  13 206],[  0   0 220],25.573423705088842,0.0,100.0
33,47,[231  10  18],[220   0   0],23.345235059857504,0.0,100.0,[ 17 227  18],[  0 220   0],25.729360660537214,0.0,100.0,[ 18   8 211],[  0   0 220],21.656407827707714,0.0,100.0
33,48,[211   9   1],[220   0   0],12.767145334803704,0.0,100.0,[ 13 204   9],[  0 220   0],22.494443758403985,0.0,100.0,[ 19  14 223],[  0   0 220],23.790754506740637,0.0,100.0
33,49,[230  16  15],[220   0   0],24.1039415863879,0.0,100.0,[  1 220  14],[  0 220   0],14.035668847618199,0.0,100.0,[  5   2 207],[  0   0 220],14.071247279470288,0.0,100.0
33,50,[221  14  12],[220   0   0],18.466185312619388,0.0,100.0,[ 14 231   7],[  0 220   0],19.131126469708992,0.0,100.0,[ 19  10 228],[  0   0 220],22.9128784747792,0.0,100.0
33,51,[200   5   9],[220   0   0],22.494443758403985,0.0,100.0,[  4 233   7],[  0 220   0],15.297058540778355,0.0,100.0,[  0   5 237],[  0   0 220],17.72004514666935,0.0,100.0
33,52,[212  18  12],[220   0   0],23.065125189341593,0.0,100.0,[ 13 213   3],[  0 220   0],15.066519173319364,0.0,100.0,[ 11  10 224],[  0   0 220],15.394804318340652,0.0,100.0
33,53,[207  16   8],[220   0   0],22.11334438749598,0.0,100.0,[ 10 201   0],[  0 220   0],21.470910553583888,0.0,100.0,[  0  18 231],[  0   0 220],21.095023109728988,0.0,100.0
33,54,[200   5  14],[220   0   0],24.919871588754223,0.0,100.0,[ 11 226  19],[  0 220   0],22.759613353482084,0.0,100.0,[ 13   8 219],[  0   0 220],15.297058540778355,0.0,100.0
33,55,[230  19  18],[220   0   0],28.0178514522438,0.0,100.0,[  4 239   1],[  0 220   0],19.44222209522358,0.0,100.0,[  8  16 222],[  0   0 220],18.0,0.0,100.0
33,56,[230  17  17],[220   0   0],26.038433132583073,0.0,100.0,[ 11 212  13],[  0 220   0],18.81488772222678,0.0,100.0,[  8  13 235],[  0   0 220],21.400934559032695,0.0,100.0
33,57,[205  11   0],[220   0   0],18.601075237738275,0.0,100.0,[ 17 214   5],[  0 220   0],18.708286933869708,0.0,100.0,[ 10   2 204],[  0   0 220],18.973665961010276,0.0,100.0
33,58,[206  13   2],[220   0   0],19.209372712298546,0.0,100.0,[ 11 204  16],[  0 220   0],25.15949125081825,0.0,100.0,[  3  17 229],[  0   0 220],19.467922333931785,0.0,100.0
33,59,[214  17   6],[220   0   0],19.0,0.0,100.0,[ 11 215   3],[  0 220   0],12.449899597988733,0.0,100.0,[ 10  10 206],[  0   0 220],19.8997487421324,0.0,100.0
33,60,[231  15  16],[220   0   0],24.535688292770594,0.0,100.0,[  7 219  10],[  0 220   0],12.24744871391589,0.0,100.0,[ 11  11 224],[  0   0 220],16.06237840420901,0.0,100.0
33,61,[204   5   7],[220   0   0],18.16590212458495,0.0,100.0,[ 10 223   9],[  0 220   0],13.784048752090222,0.0,100.0,[  2  11 227],[  0   0 220],13.19090595827292,0.0,100.0
33,62,[234   2  14],[220   0   0],19.8997487421324,0.0,100.0,[ 15 237  19],[  0 220   0],29.58039891549808,0.0,100.0,[  8  14 213],[  0   0 220],17.578395831246947,0.0,100.0
33,63,[201  15   2],[220   0   0],24.289915602982237,0.0,100.0,[  6 237  15],[  0 220   0],23.45207879911715,0.0,100.0,[  2   5 220],[  0   0 220],5.385164807134504,0.0,100.0
34,0,[205  17  16],[220   0   0],27.748873851023216,0.0,100.0,[ 13 226   9],[  0 220   0],16.911534525287763,0.0,100.0,[ 15   2 205],[  0   0 220],21.307275752662516,0.0,100.0
34,1,[214  18   0],[220   0   0],18.973665961010276,0.0,100.0,[ 12 200   2],[  0 220   0],23.40939982143925,0.0,100.0,[ 14   6 230],[  0   0 220],18.2208671582886,0.0,100.0
34,2,[235   1   1],[220   0   0],15.066519173319364,0.0,100.0,[ 10 206   2],[  0 220   0],17.320508075688775,0.0,100.0,[ 14  18 223],[  0   0 220],23.0,0.0,100.0
34,3,[206  12  11],[220   0   0],21.470910553583888,0.0,100.0,[ 14 209  11],[  0 220   0],20.92844953645635,0.0,100.0,[  4   9 218],[  0   0 220],10.04987562112089,0.0,100.0
34,4,[213   5  14],[220   0   0],16.431676725154983,0.0,100.0,[ 19 212   6],[  0 220   0],21.470910553583888,0.0,100.0,[ 15   4 227],[  0   0 220],17.029386365926403,0.0,100.0
34,5,[224  18  17],[220   0   0],25.079872407968907,0.0,100.0,[ 15 219  19],[  0 220   0],24.228082879171435,0.0,100.0,[  7   1 226],[  0   0 220],9.273618495495704,0.0,100.0
34,6,[229   0  18],[220   0   0],20.12461179749811,0.0,100.0,[ 11 218   4],[  0 220   0],11.874342087037917,0.0,100.0,[  5   0 236],[  0   0 220],16.76305461424021,0.0,100.0
34,7,[204   4   2],[220   0   0],16.61324772583615,0.0,100.0,[  9 231   9],[  0 220   0],16.822603841260722,0.0,100.0,[  5   9 229],[  0   0 220],13.674794331177344,0.0,100.0
34,8,[236   6  10],[220   0   0],19.79898987322333,0.0,100.0,[ 14 206  10],[  0 220   0],22.181073012818835,0.0,100.0,[ 18  19 202],[  0   0 220],31.76476034853718,0.0,100.0
34,9,[214  16   8],[220   0   0],18.867962264113206,0.0,100.0,[  2 227   2],[  0 220   0],7.54983443527075,0.0,100.0,[ 17   3 232],[  0   0 220],21.02379604162864,0.0,100.0
34,10,[216  14  11],[220   0   0],18.24828759089466,0.0,100.0,[ 11 209   4],[  0 220   0],16.06237840420901,0.0,100.0,[ 13   8 221],[  0   0 220],15.297058540778355,0.0,100.0
34,11,[207  18  13],[220   0   0],25.729360660537214,0.0,100.0,[ 14 232  14],[  0 220   0],23.15167380558045,0.0,100.0,[ 14   9 211],[  0   0 220],18.920887928424502,0.0,100.0
34,12,[200   4   9],[220   0   0],22.293496809607955,0.0,100.0,[ 10 238   7],[  0 220   0],21.748563170931547,0.0,100.0,[ 13   5 205],[  0   0 220],20.46948949045872,0.0,100.0
34,13,[226  16   6],[220   0   0],18.110770276274835,0.0,100.0,[ 17 208   8],[  0 220   0],22.293496809607955,0.0,100.0,[  2  11 209],[  0   0 220],15.684387141358123,0.0,100.0
34,14,[222  19   5],[220   0   0],19.748417658131498,0.0,100.0,[ 10 236  10],[  0 220   0],21.354156504062622,0.0,100.0,[ 18  17 222],[  0   0 220],24.839484696748443,0.0,100.0
34,15,[213   9  18],[220   0   0],21.307275752662516,0.0,100.0,[ 19 216  15],[  0 220   0],24.535688292770594,0.0,100.0,[ 15  19 203],[  0   0 220],29.58039891549808,0.0,100.0
34,16,[224  15  19],[220   0   0],24.535688292770594,0.0,100.0,[  7 211   3],[  0 220   0],11.789826122551595,0.0,100.0,[ 12   3 214],[  0   0 220],13.74772708486752,0.0,100.0
34,17,[200   2   4],[220   0   0],20.493901531919196,0.0,100.0,[  8 206  11],[  0 220   0],19.519221295943137,0.0,100.0,[  1  17 210],[  0   0 220],19.748417658131498,0.0,100.0
34,18,[216  15  15],[220   0   0],21.587033144922902,0.0,100.0,[ 19 208  14],[  0 220   0],26.476404589747453,0.0,100.0,[ 11  15 211],[  0   0 220],20.663978319771825,0.0,100.0
34,19,[238  15  18],[220   0   0],29.546573405388315,0.0,100.0,[ 17 229   0],[  0 220   0],19.235384061671343,0.0,100.0,[  2   6 221],[  0   0 220],6.4031242374328485,0.0,100.0
34,20,[232  12   8],[220   0   0],18.76166303929372,0.0,100.0,[  9 232   1],[  0 220   0],15.033296378372908,0.0,100.0,[  7  10 213],[  0   0 220],14.071247279470288,0.0,100.0
34,21,[217   8   0],[220   0   0],8.54400374531753,0.0,100.0,[ 18 220   3],[  0 220   0],18.24828759089466,0.0,100.0,[ 10  11 200],[  0   0 220],24.919871588754223,0.0,100.0
34,22,[212  10   1],[220   0   0],12.84523257866513,0.0,100.0,[  0 223   7],[  0 220   0],7.615773105863909,0.0,100.0,[  8  15 213],[  0   0 220],18.384776310850235,0.0,100.0
34,23,[225  10   6],[220   0   0],12.68857754044952,0.0,100.0,[ 14 225  19],[  0 220   0],24.124676163629637,0.0,100.0,[  1  13 216],[  0   0 220],13.638181696985855,0.0,100.0
34,24,[214   7   7],[220   0   0],11.575836902790225,0.0,100.0,[  6 228  15],[  0 220   0],18.027756377319946,0.0,100.0,[  8  12 231],[  0   0 220],18.138357147217054,0.0,100.0
34,25,[219   8   8],[220   0   0],11.357816691600547,0.0,100.0,[  7 205   8],[  0 220   0],18.384776310850235,0.0,100.0,[ 18   7 229],[  0   0 220],21.307275752662516,0.0,100.0
34,26,[214   4  16],[220   0   0],17.549928774784245,0.0,100.0,[  5 237  19],[  0 220   0],25.98076211353316,0.0,100.0,[ 17  13 234],[  0   0 220],25.573423705088842,0.0,100.0
34,27,[227   4  12],[220   0   0],14.45683229480096,0.0,100.0,[  2 217   5],[  0 220   0],6.164414002968976,0.0,100.0,[ 16   4 230],[  0   0 220],19.28730152198591,0.0,100.0
34,28,[207  14  12],[220   0   0],22.561028345356956,0.0,100.0,[ 19 226  15],[  0 220   0],24.939927826679853,0.0,100.0,[ 13   8 201],[  0   0 220],24.372115213907882,0.0,100.0
34,29,[229  17   2],[220   0   0],19.339079605813716,0.0,100.0,[ 12 233   9],[  0 220   0],19.849433241279208,0.0,100.0,[  4   1 208],[  0   0 220],12.68857754044952,0.0,100.0
34,30,[218   7   3],[220   0   0],7.874007874011811,0.0,100.0,[ 14 238  10],[  0 220   0],24.899799195977465,0.0,100.0,[ 12   5 217],[  0   0 220],13.341664064126334,0.0,100.0
34,31,[208   9   4],[220   0   0],15.524174696260024,0.0,100.0,[ 14 215  17],[  0 220   0],22.58317958127243,0.0,100.0,[ 18   5 226],[  0   0 220],19.621416870348583,0.0,100.0
34,32,[231  12   0],[220   0   0],16.278820596099706,0.0,100.0,[ 14 239  12],[  0 220   0],26.476404589747453,0.0,100.0,[  6  18 228],[  0   0 220],20.591260281974,0.0,100.0
34,33,[224   7   1],[220   0   0],8.12403840463596,0.0,100.0,[ 19 205  15],[  0 220   0],28.478061731796284,0.0,100.0,[ 19  16 230],[  0   0 220],26.77685567799177,0.0,100.0
34,34,[218  18  12],[220   0   0],21.72556098240043,0.0,100.0,[  9 210  15],[  0 220   0],20.149441679609886,0.0,100.0,[  3  10 231],[  0   0 220],15.165750888103101,0.0,100.0
34,35,[222  18   1],[220   0   0],18.138357147217054,0.0,100.0,[ 14 213   3],[  0 220   0],15.937377450509228,0.0,100.0,[  8   2 237],[  0   0 220],18.894443627691185,0.0,100.0
34,36,[232   5  13],[220   0   0],18.384776310850235,0.0,100.0,[ 16 232  13],[  0 220   0],23.853720883753127,0.0,100.0,[  2  10 208],[  0   0 220],15.748015748023622,0.0,100.0
34,37,[239  10  11],[220   0   0],24.124676163629637,0.0,100.0,[  0 208  11],[  0 220   0],16.278820596099706,0.0,100.0,[ 10  13 214],[  0   0 220],17.46424919657298,0.0,100.0
34,38,[215  15   0],[220   0   0],15.811388300841896,0.0,100.0,[  7 236   3],[  0 220   0],17.72004514666935,0.0,100.0,[  4  18 201],[  0   0 220],26.476404589747453,0.0,100.0
34,39,[227   3  15],[220   0   0],16.822603841260722,0.0,100.0,[ 11 226  11],[  0 220   0],16.673332000533065,0.0,100.0,[  4  17 228],[  0   0 220],19.209372712298546,0.0,100.0
34,40,[232   3  12],[220   0   0],17.233687939614086,0.0,100.0,[  4 238   4],[  0 220   0],18.867962264113206,0.0,100.0,[  7   2 237],[  0   0 220],18.49324200890693,0.0,100.0
34,41,[239   8   8],[220   0   0],22.11334438749598,0.0,100.0,[  8 236  18],[  0 220   0],25.37715508089904,0.0,100.0,[ 18   0 207],[  0   0 220],22.20360331117452,0.0,100.0
34,42,[223   2  11],[220   0   0],11.575836902790225,0.0,100.0,[ 17 205  13],[  0 220   0],26.13426869074396,0.0,100.0,[ 14   3 237],[  0   0 220],22.22611077089287,0.0,100.0
34,43,[234   2  13],[220   0   0],19.209372712298546,0.0,100.0,[  8 212   0],[  0 220   0],11.313708498984761,0.0,100.0,[ 19   2 233],[  0   0 220],23.108440016582687,0.0,100.0
34,44,[228  12   2],[220   0   0],14.560219778561036,0.0,100.0,[ 17 212   1],[  0 220   0],18.81488772222678,0.0,100.0,[  7  12 214],[  0   0 220],15.132745950421556,0.0,100.0
34,45,[200   7   2],[220   0   0],21.283796653792763,0.0,100.0,[  4 214  18],[  0 220   0],19.390719429665317,0.0,100.0,[  8  15 224],[  0   0 220],17.46424919657298,0.0,100.0
34,46,[229   3  10],[220   0   0],13.784048752090222,0.0,100.0,[  8 226  16],[  0 220   0],18.867962264113206,0.0,100.0,[ 11  12 202],[  0   0 220],24.269322199023193,0.0,100.0
34,47,[237   6  10],[220   0   0],20.615528128088304,0.0,100.0,[ 19 217  13],[  0 220   0],23.2163735324878,0.0,100.0,[  8  11 236],[  0   0 220],21.0,0.0,100.0
34,48,[224   6   7],[220   0   0],10.04987562112089,0.0,100.0,[  8 218   9],[  0 220   0],12.206555615733702,0.0,100.0,[  1   0 234],[  0   0 220],14.035668847618199,0.0,100.0
34,49,[230  15  17],[220   0   0],24.779023386727733,0.0,100.0,[  5 203   3],[  0 220   0],17.97220075561143,0.0,100.0,[  4  17 231],[  0   0 220],20.639767440550294,0.0,100.0
34,50,[216   9   0],[220   0   0],9.848857801796104,0.0,100.0,[  5 219   5],[  0 220   0],7.14142842854285,0.0,100.0,[  4  15 221],[  0   0 220],15.556349186104045,0.0,100.0
34,51,[223  10   7],[220   0   0],12.569805089976535,0.0,100.0,[ 15 201   1],[  0 220   0],24.228082879171435,0.0,100.0,[  9  16 203],[  0   0 220],25.019992006393608,0.0,100.0
34,52,[215   5  12],[220   0   0],13.92838827718412,0.0,100.0,[  7 234   6],[  0 220   0],16.76305461424021,0.0,100.0,[ 11  17 219],[  0   0 220],20.273134932713294,0.0,100.0
34,53,[232   2  11],[220   0   0],16.401219466856727,0.0,100.0,[ 10 200  16],[  0 220   0],27.49545416973504,0.0,100.0,[ 10  15 200],[  0   0 220],26.92582403567252,0.0,100.0
34,54,[212   1  18],[220   0   0],19.72308292331602,0.0,100.0,[  4 200   4],[  0 220   0],20.784609690826528,0.0,100.0,[ 16   4 200],[  0   0 220],25.92296279363144,0.0,100.0
34,55,[212  18  10],[220   0   0],22.090722034374522,0.0,100.0,[  6 236   9],[  0 220   0],19.313207915827967,0.0,100.0,[  5  18 226],[  0   0 220],19.621416870348583,0.0,100.0
34,56,[204   9   4],[220   0   0],18.788294228055936,0.0,100.0,[  6 224  19],[  0 220   0],20.322401432901575,0.0,100.0,[  0   6 225],[  0   0 220],7.810249675906654,0.0,100.0
34,57,[211   0   6],[220   0   0],10.816653826391969,0.0,100.0,[  4 209  18],[  0 220   0],21.470910553583888,0.0,100.0,[  6   3 212],[  0   0 220],10.44030650891055,0.0,100.0
34,58,[231   2  11],[220   0   0],15.684387141358123,0.0,100.0,[  3 234  14],[  0 220   0],20.024984394500787,0.0,100.0,[ 19  15 212],[  0   0 220],25.495097567963924,0.0,100.0
34,59,[221  17   4],[220   0   0],17.4928556845359,0.0,100.0,[ 12 221   7],[  0 220   0],13.92838827718412,0.0,100.0,[  5  10 228],[  0   0 220],13.74772708486752,0.0,100.0
34,60,[214   5   3],[220   0   0],8.366600265340756,0.0,100.0,[  2 213   6],[  0 220   0],9.433981132056603,0.0,100.0,[ 15   6 205],[  0   0 220],22.045407685048602,0.0,100.0
34,61,[219  18  18],[220   0   0],25.475478405713993,0.0,100.0,[  0 214  13],[  0 220   0],14.317821063276353,0.0,100.0,[  2   2 200],[  0   0 220],20.199009876724155,0.0,100.0
34,62,[211  15  13],[220   0   0],21.79449471770337,0.0,100.0,[  9 205  12],[  0 220   0],21.213203435596427,0.0,100.0,[ 19  18 211],[  0   0 220],27.676705006196094,0.0,100.0
34,63,[211   3  11],[220   0   0],14.52583904633395,0.0,100.0,[  6 217  12],[  0 220   0],13.74772708486752,0.0,100.0,[ 19   9 234],[  0   0 220],25.25866188063018,0.0,100.0
35,0,[204  16   1],[220   0   0],22.64950330581225,0.0,100.0,[ 15 210  11],[  0 220   0],21.118712081942874,0.0,100.0,[  0   9 221],[  0   0 220],9.055385138137417,0.0,100.0
35,1,[204  15  11],[220   0   0],24.535688292770594,0.0,100.0,[ 13 233  18],[  0 220   0],25.729360660537214,0.0,100.0,[  6   3 220],[  0   0 220],6.708203932499369,0.0,100.0
35,2,[217   5  15],[220   0   0],16.09347693943108,0.0,100.0,[  4 235   9],[  0 220   0],17.944358444926362,0.0,100.0,[  3   8 218],[  0   0 220],8.774964387392123,0.0,100.0
35,3,[218  12  15],[220   0   0],19.313207915827967,0.0,100.0,[  9 222  15],[  0 220   0],17.60681686165901,0.0,100.0,[  1   1 210],[  0   0 220],10.099504938362077,0.0,100.0
35,4,[239   0   7],[220   0   0],20.248456731316587,0.0,100.0,[  0 209   9],[  0 220   0],14.212670403551895,0.0,100.0,[  4   5 203],[  0   0 220],18.16590212458495,0.0,100.0
35,5,[221   0   4],[220   0   0],4.123105625617661,0.0,100.0,[  8 213   4],[  0 220   0],11.357816691600547,0.0,100.0,[ 19  19 224],[  0   0 220],27.16615541441225,0.0,100.0
35,6,[215   3  13],[220   0   0],14.247806848775006,0.0,100.0,[ 10 208   0],[  0 220   0],15.620499351813308,0.0,100.0,[ 10   2 202],[  0   0 220],20.688160865577203,0.0,100.0
35,7,[236  18   7],[220   0   0],25.079872407968907,0.0,100.0,[ 12 211  16],[  0 220   0],21.93171219946131,0.0,100.0,[ 16  13 218],[  0   0 220],20.71231517720798,0.0,100.0
35,8,[220   1   5],[220   0   0],5.0990195135927845,0.0,100.0,[ 13 220   3],[  0 220   0],13.341664064126334,0.0,100.0,[  9  19 230],[  0   0 220],23.280893453645632,0.0,100.0
35,9,[220  14  13],[220   0   0],19.1049731745428,0.0,100.0,[  1 235   2],[  0 220   0],15.165750888103101,0.0,100.0,[  5   0 203],[  0   0 220],17.72004514666935,0.0,100.0
35,10,[209   8   4],[220   0   0],14.177446878757825,0.0,100.0,[  5 200  11],[  0 220   0],23.366642891095847,0.0,100.0,[ 19   4 202],[  0   0 220],26.476404589747453,0.0,100.0
35,11,[234   1  19],[220   0   0],23.62202362203543,0.0,100.0,[ 11 226   9],[  0 220   0],15.427248620541512,0.0,100.0,[  6  18 200],[  0   0 220],27.568097504180443,0.0,100.0
35,12,[200  15   2],[220   0   0],25.079872407968907,0.0,100.0,[ 12 221   5],[  0 220   0],13.038404810405298,0.0,100.0,[  0   6 228],[  0   0 220],10.0,0.0,100.0
35,13,[229  16  13],[220   0   0],22.494443758403985,0.0,100.0,[ 12 224  19],[  0 220   0],22.825424421026653,0.0,100.0,[  0  12 220],[  0   0 220],12.0,0.0,100.0
35,14,[210  11   2],[220   0   0],15.0,0.0,100.0,[ 18 207   1],[  0 220   0],22.22611077089287,0.0,100.0,[  1   3 228],[  0   0 220],8.602325267042627,0.0,100.0
35,15,[210   5  12],[220   0   0],16.401219466856727,0.0,100.0,[ 17 224  12],[  0 220   0],21.18962010041709,0.0,100.0,[  1  10 207],[  0   0 220],16.431676725154983,0.0,100.0
35,16,[229  19   6],[220   0   0],21.863211109075447,0.0,100.0,[  4 207   7],[  0 220   0],15.297058540778355,0.0,100.0,[ 17   3 202],[  0   0 220],24.939927826679853,0.0,100.0
35,17,[206  17  11],[220   0   0],24.61706725018234,0.0,100.0,[  7 215  10],[  0 220   0],13.19090595827292,0.0,100.0,[ 14   8 224],[  0   0 220],16.61324772583615,0.0,100.0
35,18,[232   1  15],[220   0   0],19.235384061671343,0.0,100.0,[ 10 222  18],[  0 220   0],20.688160865577203,0.0,100.0,[ 14   2 227],[  0   0 220],15.7797338380595,0.0,100.0
35,19,[218   8   1],[220   0   0],8.306623862918075,0.0,100.0,[  2 226  18],[  0 220   0],19.078784028338912,0.0,100.0,[ 14  17 234],[  0   0 220],26.095976701399778,0.0,100.0
35,20,[224  11  19],[220   0   0],22.315913604421397,0.0,100.0,[  3 205  13],[  0 220   0],20.074859899884732,0.0,100.0,[  6  13 212],[  0   0 220],16.401219466856727,0.0,100.0
35,21,[218   7  16],[220   0   0],17.578395831246947,0.0,100.0,[ 16 218   5],[  0 220   0],16.881943016134134,0.0,100.0,[  4   8 228],[  0   0 220],12.0,0.0,100.0
35,22,[225   2  15],[220   0   0],15.937377450509228,0.0,100.0,[ 13 206  18],[  0 220   0],26.248809496813376,0.0,100.0,[ 14  13 208],[  0   0 220],22.561028345356956,0.0,100.0
35,23,[209   7   9],[220   0   0],15.84297951775486,0.0,100.0,[ 12 227   9],[  0 220   0],16.55294535724685,0.0,100.0,[  1   3 200],[  0   0 220],20.248456731316587,0.0,100.0
35,24,[226   5  16],[220   0   0],17.804493814764857,0.0,100.0,[  7 233   6],[  0 220   0],15.937377450509228,0.0,100.0,[ 10  11 220],[  0   0 220],14.866068747318506,0.0,100.0
35,25,[201  11   0],[220   0   0],21.95449840010015,0.0,100.0,[  3 236   0],[  0 220   0],16.278820596099706,0.0,100.0,[  3  17 226],[  0   0 220],18.275666882497067,0.0,100.0
35,26,[232   9  15],[220   0   0],21.213203435596427,0.0,100.0,[  5 227   7],[  0 220   0],11.090536506409418,0.0,100.0,[ 19  11 219],[  0   0 220],21.97726097583591,0.0,100.0
35,27,[232  15  12],[220   0   0],22.64950330581225,0.0,100.0,[ 16 212  11],[  0 220   0],21.0,0.0,100.0,[  5   3 227],[  0   0 220],9.1104335791443,0.0,100.0
35,28,[214   3  14],[220   0   0],15.524174696260024,0.0,100.0,[  9 235   8],[  0 220   0],19.235384061671343,0.0,100.0,[ 11   6 213],[  0   0 220],14.352700094407323,0.0,100.0
35,29,[220  11   1],[220   0   0],11.045361017187261,0.0,100.0,[ 15 231   9],[  0 220   0],20.663978319771825,0.0,100.0,[  7   6 210],[  0   0 220],13.601470508735444,0.0,100.0
35,30,[233  18   0],[220   0   0],22.20360331117452,0.0,100.0,[ 15 219   0],[  0 220   0],15.033296378372908,0.0,100.0,[  3   0 200],[  0   0 220],20.223748416156685,0.0,100.0
35,31,[212  15  13],[220   0   0],21.400934559032695,0.0,100.0,[  7 212   1],[  0 220   0],10.677078252031311,0.0,100.0,[ 15  17 206],[  0   0 220],26.645825188948457,0.0,100.0
35,32,[215  19   8],[220   0   0],21.213203435596427,0.0,100.0,[  5 237  14],[  0 220   0],22.58317958127243,0.0,100.0,[  2  19 236],[  0   0 220],24.919871588754223,0.0,100.0
35,33,[204  18  10],[220   0   0],26.076809620810597,0.0,100.0,[  5 221   9],[  0 220   0],10.344080432788601,0.0,100.0,[ 12   4 237],[  0   0 220],21.18962010041709,0.0,100.0
35,34,[226  15   3],[220   0   0],16.431676725154983,0.0,100.0,[  2 200  13],[  0 220   0],23.93741840717165,0.0,100.0,[  9  17 239],[  0   0 220],27.03701166919155,0.0,100.0
35,35,[203   2   9],[220   0   0],19.339079605813716,0.0,100.0,[  1 204   9],[  0 220   0],18.384776310850235,0.0,100.0,[  2  19 210],[  0   0 220],21.563858652847824,0.0,100.0
35,36,[229   2   7],[220   0   0],11.575836902790225,0.0,100.0,[ 14 209  17],[  0 220   0],24.61706725018234,0.0,100.0,[  6   6 213],[  0   0 220],11.0,0.0,100.0
35,37,[204   5  17],[220   0   0],23.874672772626646,0.0,100.0,[  2 232   3],[  0 220   0],12.529964086141668,0.0,100.0,[ 15   8 236],[  0   0 220],23.345235059857504,0.0,100.0
35,38,[228  10   6],[220   0   0],14.142135623730951,0.0,100.0,[  5 209  10],[  0 220   0],15.684387141358123,0.0,100.0,[ 14  19 239],[  0   0 220],30.298514815086232,0.0,100.0
35,39,[223  11  10],[220   0   0],15.165750888103101,0.0,100.0,[  7 231   7],[  0 220   0],14.798648586948742,0.0,100.0,[ 19   6 226],[  0   0 220],20.808652046684813,0.0,100.0
35,40,[239  17   7],[220   0   0],26.43860813280457,0.0,100.0,[  7 214   7],[  0 220   0],11.575836902790225,0.0,100.0,[  3   5 226],[  0   0 220],8.366600265340756,0.0,100.0
35,41,[212   2   0],[220   0   0],8.246211251235321,0.0,100.0,[ 10 235   7],[  0 220   0],19.339079605813716,0.0,100.0,[  5   0 215],[  0   0 220],7.0710678118654755,0.0,100.0
35,42,[221  11   0],[220   0   0],11.045361017187261,0.0,100.0,[  5 229   0],[  0 220   0],10.295630140987,0.0,100.0,[ 13  14 232],[  0   0 220],22.561028345356956,0.0,100.0
35,43,[226  16   5],[220   0   0],17.804493814764857,0.0,100.0,[  2 218  16],[  0 220   0],16.24807680927192,0.0,100.0,[ 16   0 226],[  0   0 220],17.08800749063506,0.0,100.0
35,44,[235  17   8],[220   0   0],24.041630560342615,0.0,100.0,[ 11 225  16],[  0 220   0],20.049937655763422,0.0,100.0,[  9   8 226],[  0   0 220],13.45362404707371,0.0,100.0
35,45,[235  17  15],[220   0   0],27.184554438136374,0.0,100.0,[  3 226  12],[  0 220   0],13.74772708486752,0.0,100.0,[ 19  15 207],[  0   0 220],27.477263328068172,0.0,100.0
35,46,[231  10  12],[220   0   0],19.1049731745428,0.0,100.0,[  2 233   5],[  0 220   0],14.071247279470288,0.0,100.0,[  2   7 210],[  0   0 220],12.36931687685298,0.0,100.0
35,47,[235  10   8],[220   0   0],19.72308292331602,0.0,100.0,[  0 208   3],[  0 220   0],12.36931687685298,0.0,100.0,[  7  10 212],[  0   0 220],14.594519519326424,0.0,100.0
35,48,[227  14   7],[220   0   0],17.146428199482248,0.0,100.0,[  9 206   8],[  0 220   0],18.466185312619388,0.0,100.0,[ 10  17 227],[  0   0 220],20.92844953645635,0.0,100.0
35,49,[220  13  17],[220   0   0],21.400934559032695,0.0,100.0,[  9 208  10],[  0 220   0],18.027756377319946,0.0,100.0,[ 13  12 221],[  0   0 220],17.72004514666935,0.0,100.0
35,50,[204   1  17],[220   0   0],23.366642891095847,0.0,100.0,[  7 213  17],[  0 220   0],19.672315572906,0.0,100.0,[  7  13 212],[  0   0 220],16.792855623746664,0.0,100.0
35,51,[202  12  19],[220   0   0],28.792360097775937,0.0,100.0,[  9 234  18],[  0 220   0],24.515301344262525,0.0,100.0,[ 19  18 230],[  0   0 220],28.0178514522438,0.0,100.0
35,52,[232  12   3],[220   0   0],17.233687939614086,0.0,100.0,[  2 213   4],[  0 220   0],8.306623862918075,0.0,100.0,[  1  18 227],[  0   0 220],19.339079605813716,0.0,100.0
35,53,[233  10   5],[220   0   0],17.146428199482248,0.0,100.0,[  5 220   5],[  0 220   0],7.0710678118654755,0.0,100.0,[ 14  11 230],[  0   0 220],20.42057785666214,0.0,100.0
35,54,[208   2   4],[220   0   0],12.806248474865697,0.0,100.0,[  7 237   8],[  0 220   0],20.049937655763422,0.0,100.0,[ 11   5 208],[  0   0 220],17.029386365926403,0.0,100.0
35,55,[202  14  16],[220   0   0],27.85677655436824,0.0,100.0,[  0 215   7],[  0 220   0],8.602325267042627,0.0,100.0,[  5   2 232],[  0   0 220],13.152946437965905,0.0,100.0
35,56,[239   7  12],[220   0   0],23.53720459187964,0.0,100.0,[  4 218  16],[  0 220   0],16.61324772583615,0.0,100.0,[  5  18 209],[  0   0 220],21.6794833886788,0.0,100.0
35,57,[224  10   3],[220   0   0],11.180339887498949,0.0,100.0,[  0 203  15],[  0 220   0],22.67156809750927,0.0,100.0,[  4   8 239],[  0   0 220],21.0,0.0,100.0
35,58,[220   0   7],[220   0   0],7.0,0.0,100.0,[ 10 221  10],[  0 220   0],14.177446878757825,0.0,100.0,[  5   0 234],[  0   0 220],14.866068747318506,0.0,100.0
35,59,[209  15  19],[220   0   0],26.589471600616662,0.0,100.0,[  2 233  18],[  0 220   0],22.293496809607955,0.0,100.0,[  0   5 218],[  0   0 220],5.385164807134504,0.0,100.0
35,60,[219  17   5],[220   0   0],17.74823934929885,0.0,100.0,[ 10 224  16],[  0 220   0],19.28730152198591,0.0,100.0,[  7  13 235],[  0   0 220],21.047565179849187,0.0,100.0
35,61,[205  10  13],[220   0   0],22.22611077089287,0.0,100.0,[  2 222  19],[  0 220   0],19.209372712298546,0.0,100.0,[  4   7 231],[  0   0 220],13.638181696985855,0.0,100.0
35,62,[224   2  13],[220   0   0],13.74772708486752,0.0,100.0,[ 19 234   4],[  0 220   0],23.93741840717165,0.0,100.0,[ 15  10 233],[  0   0 220],22.22611077089287,0.0,100.0
35,63,[219  11  18],[220   0   0],21.118712081942874,0.0,100.0,[ 19 209   0],[  0 220   0],21.95449840010015,0.0,100.0,[ 16  16 212],[  0   0 220],24.0,0.0,100.0
36,0,[204   2  16],[220   0   0],22.715633383201094,0.0,100.0,[  7 218  19],[  0 220   0],20.346989949375804,0.0,100.0,[ 16   0 228],[  0   0 220],17.88854381999832,0.0,100.0
36,1,[204   8  15],[220   0   0],23.345235059857504,0.0,100.0,[ 16 206  17],[  0 220   0],27.2213151776324,0.0,100.0,[  1  16 213],[  0   0 220],17.4928556845359,0.0,100.0
36,2,[200  12   3],[220   0   0],23.515952032609693,0.0,100.0,[  3 222   6],[  0 220   0],7.0,0.0,100.0,[ 11   1 232],[  0   0 220],16.30950643030009,0.0,100.0
36,3,[208   5  12],[220   0   0],17.69180601295413,0.0,100.0,[  1 219  11],[  0 220   0],11.090536506409418,0.0,100.0,[  4  15 225],[  0   0 220],16.30950643030009,0.0,100.0
36,4,[204   3  18],[220   0   0],24.269322199023193,0.0,100.0,[  6 204  14],[  0 220   0],22.090722034374522,0.0,100.0,[  2  10 231],[  0   0 220],15.0,0.0,100.0
36,5,[224   9   1],[220   0   0],9.899494936611665,0.0,100.0,[  8 238  14],[  0 220   0],24.166091947189145,0.0,100.0,[ 19   1 208],[  0   0 220],22.494443758403985,0.0,100.0
36,6,[207   9   6],[220   0   0],16.911534525287763,0.0,100.0,[ 16 234   1],[  0 220   0],21.283796653792763,0.0,100.0,[  1  17 210],[  0   0 220],19.748417658131498,0.0,100.0
36,7,[224  13  16],[220   0   0],21.0,0.0,100.0,[  5 236  11],[  0 220   0],20.049937655763422,0.0,100.0,[  5   2 231],[  0   0 220],12.24744871391589,0.0,100.0
36,8,[237  16  19],[220   0   0],30.099833886584822,0.0,100.0,[  7 235   2],[  0 220   0],16.673332000533065,0.0,100.0,[  8   4 231],[  0   0 220],14.177446878757825,0.0,100.0
36,9,[224  15  12],[220   0   0],19.621416870348583,0.0,100.0,[  8 202  17],[  0 220   0],26.019223662515376,0.0,100.0,[ 15   8 228],[  0   0 220],18.788294228055936,0.0,100.0
36,10,[212  16   4],[220   0   0],18.33030277982336,0.0,100.0,[  8 221  18],[  0 220   0],19.72308292331602,0.0,100.0,[ 18   7 201],[  0   0 220],27.09243436828813,0.0,100.0
36,11,[215   1   0],[220   0   0],5.0990195135927845,0.0,100.0,[  4 234   8],[  0 220   0],16.61324772583615,0.0,100.0,[ 17  15 226],[  0   0 220],23.45207879911715,0.0,100.0
36,12,[238  19   2],[220   0   0],26.248809496813376,0.0,100.0,[  1 229  13],[  0 220   0],15.84297951775486,0.0,100.0,[ 16  15 221],[  0   0 220],21.95449840010015,0.0,100.0
36,13,[206  16   5],[220   0   0],21.840329667841555,0.0,100.0,[ 17 233   0],[  0 220   0],21.400934559032695,0.0,100.0,[  1   8 224],[  0   0 220],9.0,0.0,100.0
36,14,[208  17   8],[220   0   0],22.293496809607955,0.0,100.0,[ 18 230   8],[  0 220   0],22.090722034374522,0.0,100.0,[  8  14 230],[  0   0 220],18.973665961010276,0.0,100.0
36,15,[234   4   3],[220   0   0],14.866068747318506,0.0,100.0,[ 15 204  16],[  0 220   0],27.147743920996454,0.0,100.0,[ 12  18 213],[  0   0 220],22.737634001804146,0.0,100.0
36,16,[225  15   4],[220   0   0],16.30950643030009,0.0,100.0,[ 10 220   7],[  0 220   0],12.206555615733702,0.0,100.0,[ 19  19 213],[  0   0 220],27.76688675382964,0.0,100.0
36,17,[210   3   8],[220   0   0],13.152946437965905,0.0,100.0,[  5 226   5],[  0 220   0],9.273618495495704,0.0,100.0,[  0   1 223],[  0   0 220],3.1622776601683795,0.0,100.0
36,18,[233   5   2],[220   0   0],14.071247279470288,0.0,100.0,[  4 210   5],[  0 220   0],11.874342087037917,0.0,100.0,[ 19  17 209],[  0   0 220],27.76688675382964,0.0,100.0
36,19,[223  18  16],[220   0   0],24.269322199023193,0.0,100.0,[ 19 213  17],[  0 220   0],26.43860813280457,0.0,100.0,[  3   3 206],[  0   0 220],14.628738838327793,0.0,100.0
36,20,[217  15  15],[220   0   0],21.42428528562855,0.0,100.0,[  8 215   7],[  0 220   0],11.74734012447073,0.0,100.0,[  7   4 209],[  0   0 220],13.638181696985855,0.0,100.0
36,21,[238   6  17],[220   0   0],25.475478405713993,0.0,100.0,[ 17 211   7],[  0 220   0],20.46948949045872,0.0,100.0,[  8   3 223],[  0   0 220],9.055385138137417,0.0,100.0
36,22,[211  12   7],[220   0   0],16.55294535724685,0.0,100.0,[  1 211   7],[  0 220   0],11.445523142259598,0.0,100.0,[  4   0 223],[  0   0 220],5.0,0.0,100.0
36,23,[209  17  11],[220   0   0],23.043437243605826,0.0,100.0,[ 11 208   6],[  0 220   0],17.349351572897472,0.0,100.0,[ 12  19 201],[  0   0 220],29.427877939124322,0.0,100.0
36,24,[223   4  12],[220   0   0],13.0,0.0,100.0,[  2 230  13],[  0 220   0],16.522711641858304,0.0,100.0,[ 15   6 211],[  0   0 220],18.49324200890693,0.0,100.0
36,25,[227  13  19],[220   0   0],24.06241883103193,0.0,100.0,[ 11 216  15],[  0 220   0],19.026297590440446,0.0,100.0,[ 14   9 227],[  0   0 220],18.05547008526779,0.0,100.0
36,26,[210   7   7],[220   0   0],14.071247279470288,0.0,100.0,[ 13 204  17],[  0 220   0],26.720778431774775,0.0,100.0,[  2  17 205],[  0   0 220],22.759613353482084,0.0,100.0
36,27,[235   5   6],[220   0   0],16.911534525287763,0.0,100.0,[  0 204   1],[  0 220   0],16.0312195418814,0.0,100.0,[ 16   7 239],[  0   0 220],25.80697580112788,0.0,100.0
36,28,[215  10  12],[220   0   0],16.401219466856727,0.0,100.0,[ 19 227   4],[  0 220   0],20.639767440550294,0.0,100.0,[  6  17 236],[  0   0 220],24.1039415863879,0.0,100.0
36,29,[231  17  18],[220   0   0],27.09243436828813,0.0,100.0,[  0 236   4],[  0 220   0],16.492422502470642,0.0,100.0,[ 14  16 219],[  0   0 220],21.283796653792763,0.0,100.0
36,30,[207  16   4],[220   0   0],21.0,0.0,100.0,[ 15 215   2],[  0 220   0],15.937377450509228,0.0,100.0,[ 12   0 226],[  0   0 220],13.416407864998739,0.0,100.0
36,31,[222   7   5],[220   0   0],8.831760866327848,0.0,100.0,[ 11 209  12],[  0 220   0],19.6468827043885,0.0,100.0,[  2  16 227],[  0   0 220],17.578395831246947,0.0,100.0
36,32,[232   4  11],[220   0   0],16.76305461424021,0.0,100.0,[  2 201  14],[  0 220   0],23.68543856465402,0.0,100.0,[  0  12 224],[  0   0 220],12.649110640673518,0.0,100.0
36,33,[209   5  13],[220   0   0],17.74823934929885,0.0,100.0,[ 16 204   0],[  0 220   0],22.627416997969522,0.0,100.0,[ 16  15 233],[  0   0 220],25.495097567963924,0.0,100.0
36,34,[234  10   1],[220   0   0],17.233687939614086,0.0,100.0,[ 11 227   0],[  0 220   0],13.038404810405298,0.0,100.0,[ 11   0 209],[  0   0 220],15.556349186104045,0.0,100.0
36,35,[223  15  18],[220   0   0],23.62202362203543,0.0,100.0,[  5 226   1],[  0 220   0],7.874007874011811,0.0,100.0,[  6  13 216],[  0   0 220],14.866068747318506,0.0,100.0
36,36,[202  12   0],[220   0   0],21.633307652783937,0.0,100.0,[ 12 238  12],[  0 220   0],24.73863375370596,0.0,100.0,[ 16  10 217],[  0   0 220],19.1049731745428,0.0,100.0
36,37,[204   9  19],[220   0   0],26.419689627245813,0.0,100.0,[ 11 221  14],[  0 220   0],17.832554500127006,0.0,100.0,[  2  13 216],[  0   0 220],13.74772708486752,0.0,100.0
36,38,[226  13  19],[220   0   0],23.790754506740637,0.0,100.0,[  8 217   6],[  0 220   0],10.44030650891055,0.0,100.0,[ 18   3 239],[  0   0 220],26.343879744638983,0.0,100.0
36,39,[218   6  12],[220   0   0],13.564659966250536,0.0,100.0,[ 10 234  10],[  0 220   0],19.8997487421324,0.0,100.0,[  5   2 221],[  0   0 220],5.477225575051661,0.0,100.0
36,40,[237  13  14],[220   0   0],25.573423705088842,0.0,100.0,[ 11 214  16],[  0 220   0],20.322401432901575,0.0,100.0,[ 17  13 212],[  0   0 220],22.847319317591726,0.0,100.0
36,41,[232  13   6],[220   0   0],18.681541692269406,0.0,100.0,[  2 211   0],[  0 220   0],9.219544457292887,0.0,100.0,[ 13   8 221],[  0   0 220],15.297058540778355,0.0,100.0
36,42,[204  10  14],[220   0   0],23.49468024894146,0.0,100.0,[  5 205  14],[  0 220   0],21.118712081942874,0.0,100.0,[  5  11 221],[  0   0 220],12.12435565298214,0.0,100.0
36,43,[210   3   8],[220   0   0],13.152946437965905,0.0,100.0,[ 13 216   5],[  0 220   0],14.491376746189438,0.0,100.0,[  6  18 215],[  0   0 220],19.621416870348583,0.0,100.0
36,44,[200   4   0],[220   0   0],20.396078054371138,0.0,100.0,[  0 236   6],[  0 220   0],17.08800749063506,0.0,100.0,[  6   1 223],[  0   0 220],6.782329983125268,0.0,100.0
36,45,[221  17  19],[220   0   0],25.514701644346147,0.0,100.0,[ 19 204   8],[  0 220   0],26.095976701399778,0.0,100.0,[  0   5 215],[  0   0 220],7.0710678118654755,0.0,100.0
36,46,[205  10  15],[220   0   0],23.45207879911715,0.0,100.0,[ 14 213  19],[  0 220   0],24.61706725018234,0.0,100.0,[  4  16 223],[  0   0 220],16.76305461424021,0.0,100.0
36,47,[224  12  15],[220   0   0],19.621416870348583,0.0,100.0,[  5 239  15],[  0 220   0],24.71841418861655,0.0,100.0,[ 16  19 238],[  0   0 220],30.675723300355934,0.0,100.0
36,48,[219   4  12],[220   0   0],12.68857754044952,0.0,100.0,[  6 239   7],[  0 220   0],21.118712081942874,0.0,100.0,[ 12  19 227],[  0   0 220],23.53720459187964,0.0,100.0
36,49,[201   3  18],[220   0   0],26.343879744638983,0.0,100.0,[ 12 214  16],[  0 220   0],20.8806130178211,0.0,100.0,[ 13   6 230],[  0   0 220],17.46424919657298,0.0,100.0
36,50,[234   4  14],[220   0   0],20.199009876724155,0.0,100.0,[  4 224   0],[  0 220   0],5.656854249492381,0.0,100.0,[  4   9 206],[  0   0 220],17.11724276862369,0.0,100.0
36,51,[230  14   9],[220   0   0],19.4164878389476,0.0,100.0,[ 13 217   7],[  0 220   0],15.066519173319364,0.0,100.0,[  2  19 227],[  0   0 220],20.346989949375804,0.0,100.0
36,52,[204   1  13],[220   0   0],20.639767440550294,0.0,100.0,[  3 205   5],[  0 220   0],16.09347693943108,0.0,100.0,[ 14  14 238],[  0   0 220],26.758176320519304,0.0,100.0
36,53,[215  19   6],[220   0   0],20.54263858417414,0.0,100.0,[  7 206   1],[  0 220   0],15.684387141358123,0.0,100.0,[ 16   4 225],[  0   0 220],17.233687939614086,0.0,100.0
36,54,[235   2   3],[220   0   0],15.427248620541512,0.0,100.0,[ 17 200   9],[  0 220   0],27.748873851023216,0.0,100.0,[  6   4 205],[  0   0 220],16.64331697709324,0.0,100.0
36,55,[221  15  17],[220   0   0],22.693611435820433,0.0,100.0,[ 17 223   0],[  0 220   0],17.26267650163207,0.0,100.0,[ 15  15 220],[  0   0 220],21.213203435596427,0.0,100.0
36,56,[223  19  19],[220   0   0],27.03701166919155,0.0,100.0,[ 17 207  15],[  0 220   0],26.13426869074396,0.0,100.0,[  4   9 221],[  0   0 220],9.899494936611665,0.0,100.0
36,57,[214   7   6],[220   0   0],11.0,0.0,100.0,[  2 207  14],[  0 220   0],19.209372712298546,0.0,100.0,[  5  18 202],[  0   0 220],25.942243542145693,0.0,100.0
36,58,[223  19  16],[220   0   0],25.019992006393608,0.0,100.0,[ 14 226   4],[  0 220   0],15.748015748023622,0.0,100.0,[ 15   0 215],[  0   0 220],15.811388300841896,0.0,100.0
36,59,[229   5  18],[220   0   0],20.73644135332772,0.0,100.0,[ 19 208   0],[  0 220   0],22.47220505424423,0.0,100.0,[  8  14 209],[  0   0 220],19.519221295943137,0.0,100.0
36,60,[219  10  17],[220   0   0],19.748417658131498,0.0,100.0,[ 17 208   2],[  0 220   0],20.904544960366874,0.0,100.0,[  7  16 222],[  0   0 220],17.578395831246947,0.0,100.0
36,61,[229   2   5],[220   0   0],10.488088481701515,0.0,100.0,[  0 239   8],[  0 220   0],20.615528128088304,0.0,100.0,[ 15  17 225],[  0   0 220],23.2163735324878,0.0,100.0
36,62,[234  17   1],[220   0   0],22.045407685048602,0.0,100.0,[  4 200  12],[  0 220   0],23.664319132398465,0.0,100.0,[  0  19 232],[  0   0 220],22.47220505424423,0.0,100.0
36,63,[226  15  14],[220   0   0],21.37755832643195,0.0,100.0,[ 11 207  12],[  0 220   0],20.83266665599966,0.0,100.0,[  0  15 216],[  0   0 220],15.524174696260024,0.0,100.0
37,0,[237  13   1],[220   0   0],21.42428528562855,0.0,100.0,[ 17 232  19],[  0 220   0],28.178005607210743,0.0,100.0,[  4   9 220],[  0   0 220],9.848857801796104,0.0,100.0
37,1,[206  13  19],[220   0   0],26.94438717061496,0.0,100.0,[  0 229  11],[  0 220   0],14.212670403551895,0.0,100.0,[  2  15 200],[  0   0 220],25.079872407968907,0.0,100.0
37,2,[234  15  16],[220   0   0],26.019223662515376,0.0,100.0,[  6 215   8],[  0 220   0],11.180339887498949,0.0,100.0,[ 10   0 200],[  0   0 220],22.360679774997898,0.0,100.0
37,3,[210   8   2],[220   0   0],12.96148139681572,0.0,100.0,[  6 220   9],[  0 220   0],10.816653826391969,0.0,100.0,[ 14  18 214],[  0   0 220],23.57965224510319,0.0,100.0
37,4,[203   9   0],[220   0   0],19.235384061671343,0.0,100.0,[ 13 211   0],[  0 220   0],15.811388300841896,0.0,100.0,[ 16   5 213],[  0   0 220],18.16590212458495,0.0,100.0
37,5,[228   5  19],[220   0   0],21.213203435596427,0.0,100.0,[  7 224   5],[  0 220   0],9.486832980505138,0.0,100.0,[  0   1 219],[  0   0 220],1.4142135623730951,0.0,100.0
37,6,[215   2   7],[220   0   0],8.831760866327848,0.0,100.0,[ 13 208   6],[  0 220   0],18.681541692269406,0.0,100.0,[ 18  12 217],[  0   0 220],21.840329667841555,0.0,100.0
37,7,[232   7  10],[220   0   0],17.11724276862369,0.0,100.0,[  1 205  10],[  0 220   0],18.05547008526779,0.0,100.0,[  5   1 203],[  0   0 220],17.74823934929885,0.0,100.0
37,8,[213   4   9],[220   0   0],12.083045973594572,0.0,100.0,[ 15 204  10],[  0 220   0],24.1039415863879,0.0,100.0,[  1   1 223],[  0   0 220],3.3166247903554,0.0,100.0
37,9,[225  12  13],[220   0   0],18.384776310850235,0.0,100.0,[  8 228   7],[  0 220   0],13.30413469565007,0.0,100.0,[ 18  12 209],[  0   0 220],24.269322199023193,0.0,100.0
37,10,[229   7   6],[220   0   0],12.884098726725126,0.0,100.0,[  9 206   1],[  0 220   0],16.673332000533065,0.0,100.0,[ 12  11 239],[  0   0 220],25.019992006393608,0.0,100.0
37,11,[230  11   8],[220   0   0],16.881943016134134,0.0,100.0,[  8 229   0],[  0 220   0],12.041594578792296,0.0,100.0,[ 11   4 205],[  0   0 220],19.026297590440446,0.0,100.0
37,12,[229  17   0],[220   0   0],19.235384061671343,0.0,100.0,[ 17 200   0],[  0 220   0],26.248809496813376,0.0,100.0,[ 13   9 217],[  0   0 220],16.09347693943108,0.0,100.0
37,13,[228  13   6],[220   0   0],16.401219466856727,0.0,100.0,[  4 230   0],[  0 220   0],10.770329614269007,0.0,100.0,[ 19   8 220],[  0   0 220],20.615528128088304,0.0,100.0
37,14,[222   5   5],[220   0   0],7.3484692283495345,0.0,100.0,[ 17 232   1],[  0 220   0],20.83266665599966,0.0,100.0,[ 10   4 214],[  0   0 220],12.328828005937952,0.0,100.0
37,15,[230  18   2],[220   0   0],20.688160865577203,0.0,100.0,[ 14 229  13],[  0 220   0],21.118712081942874,0.0,100.0,[  0   6 231],[  0   0 220],12.529964086141668,0.0,100.0
37,16,[224   2   4],[220   0   0],6.0,0.0,100.0,[ 11 225  18],[  0 220   0],21.6794833886788,0.0,100.0,[ 18  19 208],[  0   0 220],28.792360097775937,0.0,100.0
37,17,[230  12   5],[220   0   0],16.401219466856727,0.0,100.0,[ 19 214  10],[  0 220   0],22.293496809607955,0.0,100.0,[ 15   0 220],[  0   0 220],15.0,0.0,100.0
37,18,[208   0   5],[220   0   0],13.0,0.0,100.0,[ 16 208   9],[  0 220   0],21.93171219946131,0.0,100.0,[  1  12 216],[  0   0 220],12.68857754044952,0.0,100.0
37,19,[226  14  11],[220   0   0],18.788294228055936,0.0,100.0,[  1 221  17],[  0 220   0],17.05872210923198,0.0,100.0,[  5   5 203],[  0   0 220],18.411952639521967,0.0,100.0
37,20,[213   0   5],[220   0   0],8.602325267042627,0.0,100.0,[  4 214   2],[  0 220   0],7.483314773547883,0.0,100.0,[  6  18 221],[  0   0 220],19.0,0.0,100.0
37,21,[237   7   6],[220   0   0],19.339079605813716,0.0,100.0,[ 14 214  17],[  0 220   0],22.825424421026653,0.0,100.0,[ 11  14 221],[  0   0 220],17.832554500127006,0.0,100.0
37,22,[213   2  15],[220   0   0],16.673332000533065,0.0,100.0,[  9 237   1],[  0 220   0],19.261360284258224,0.0,100.0,[  9   9 238],[  0   0 220],22.045407685048602,0.0,100.0
37,23,[201   0  10],[220   0   0],21.470910553583888,0.0,100.0,[  5 233  16],[  0 220   0],21.213203435596427,0.0,100.0,[ 18  15 225],[  0   0 220],23.958297101421877,0.0,100.0
37,24,[208   4  17],[220   0   0],21.18962010041709,0.0,100.0,[  0 239  11],[  0 220   0],21.95449840010015,0.0,100.0,[  6  11 208],[  0   0 220],17.349351572897472,0.0,100.0
37,25,[222  11  18],[220   0   0],21.18962010041709,0.0,100.0,[  7 232  19],[  0 220   0],23.53720459187964,0.0,100.0,[ 11  11 232],[  0   0 220],19.6468827043885,0.0,100.0
37,26,[203   9  19],[220   0   0],27.03701166919155,0.0,100.0,[  6 227  11],[  0 220   0],14.352700094407323,0.0,100.0,[  4   4 231],[  0   0 220],12.36931687685298,0.0,100.0
37,27,[234   6   7],[220   0   0],16.76305461424021,0.0,100.0,[  8 236  14],[  0 220   0],22.715633383201094,0.0,100.0,[ 18  12 224],[  0   0 220],22.0,0.0,100.0
37,28,[224  16  16],[220   0   0],22.978250586152114,0.0,100.0,[ 19 234  16],[  0 220   0],28.513154858766505,0.0,100.0,[ 16   9 229],[  0   0 220],20.445048300260872,0.0,100.0
37,29,[236   7  10],[220   0   0],20.12461179749811,0.0,100.0,[  3 221  18],[  0 220   0],18.275666882497067,0.0,100.0,[ 13  15 208],[  0   0 220],23.194827009486403,0.0,100.0
37,30,[216  17  13],[220   0   0],21.77154105707724,0.0,100.0,[ 19 235   1],[  0 220   0],24.228082879171435,0.0,100.0,[ 16   9 201],[  0   0 220],26.419689627245813,0.0,100.0
37,31,[236   8   1],[220   0   0],17.916472867168917,0.0,100.0,[ 13 204   2],[  0 220   0],20.71231517720798,0.0,100.0,[ 19   9 235],[  0   0 220],25.826343140289914,0.0,100.0
37,32,[209   4   7],[220   0   0],13.638181696985855,0.0,100.0,[  3 224   6],[  0 220   0],7.810249675906654,0.0,100.0,[  0  10 213],[  0   0 220],12.206555615733702,0.0,100.0
37,33,[226   4  14],[220   0   0],15.748015748023622,0.0,100.0,[  6 200  10],[  0 220   0],23.15167380558045,0.0,100.0,[  2  13 220],[  0   0 220],13.152946437965905,0.0,100.0
37,34,[217   5  10],[220   0   0],11.575836902790225,0.0,100.0,[ 15 201   0],[  0 220   0],24.20743687382041,0.0,100.0,[  3  16 220],[  0   0 220],16.278820596099706,0.0,100.0
37,35,[215   1  16],[220   0   0],16.792855623746664,0.0,100.0,[ 10 233  17],[  0 220   0],23.62202362203543,0.0,100.0,[ 15   6 223],[  0   0 220],16.431676725154983,0.0,100.0
37,36,[228  12   2],[220   0   0],14.560219778561036,0.0,100.0,[ 16 233   3],[  0 220   0],20.83266665599966,0.0,100.0,[  1   1 229],[  0   0 220],9.1104335791443,0.0,100.0
37,37,[226   7  11],[220   0   0],14.352700094407323,0.0,100.0,[ 15 232   4],[  0 220   0],19.621416870348583,0.0,100.0,[ 11  17 205],[  0   0 220],25.199206336708304,0.0,100.0
37,38,[223   0  17],[220   0   0],17.26267650163207,0.0,100.0,[  4 207   4],[  0 220   0],14.177446878757825,0.0,100.0,[  9   5 223],[  0   0 220],10.723805294763608,0.0,100.0
37,39,[235   7   7],[220   0   0],17.97220075561143,0.0,100.0,[ 18 209  17],[  0 220   0],27.09243436828813,0.0,100.0,[  2   2 220],[  0   0 220],2.8284271247461903,0.0,100.0
37,40,[228   7   6],[220   0   0],12.206555615733702,0.0,100.0,[  5 220   2],[  0 220   0],5.385164807134504,0.0,100.0,[  3   1 214],[  0   0 220],6.782329983125268,0.0,100.0
37,41,[219  16   8],[220   0   0],17.916472867168917,0.0,100.0,[ 17 204   8],[  0 220   0],24.677925358506133,0.0,100.0,[ 12   0 225],[  0   0 220],13.0,0.0,100.0
37,42,[203  13   8],[220   0   0],22.847319317591726,0.0,100.0,[  7 212   8],[  0 220   0],13.30413469565007,0.0,100.0,[  1  10 224],[  0   0 220],10.816653826391969,0.0,100.0
37,43,[230   7  10],[220   0   0],15.7797338380595,0.0,100.0,[ 17 232   7],[  0 220   0],21.95449840010015,0.0,100.0,[  0  16 210],[  0   0 220],18.867962264113206,0.0,100.0
37,44,[203   0   6],[220   0   0],18.027756377319946,0.0,100.0,[ 17 205  12],[  0 220   0],25.65151067676132,0.0,100.0,[ 14   5 233],[  0   0 220],19.748417658131498,0.0,100.0
37,45,[213   5  14],[220   0   0],16.431676725154983,0.0,100.0,[ 15 226  12],[  0 220   0],20.12461179749811,0.0,100.0,[ 11   3 206],[  0   0 220],18.05547008526779,0.0,100.0
37,46,[238  17   7],[220   0   0],25.729360660537214,0.0,100.0,[  3 239  10],[  0 220   0],21.6794833886788,0.0,100.0,[  3  14 210],[  0   0 220],17.46424919657298,0.0,100.0
37,47,[225   4  13],[220   0   0],14.491376746189438,0.0,100.0,[  9 218   9],[  0 220   0],12.884098726725126,0.0,100.0,[  4  11 219],[  0   0 220],11.74734012447073,0.0,100.0
37,48,[200  16  14],[220   0   0],29.189039038652847,0.0,100.0,[ 15 210   0],[  0 220   0],18.027756377319946,0.0,100.0,[  3   2 220],[  0   0 220],3.605551275463989,0.0,100.0
37,49,[239   2  10],[220   0   0],21.563858652847824,0.0,100.0,[  5 213   8],[  0 220   0],11.74734012447073,0.0,100.0,[ 13   9 205],[  0   0 220],21.79449471770337,0.0,100.0
37,50,[201   9  12],[220   0   0],24.20743687382041,0.0,100.0,[  4 218  12],[  0 220   0],12.806248474865697,0.0,100.0,[ 12  10 235],[  0   0 220],21.656407827707714,0.0,100.0
37,51,[211   0  10],[220   0   0],13.45362404707371,0.0,100.0,[  7 220  12],[  0 220   0],13.892443989449804,0.0,100.0,[ 15   3 223],[  0   0 220],15.588457268119896,0.0,100.0
37,52,[211  15   9],[220   0   0],19.672315572906,0.0,100.0,[  2 207  16],[  0 220   0],20.71231517720798,0.0,100.0,[ 15   8 208],[  0   0 220],20.808652046684813,0.0,100.0
37,53,[227  10   3],[220   0   0],12.569805089976535,0.0,100.0,[  8 217  15],[  0 220   0],17.26267650163207,0.0,100.0,[  7   9 223],[  0   0 220],11.789826122551595,0.0,100.0
37,54,[203  12   7],[220   0   0],21.95449840010015,0.0,100.0,[  7 223  13],[  0 220   0],15.066519173319364,0.0,100.0,[ 13   2 234],[  0   0 220],19.209372712298546,0.0,100.0
37,55,[203  16  18],[220   0   0],29.478805945967352,0.0,100.0,[ 13 222   9],[  0 220   0],15.937377450509228,0.0,100.0,[ 10   6 211],[  0   0 220],14.730919862656235,0.0,100.0
37,56,[202  15   4],[220   0   0],23.769728648009426,0.0,100.0,[  2 238   0],[  0 220   0],18.110770276274835,0.0,100.0,[  2  16 225],[  0   0 220],16.881943016134134,0.0,100.0
37,57,[236  13   2],[220   0   0],20.71231517720798,0.0,100.0,[ 17 211   2],[  0 220   0],19.339079605813716,0.0,100.0,[ 19   3 221],[  0   0 220],19.261360284258224,0.0,100.0
37,58,[225  19   7],[220   0   0],20.85665361461421,0.0,100.0,[  7 227  19],[  0 220   0],21.42428528562855,0.0,100.0,[ 10   2 237],[  0   0 220],19.82422760159901,0.0,100.0
37,59,[206   6   2],[220   0   0],15.362291495737216,0.0,100.0,[  4 231  13],[  0 220   0],17.4928556845359,0.0,100.0,[ 17  19 235],[  0   0 220],29.58039891549808,0.0,100.0
37,60,[235   8   2],[220   0   0],17.11724276862369,0.0,100.0,[ 11 206  19],[  0 220   0],26.038433132583073,0.0,100.0,[ 11  11 223],[  0   0 220],15.84297951775486,0.0,100.0
37,61,[206   3  13],[220   0   0],19.339079605813716,0.0,100.0,[ 11 202   6],[  0 220   0],21.93171219946131,0.0,100.0,[  2   6 219],[  0   0 220],6.4031242374328485,0.0,100.0
37,62,[200   5   4],[220   0   0],21.0,0.0,100.0,[ 13 233   8],[  0 220   0],20.049937655763422,0.0,100.0,[ 11  19 230],[  0   0 220],24.124676163629637,0.0,100.0
37,63,[222   5   2],[220   0   0],5.744562646538029,0.0,100.0,[ 11 226  18],[  0 220   0],21.93171219946131,0.0,100.0,[  5  14 225],[  0   0 220],15.684387141358123,0.0,100.0
38,0,[226   1  13],[220   0   0],14.352700094407323,0.0,100.0,[ 10 236   5],[  0 220   0],19.519221295943137,0.0,100.0,[ 19  14 234],[  0   0 220],27.440845468024488,0.0,100.0
38,1,[218   2  10],[220   0   0],10.392304845413264,0.0,100.0,[ 11 207  11],[  0 220   0],20.273134932713294,0.0,100.0,[ 18  12 224],[  0   0 220],22.0,0.0,100.0
38,2,[200  10  17],[220   0   0],28.089143810376278,0.0,100.0,[  4 232  14],[  0 220   0],18.867962264113206,0.0,100.0,[ 19  13 221],[  0   0 220],23.043437243605826,0.0,100.0
38,3,[207  15   5],[220   0   0],20.46948949045872,0.0,100.0,[ 10 216   8],[  0 220   0],13.416407864998739,0.0,100.0,[ 13  15 209],[  0   0 220],22.693611435820433,0.0,100.0
38,4,[232  13   1],[220   0   0],17.72004514666935,0.0,100.0,[ 14 214  14],[  0 220   0],20.688160865577203,0.0,100.0,[  8   9 236],[  0   0 220],20.024984394500787,0.0,100.0
38,5,[222   9  18],[220   0   0],20.223748416156685,0.0,100.0,[  0 218   4],[  0 220   0],4.47213595499958,0.0,100.0,[ 15  17 229],[  0   0 220],24.392621835300936,0.0,100.0
38,6,[235  13  12],[220   0   0],23.194827009486403,0.0,100.0,[  3 206  10],[  0 220   0],17.46424919657298,0.0,100.0,[ 18  19 213],[  0   0 220],27.09243436828813,0.0,100.0
38,7,[215  18   8],[220   0   0],20.322401432901575,0.0,100.0,[  0 208  15],[  0 220   0],19.209372712298546,0.0,100.0,[  8  10 233],[  0   0 220],18.24828759089466,0.0,100.0
38,8,[231  13  15],[220   0   0],22.693611435820433,0.0,100.0,[  3 201   9],[  0 220   0],21.236760581595302,0.0,100.0,[ 15  14 207],[  0   0 220],24.289915602982237,0.0,100.0
38,9,[239   2   5],[220   0   0],19.748417658131498,0.0,100.0,[  3 213   9],[  0 220   0],11.789826122551595,0.0,100.0,[  0   1 206],[  0   0 220],14.035668847618199,0.0,100.0
38,10,[202  16  19],[220   0   0],30.675723300355934,0.0,100.0,[ 11 231   9],[  0 220   0],17.97220075561143,0.0,100.0,[  2   8 211],[  0   0 220],12.206555615733702,0.0,100.0
38,11,[225  16  18],[220   0   0],24.596747752497688,0.0,100.0,[ 17 218  10],[  0 220   0],19.82422760159901,0.0,100.0,[  7   4 212],[  0   0 220],11.357816691600547,0.0,100.0
38,12,[223   7  12],[220   0   0],14.212670403551895,0.0,100.0,[  6 223   6],[  0 220   0],9.0,0.0,100.0,[  3   7 207],[  0   0 220],15.066519173319364,0.0,100.0
38,13,[216   6   8],[220   0   0],10.770329614269007,0.0,100.0,[  2 234   6],[  0 220   0],15.362291495737216,0.0,100.0,[ 17   4 211],[  0   0 220],19.6468827043885,0.0,100.0
38,14,[215   7   8],[220   0   0],11.74734012447073,0.0,100.0,[  3 202  13],[  0 220   0],22.40535650240808,0.0,100.0,[  9   1 201],[  0   0 220],21.047565179849187,0.0,100.0
38,15,[214   0   7],[220   0   0],9.219544457292887,0.0,100.0,[  7 223  11],[  0 220   0],13.379088160259652,0.0,100.0,[ 15  12 237],[  0   0 220],25.65151067676132,0.0,100.0
38,16,[218  10  16],[220   0   0],18.973665961010276,0.0,100.0,[  4 204   4],[  0 220   0],16.97056274847714,0.0,100.0,[  3  17 200],[  0   0 220],26.419689627245813,0.0,100.0
38,17,[233  13  17],[220   0   0],25.03996805109783,0.0,100.0,[  2 212   2],[  0 220   0],8.48528137423857,0.0,100.0,[  6   4 202],[  0   0 220],19.390719429665317,0.0,100.0
38,18,[227   6  11],[220   0   0],14.352700094407323,0.0,100.0,[ 17 202  12],[  0 220   0],27.51363298439521,0.0,100.0,[ 14  15 227],[  0   0 220],21.6794833886788,0.0,100.0
38,19,[231  14  10],[220   0   0],20.42057785666214,0.0,100.0,[  4 224   5],[  0 220   0],7.54983443527075,0.0,100.0,[ 16  11 238],[  0   0 220],26.476404589747453,0.0,100.0
38,20,[221   3   5],[220   0   0],5.916079783099616,0.0,100.0,[  2 215  14],[  0 220   0],15.0,0.0,100.0,[ 14  12 206],[  0   0 220],23.15167380558045,0.0,100.0
38,21,[212   5   6],[220   0   0],11.180339887498949,0.0,100.0,[  0 213  12],[  0 220   0],13.892443989449804,0.0,100.0,[  8  13 206],[  0   0 220],20.71231517720798,0.0,100.0
38,22,[210   2  19],[220   0   0],21.563858652847824,0.0,100.0,[ 15 215  16],[  0 220   0],22.494443758403985,0.0,100.0,[ 11  16 214],[  0   0 220],20.322401432901575,0.0,100.0
38,23,[211   9  10],[220   0   0],16.186414056238647,0.0,100.0,[  2 220   4],[  0 220   0],4.47213595499958,0.0,100.0,[ 17  11 206],[  0   0 220],24.61706725018234,0.0,100.0
38,24,[221  13   9],[220   0   0],15.84297951775486,0.0,100.0,[ 16 234   6],[  0 220   0],22.090722034374522,0.0,100.0,[ 13  14 223],[  0   0 220],19.339079605813716,0.0,100.0
38,25,[215   8   8],[220   0   0],12.36931687685298,0.0,100.0,[ 18 217   4],[  0 220   0],18.681541692269406,0.0,100.0,[ 13  18 208],[  0   0 220],25.238858928247925,0.0,100.0
38,26,[235  14  11],[220   0   0],23.280893453645632,0.0,100.0,[ 15 231   1],[  0 220   0],18.627936010197157,0.0,100.0,[ 12  16 215],[  0   0 220],20.615528128088304,0.0,100.0
38,27,[236  13  14],[220   0   0],24.919871588754223,0.0,100.0,[ 12 239  12],[  0 220   0],25.475478405713993,0.0,100.0,[  0   8 228],[  0   0 220],11.313708498984761,0.0,100.0
38,28,[203  13   5],[220   0   0],21.97726097583591,0.0,100.0,[ 17 228  13],[  0 220   0],22.847319317591726,0.0,100.0,[  0   0 218],[  0   0 220],2.0,0.0,100.0
38,29,[224   4   5],[220   0   0],7.54983443527075,0.0,100.0,[ 16 214   4],[  0 220   0],17.549928774784245,0.0,100.0,[ 13  11 222],[  0   0 220],17.146428199482248,0.0,100.0
38,30,[203  16  10],[220   0   0],25.39685019840059,0.0,100.0,[  0 210  10],[  0 220   0],14.142135623730951,0.0,100.0,[  5   2 202],[  0   0 220],18.788294228055936,0.0,100.0
38,31,[230   7   7],[220   0   0],14.071247279470288,0.0,100.0,[ 13 233   4],[  0 220   0],18.81488772222678,0.0,100.0,[ 15   7 216],[  0   0 220],17.029386365926403,0.0,100.0
38,32,[208   0  19],[220   0   0],22.47220505424423,0.0,100.0,[ 18 225   4],[  0 220   0],19.1049731745428,0.0,100.0,[  6  16 200],[  0   0 220],26.30589287593181,0.0,100.0
38,33,[207  12  18],[220   0   0],25.238858928247925,0.0,100.0,[  4 232  16],[  0 220   0],20.396078054371138,0.0,100.0,[ 15  16 236],[  0   0 220],27.147743920996454,0.0,100.0
38,34,[228   6   7],[220   0   0],12.206555615733702,0.0,100.0,[ 19 220   0],[  0 220   0],19.0,0.0,100.0,[ 11  10 231],[  0   0 220],18.49324200890693,0.0,100.0
38,35,[215  13  11],[220   0   0],17.74823934929885,0.0,100.0,[ 14 208   4],[  0 220   0],18.867962264113206,0.0,100.0,[ 15   6 207],[  0   0 220],20.73644135332772,0.0,100.0
38,36,[228  19  18],[220   0   0],27.367864366808018,0.0,100.0,[  3 231  17],[  0 220   0],20.46948949045872,0.0,100.0,[  7   7 203],[  0   0 220],19.672315572906,0.0,100.0
38,37,[226   2   0],[220   0   0],6.324555320336759,0.0,100.0,[ 13 232   9],[  0 220   0],19.849433241279208,0.0,100.0,[  9   9 237],[  0   0 220],21.236760581595302,0.0,100.0
38,38,[210   6   8],[220   0   0],14.142135623730951,0.0,100.0,[  0 219   8],[  0 220   0],8.06225774829855,0.0,100.0,[ 18  15 234],[  0   0 220],27.294688127912362,0.0,100.0
38,39,[234   9  17],[220   0   0],23.790754506740637,0.0,100.0,[ 18 238  10],[  0 220   0],27.349588662354687,0.0,100.0,[ 11   9 231],[  0   0 220],17.97220075561143,0.0,100.0
38,40,[209  14  14],[220   0   0],22.64950330581225,0.0,100.0,[  7 235  17],[  0 220   0],23.727621035409346,0.0,100.0,[  3   5 234],[  0   0 220],15.165750888103101,0.0,100.0
38,41,[214  10   3],[220   0   0],12.041594578792296,0.0,100.0,[  6 234   7],[  0 220   0],16.76305461424021,0.0,100.0,[  4  18 227],[  0   0 220],19.72308292331602,0.0,100.0
38,42,[208  17  13],[220   0   0],24.535688292770594,0.0,100.0,[  9 201  10],[  0 220   0],23.280893453645632,0.0,100.0,[ 11   4 239],[  0   0 220],22.315913604421397,0.0,100.0
38,43,[234  17   3],[220   0   0],22.22611077089287,0.0,100.0,[ 14 234   9],[  0 220   0],21.748563170931547,0.0,100.0,[  8  15 208],[  0   0 220],20.808652046684813,0.0,100.0
38,44,[219  19   7],[220   0   0],20.273134932713294,0.0,100.0,[  7 227   4],[  0 220   0],10.677078252031311,0.0,100.0,[ 13  15 206],[  0   0 220],24.289915602982237,0.0,100.0
38,45,[211   6   1],[220   0   0],10.862780491200215,0.0,100.0,[ 12 239   2],[  0 220   0],22.561028345356956,0.0,100.0,[  8   5 209],[  0   0 220],14.491376746189438,0.0,100.0
38,46,[230   0  13],[220   0   0],16.401219466856727,0.0,100.0,[ 19 220   4],[  0 220   0],19.4164878389476,0.0,100.0,[ 12  13 232],[  0   0 220],21.37755832643195,0.0,100.0
38,47,[214  19  15],[220   0   0],24.939927826679853,0.0,100.0,[  1 225  12],[  0 220   0],13.038404810405298,0.0,100.0,[ 10  18 229],[  0   0 220],22.47220505424423,0.0,100.0
38,48,[203  11   2],[220   0   0],20.346989949375804,0.0,100.0,[ 15 237  15],[  0 220   0],27.184554438136374,0.0,100.0,[  3   6 212],[  0   0 220],10.44030650891055,0.0,100.0
38,49,[218  16   5],[220   0   0],16.881943016134134,0.0,100.0,[  2 207  14],[  0 220   0],19.209372712298546,0.0,100.0,[ 16  13 230],[  0   0 220],22.9128784747792,0.0,100.0
38,50,[210   8   9],[220   0   0],15.652475842498529,0.0,100.0,[  7 225  17],[  0 220   0],19.05255888325765,0.0,100.0,[  5  10 203],[  0   0 220],20.346989949375804,0.0,100.0
38,51,[204  10   1],[220   0   0],18.894443627691185,0.0,100.0,[  9 234  17],[  0 220   0],23.790754506740637,0.0,100.0,[ 14   6 230],[  0   0 220],18.2208671582886,0.0,100.0
38,52,[209  10  14],[220   0   0],20.42057785666214,0.0,100.0,[ 13 206  13],[  0 220   0],23.108440016582687,0.0,100.0,[  1   3 213],[  0   0 220],7.681145747868608,0.0,100.0
38,53,[230  16   5],[220   0   0],19.519221295943137,0.0,100.0,[  2 221   1],[  0 220   0],2.449489742783178,0.0,100.0,[  7   2 229],[  0   0 220],11.575836902790225,0.0,100.0
38,54,[234  19   9],[220   0   0],25.25866188063018,0.0,100.0,[ 19 220  18],[  0 220   0],26.1725046566048,0.0,100.0,[ 10  11 227],[  0   0 220],16.431676725154983,0.0,100.0
38,55,[238   1  10],[220   0   0],20.615528128088304,0.0,100.0,[ 13 222   6],[  0 220   0],14.45683229480096,0.0,100.0,[ 17  10 225],[  0   0 220],20.346989949375804,0.0,100.0
38,56,[226   9  15],[220   0   0],18.49324200890693,0.0,100.0,[  4 205  10],[  0 220   0],18.466185312619388,0.0,100.0,[ 18   7 233],[  0   0 220],23.280893453645632,0.0,100.0
38,57,[221  14   4],[220   0   0],14.594519519326424,0.0,100.0,[ 11 238  16],[  0 220   0],26.476404589747453,0.0,100.0,[ 12   7 238],[  0   0 220],22.737634001804146,0.0,100.0
38,58,[212   7   4],[220   0   0],11.357816691600547,0.0,100.0,[ 15 205  12],[  0 220   0],24.372115213907882,0.0,100.0,[  3  14 238],[  0   0 220],23.0,0.0,100.0
38,59,[217   5   3],[220   0   0],6.557438524302,0.0,100.0,[ 17 205  12],[  0 220   0],25.65151067676132,0.0,100.0,[ 10   8 208],[  0   0 220],17.549928774784245,0.0,100.0
38,60,[238  10  14],[220   0   0],24.899799195977465,0.0,100.0,[ 17 212  16],[  0 220   0],24.677925358506133,0.0,100.0,[  2  13 207],[  0   0 220],18.49324200890693,0.0,100.0
38,61,[217  12   5],[220   0   0],13.341664064126334,0.0,100.0,[ 10 221   0],[  0 220   0],10.04987562112089,0.0,100.0,[  0   5 228],[  0   0 220],9.433981132056603,0.0,100.0
38,62,[219   1   7],[220   0   0],7.14142842854285,0.0,100.0,[ 17 225   1],[  0 220   0],17.74823934929885,0.0,100.0,[ 13  17 231],[  0   0 220],24.06241883103193,0.0,100.0
38,63,[235   8  11],[220   0   0],20.248456731316587,0.0,100.0,[ 12 238  13],[  0 220   0],25.238858928247925,0.0,100.0,[ 13   4 217],[  0   0 220],13.92838827718412,0.0,100.0
39,0,[236   4   7],[220   0   0],17.916472867168917,0.0,100.0,[ 19 205  10],[  0 220   0],26.19160170741759,0.0,100.0,[ 10   2 229],[  0   0 220],13.601470508735444,0.0,100.0
39,1,[209   2   9],[220   0   0],14.352700094407323,0.0,100.0,[ 16 211  17],[  0 220   0],25.019992006393608,0.0,100.0,[ 18   7 229],[  0   0 220],21.307275752662516,0.0,100.0
39,2,[233   2   7],[220   0   0],14.89966442575134,0.0,100.0,[ 12 239  10],[  0 220   0],24.596747752497688,0.0,100.0,[ 10   5 231],[  0   0 220],15.684387141358123,0.0,100.0
39,3,[238  19  13],[220   0   0],29.223278392404914,0.0,100.0,[  1 208  12],[  0 220   0],17.0,0.0,100.0,[  9  17 214],[  0   0 220],20.149441679609886,0.0,100.0
39,4,[219   9  13],[220   0   0],15.84297951775486,0.0,100.0,[  3 230  15],[  0 220   0],18.275666882497067,0.0,100.0,[ 13   1 228],[  0   0 220],15.297058540778355,0.0,100.0
39,5,[209  13   6],[220   0   0],18.05547008526779,0.0,100.0,[ 17 206  12],[  0 220   0],25.079872407968907,0.0,100.0,[ 18   4 204],[  0   0 220],24.413111231467404,0.0,100.0
39,6,[233   3   9],[220   0   0],16.09347693943108,0.0,100.0,[ 11 206   2],[  0 220   0],17.916472867168917,0.0,100.0,[ 13   5 217],[  0   0 220],14.247806848775006,0.0,100.0
39,7,[202   1   1],[220   0   0],18.05547008526779,0.0,100.0,[ 17 212  19],[  0 220   0],26.720778431774775,0.0,100.0,[  4   7 218],[  0   0 220],8.306623862918075,0.0,100.0
39,8,[224   7   9],[220   0   0],12.083045973594572,0.0,100.0,[ 19 229   2],[  0 220   0],21.118712081942874,0.0,100.0,[  3  19 210],[  0   0 220],21.6794833886788,0.0,100.0
39,9,[235   9   4],[220   0   0],17.944358444926362,0.0,100.0,[  4 232  16],[  0 220   0],20.396078054371138,0.0,100.0,[  1   2 210],[  0   0 220],10.246950765959598,0.0,100.0
39,10,[236   1   4],[220   0   0],16.522711641858304,0.0,100.0,[ 17 222  16],[  0 220   0],23.430749027719962,0.0,100.0,[ 10   5 210],[  0   0 220],15.0,0.0,100.0
39,11,[202  16  19],[220   0   0],30.675723300355934,0.0,100.0,[ 14 229   3],[  0 220   0],16.911534525287763,0.0,100.0,[ 16  15 229],[  0   0 220],23.706539182259394,0.0,100.0
39,12,[201  11  10],[220   0   0],24.124676163629637,0.0,100.0,[ 16 201   0],[  0 220   0],24.839484696748443,0.0,100.0,[  7  10 219],[  0   0 220],12.24744871391589,0.0,100.0
39,13,[224   8   0],[220   0   0],8.94427190999916,0.0,100.0,[  7 222   4],[  0 220   0],8.306623862918075,0.0,100.0,[  1  17 203],[  0   0 220],24.06241883103193,0.0,100.0
39,14,[237   0  18],[220   0   0],24.758836806279895,0.0,100.0,[  7 202  13],[  0 220   0],23.280893453645632,0.0,100.0,[ 19   9 232],[  0   0 220],24.20743687382041,0.0,100.0
39,15,[220   7   8],[220   0   0],10.63014581273465,0.0,100.0,[ 19 225   2],[  0 220   0],19.748417658131498,0.0,100.0,[  6  11 223],[  0   0 220],12.884098726725126,0.0,100.0
39,16,[227  13   2],[220   0   0],14.89966442575134,0.0,100.0,[ 19 224   9],[  0 220   0],21.400934559032695,0.0,100.0,[ 11  16 205],[  0   0 220],24.535688292770594,0.0,100.0
39,17,[201   3  11],[220   0   0],22.15851980616034,0.0,100.0,[  6 226  16],[  0 220   0],18.110770276274835,0.0,100.0,[  7  13 206],[  0   0 220],20.346989949375804,0.0,100.0
39,18,[236  12   0],[220   0   0],20.0,0.0,100.0,[  4 212  12],[  0 220   0],14.966629547095765,0.0,100.0,[ 12   8 224],[  0   0 220],14.966629547095765,0.0,100.0
39,19,[220  19   7],[220   0   0],20.248456731316587,0.0,100.0,[ 17 221  19],[  0 220   0],25.514701644346147,0.0,100.0,[  8  14 228],[  0   0 220],18.0,0.0,100.0
39,20,[228   8  17],[220   0   0],20.42057785666214,0.0,100.0,[ 19 206   1],[  0 220   0],23.62202362203543,0.0,100.0,[  5   5 235],[  0   0 220],16.583123951777,0.0,100.0
39,21,[227  16  10],[220   0   0],20.12461179749811,0.0,100.0,[  9 219   2],[  0 220   0],9.273618495495704,0.0,100.0,[ 12  13 220],[  0   0 220],17.69180601295413,0.0,100.0
39,22,[231  19  18],[220   0   0],28.39013913315678,0.0,100.0,[  7 218   4],[  0 220   0],8.306623862918075,0.0,100.0,[ 14   9 207],[  0   0 220],21.118712081942874,0.0,100.0
39,23,[214   4   7],[220   0   0],10.04987562112089,0.0,100.0,[ 12 233  19],[  0 220   0],25.96150997149434,0.0,100.0,[ 11  18 202],[  0   0 220],27.730849247724095,0.0,100.0
39,24,[230  12  14],[220   0   0],20.97617696340303,0.0,100.0,[ 17 217   7],[  0 220   0],18.627936010197157,0.0,100.0,[  5   8 234],[  0   0 220],16.881943016134134,0.0,100.0
39,25,[219   7   4],[220   0   0],8.12403840463596,0.0,100.0,[ 11 239   0],[  0 220   0],21.95449840010015,0.0,100.0,[ 12   9 208],[  0   0 220],19.209372712298546,0.0,100.0
39,26,[216  16   2],[220   0   0],16.61324772583615,0.0,100.0,[  6 223  10],[  0 220   0],12.041594578792296,0.0,100.0,[  0  19 215],[  0   0 220],19.6468827043885,0.0,100.0
39,27,[204   8   4],[220   0   0],18.33030277982336,0.0,100.0,[ 12 228   7],[  0 220   0],16.0312195418814,0.0,100.0,[  8   6 201],[  0   0 220],21.470910553583888,0.0,100.0
39,28,[226   0  13],[220   0   0],14.317821063276353,0.0,100.0,[  1 201   3],[  0 220   0],19.261360284258224,0.0,100.0,[ 17  16 239],[  0   0 220],30.099833886584822,0.0,100.0
39,29,[209   1  12],[220   0   0],16.30950643030009,0.0,100.0,[ 17 228  16],[  0 220   0],24.677925358506133,0.0,100.0,[ 18   8 223],[  0   0 220],19.924858845171276,0.0,100.0
39,30,[202   7  17],[220   0   0],25.729360660537214,0.0,100.0,[ 15 223   6],[  0 220   0],16.431676725154983,0.0,100.0,[ 13   6 234],[  0   0 220],20.024984394500787,0.0,100.0
39,31,[200  12  16],[220   0   0],28.284271247461902,0.0,100.0,[  2 209  12],[  0 220   0],16.401219466856727,0.0,100.0,[ 14  18 213],[  0   0 220],23.853720883753127,0.0,100.0
39,32,[210  12   8],[220   0   0],17.549928774784245,0.0,100.0,[  2 202  18],[  0 220   0],25.534290669607408,0.0,100.0,[ 16   4 215],[  0   0 220],17.233687939614086,0.0,100.0
39,33,[210   1  13],[220   0   0],16.431676725154983,0.0,100.0,[  1 238  16],[  0 220   0],24.1039415863879,0.0,100.0,[  3   8 204],[  0   0 220],18.138357147217054,0.0,100.0
39,34,[207   3   9],[220   0   0],16.09347693943108,0.0,100.0,[ 13 222  10],[  0 220   0],16.522711641858304,0.0,100.0,[  7  19 233],[  0   0 220],24.06241883103193,0.0,100.0
39,35,[232   4   5],[220   0   0],13.601470508735444,0.0,100.0,[ 18 215  19],[  0 220   0],26.645825188948457,0.0,100.0,[  3  12 230],[  0   0 220],15.905973720586866,0.0,100.0
39,36,[207  18  13],[220   0   0],25.729360660537214,0.0,100.0,[ 11 239   8],[  0 220   0],23.366642891095847,0.0,100.0,[ 18   8 218],[  0   0 220],19.79898987322333,0.0,100.0
39,37,[201  18  17],[220   0   0],31.20897306865447,0.0,100.0,[ 16 205  19],[  0 220   0],29.017236257093817,0.0,100.0,[  0   0 239],[  0   0 220],19.0,0.0,100.0
39,38,[231  18  19],[220   0   0],28.39013913315678,0.0,100.0,[  0 201  12],[  0 220   0],22.47220505424423,0.0,100.0,[  0   2 200],[  0   0 220],20.09975124224178,0.0,100.0
39,39,[235   3  16],[220   0   0],22.135943621178654,0.0,100.0,[  2 231  19],[  0 220   0],22.045407685048602,0.0,100.0,[  4   6 228],[  0   0 220],10.770329614269007,0.0,100.0
39,40,[215   9  15],[220   0   0],18.193405398660254,0.0,100.0,[  2 221   0],[  0 220   0],2.23606797749979,0.0,100.0,[ 16   9 224],[  0   0 220],18.788294228055936,0.0,100.0
39,41,[200  14   1],[220   0   0],24.43358344574123,0.0,100.0,[ 17 235   3],[  0 220   0],22.869193252058544,0.0,100.0,[  6   4 219],[  0   0 220],7.280109889280518,0.0,100.0
39,42,[214  15   4],[220   0   0],16.64331697709324,0.0,100.0,[ 10 214  11],[  0 220   0],16.0312195418814,0.0,100.0,[  4   5 223],[  0   0 220],7.0710678118654755,0.0,100.0
39,43,[223   9  11],[220   0   0],14.52583904633395,0.0,100.0,[  6 238   5],[  0 220   0],19.621416870348583,0.0,100.0,[  8   3 231],[  0   0 220],13.92838827718412,0.0,100.0
39,44,[207   0  14],[220   0   0],19.1049731745428,0.0,100.0,[  6 227  14],[  0 220   0],16.76305461424021,0.0,100.0,[  3  13 206],[  0   0 220],19.339079605813716,0.0,100.0
39,45,[219   4  13],[220   0   0],13.638181696985855,0.0,100.0,[ 11 208   9],[  0 220   0],18.601075237738275,0.0,100.0,[  5  19 227],[  0   0 220],20.85665361461421,0.0,100.0
39,46,[231  14   5],[220   0   0],18.49324200890693,0.0,100.0,[  9 208  12],[  0 220   0],19.209372712298546,0.0,100.0,[  3   7 211],[  0   0 220],11.789826122551595,0.0,100.0
39,47,[200  11  18],[220   0   0],29.068883707497267,0.0,100.0,[  7 235  15],[  0 220   0],22.338307903688676,0.0,100.0,[  0   8 229],[  0   0 220],12.041594578792296,0.0,100.0
39,48,[231  13  13],[220   0   0],21.42428528562855,0.0,100.0,[ 13 230  14],[  0 220   0],21.563858652847824,0.0,100.0,[  1  14 236],[  0   0 220],21.283796653792763,0.0,100.0
39,49,[219  11   4],[220   0   0],11.74734012447073,0.0,100.0,[ 10 202   5],[  0 220   0],21.18962010041709,0.0,100.0,[ 18   4 217],[  0   0 220],18.681541692269406,0.0,100.0
39,50,[216  13  17],[220   0   0],21.77154105707724,0.0,100.0,[ 10 219  17],[  0 220   0],19.748417658131498,0.0,100.0,[ 10  13 217],[  0   0 220],16.673332000533065,0.0,100.0
39,51,[225  12  19],[220   0   0],23.021728866442675,0.0,100.0,[ 16 223  13],[  0 220   0],20.83266665599966,0.0,100.0,[ 19  16 205],[  0   0 220],29.017236257093817,0.0,100.0
39,52,[207   4   1],[220   0   0],13.638181696985855,0.0,100.0,[  3 208   2],[  0 220   0],12.529964086141668,0.0,100.0,[ 16   1 209],[  0   0 220],19.44222209522358,0.0,100.0
39,53,[222   5   6],[220   0   0],8.06225774829855,0.0,100.0,[  4 216   7],[  0 220   0],9.0,0.0,100.0,[ 14   2 208],[  0   0 220],18.547236990991408,0.0,100.0
39,54,[234   4   7],[220   0   0],16.15549442140351,0.0,100.0,[  6 236  18],[  0 220   0],24.819347291981714,0.0,100.0,[ 13  10 225],[  0   0 220],17.146428199482248,0.0,100.0
39,55,[214  10   5],[220   0   0],12.68857754044952,0.0,100.0,[  8 230   3],[  0 220   0],13.152946437965905,0.0,100.0,[ 19  16 238],[  0   0 220],30.675723300355934,0.0,100.0
39,56,[237  13   3],[220   0   0],21.61018278497431,0.0,100.0,[ 11 237  15],[  0 220   0],25.199206336708304,0.0,100.0,[  8  18 202],[  0   0 220],26.68332812825267,0.0,100.0
39,57,[220  13   6],[220   0   0],14.317821063276353,0.0,100.0,[ 10 213  14],[  0 220   0],18.57417562100671,0.0,100.0,[  8  10 217],[  0   0 220],13.152946437965905,0.0,100.0
39,58,[211  15  11],[220   0   0],20.663978319771825,0.0,100.0,[ 12 219   7],[  0 220   0],13.92838827718412,0.0,100.0,[ 19   5 212],[  0   0 220],21.213203435596427,0.0,100.0
39,59,[226   6   8],[220   0   0],11.661903789690601,0.0,100.0,[  4 217  16],[  0 220   0],16.76305461424021,0.0,100.0,[  8  15 229],[  0   0 220],19.235384061671343,0.0,100.0
39,60,[214   9   5],[220   0   0],11.916375287812984,0.0,100.0,[ 14 228  14],[  0 220   0],21.354156504062622,0.0,100.0,[  1   6 229],[  0   0 220],10.862780491200215,0.0,100.0
39,61,[239  15   1],[220   0   0],24.228082879171435,0.0,100.0,[  3 211  12],[  0 220   0],15.297058540778355,0.0,100.0,[ 16   6 206],[  0   0 220],22.090722034374522,0.0,100.0
39,62,[235   8   4],[220   0   0],17.46424919657298,0.0,100.0,[  5 232  16],[  0 220   0],20.615528128088304,0.0,100.0,[  8  17 212],[  0   0 220],20.42057785666214,0.0,100.0
39,63,[220   5   2],[220   0   0],5.385164807134504,0.0,100.0,[ 17 237  11],[  0 220   0],26.43860813280457,0.0,100.0,[ 17   8 207],[  0   0 220],22.847319317591726,0.0,100.0
40,0,[225  13   2],[220   0   0],14.071247279470288,0.0,100.0,[ 13 200   9],[  0 220   0],25.495097567963924,0.0,100.0,[  8  14 233],[  0   0 220],20.71231517720798,0.0,100.0
40,1,[234  14   4],[220   0   0],20.199009876724155,0.0,100.0,[  1 238  11],[  0 220   0],21.118712081942874,0.0,100.0,[ 15  18 214],[  0   0 220],24.186773244895647,0.0,100.0
40,2,[239  15  18],[220   0   0],30.166206257996713,0.0,100.0,[ 19 221  14],[  0 220   0],23.62202362203543,0.0,100.0,[ 10  17 239],[  0   0 220],27.386127875258307,0.0,100.0
40,3,[225  11  17],[220   0   0],20.85665361461421,0.0,100.0,[  6 206   8],[  0 220   0],17.204650534085253,0.0,100.0,[ 10  16 238],[  0   0 220],26.076809620810597,0.0,100.0
40,4,[239   3  15],[220   0   0],24.392621835300936,0.0,100.0,[ 11 222  18],[  0 220   0],21.18962010041709,0.0,100.0,[  1   9 206],[  0   0 220],16.673332000533065,0.0,100.0
40,5,[213   1   0],[220   0   0],7.0710678118654755,0.0,100.0,[ 16 227   9],[  0 220   0],19.6468827043885,0.0,100.0,[ 16  13 236],[  0   0 220],26.095976701399778,0.0,100.0
40,6,[221   1   4],[220   0   0],4.242640687119285,0.0,100.0,[  6 230   5],[  0 220   0],12.68857754044952,0.0,100.0,[  0   4 216],[  0   0 220],5.656854249492381,0.0,100.0
40,7,[221  13  16],[220   0   0],20.639767440550294,0.0,100.0,[ 14 237   9],[  0 220   0],23.790754506740637,0.0,100.0,[  0  11 239],[  0   0 220],21.95449840010015,0.0,100.0
40,8,[201   7  13],[220   0   0],24.06241883103193,0.0,100.0,[ 10 213   3],[  0 220   0],12.569805089976535,0.0,100.0,[ 12   0 203],[  0   0 220],20.808652046684813,0.0,100.0
40,9,[214   7   8],[220   0   0],12.206555615733702,0.0,100.0,[ 18 210   3],[  0 220   0],20.808652046684813,0.0,100.0,[ 17  10 214],[  0   0 220],20.615528128088304,0.0,100.0
40,10,[209   4   0],[220   0   0],11.704699910719626,0.0,100.0,[ 18 233  18],[  0 220   0],28.583211855912904,0.0,100.0,[ 12  19 200],[  0   0 220],30.083217912982647,0.0,100.0
40,11,[209  13   7],[220   0   0],18.411952639521967,0.0,100.0,[  0 210   6],[  0 220   0],11.661903789690601,0.0,100.0,[ 18  11 227],[  0   0 220],22.22611077089287,0.0,100.0
40,12,[233  10  12],[220   0   0],20.322401432901575,0.0,100.0,[ 12 231  12],[  0 220   0],20.223748416156685,0.0,100.0,[ 12   3 203],[  0   0 220],21.02379604162864,0.0,100.0
40,13,[237   4   6],[220   0   0],18.466185312619388,0.0,100.0,[ 15 202   7],[  0 220   0],24.454038521274967,0.0,100.0,[  6  12 234],[  0   0 220],19.390719429665317,0.0,100.0
40,14,[210  17   8],[220   0   0],21.283796653792763,0.0,100.0,[ 16 210  10],[  0 220   0],21.354156504062622,0.0,100.0,[ 16  17 209],[  0   0 220],25.80697580112788,0.0,100.0
40,15,[203  16   4],[220   0   0],23.68543856465402,0.0,100.0,[ 13 205  11],[  0 220   0],22.693611435820433,0.0,100.0,[ 14  10 216],[  0   0 220],17.663521732655695,0.0,100.0
40,16,[215  10   6],[220   0   0],12.68857754044952,0.0,100.0,[  3 203   3],[  0 220   0],17.52141546793523,0.0,100.0,[  6   4 208],[  0   0 220],14.0,0.0,100.0
40,17,[220  14   3],[220   0   0],14.317821063276353,0.0,100.0,[ 15 205  16],[  0 220   0],26.570660511172846,0.0,100.0,[ 11  15 201],[  0   0 220],26.589471600616662,0.0,100.0
40,18,[215  15  11],[220   0   0],19.261360284258224,0.0,100.0,[ 10 207   9],[  0 220   0],18.708286933869708,0.0,100.0,[ 12   6 218],[  0   0 220],13.564659966250536,0.0,100.0
40,19,[235  18  12],[220   0   0],26.324893162176366,0.0,100.0,[  2 214  19],[  0 220   0],20.024984394500787,0.0,100.0,[  3  12 213],[  0   0 220],14.212670403551895,0.0,100.0
40,20,[215  14  13],[220   0   0],19.748417658131498,0.0,100.0,[ 13 239  13],[  0 220   0],26.43860813280457,0.0,100.0,[  6  13 225],[  0   0 220],15.165750888103101,0.0,100.0
40,21,[234   1   3],[220   0   0],14.352700094407323,0.0,100.0,[ 12 234   8],[  0 220   0],20.09975124224178,0.0,100.0,[ 14  12 218],[  0   0 220],18.547236990991408,0.0,100.0
40,22,[208   5   1],[220   0   0],13.038404810405298,0.0,100.0,[  8 230   9],[  0 220   0],15.652475842498529,0.0,100.0,[  5   9 203],[  0   0 220],19.87460691435179,0.0,100.0
40,23,[201  12   6],[220   0   0],23.259406699226016,0.0,100.0,[  0 238   1],[  0 220   0],18.027756377319946,0.0,100.0,[  3  15 203],[  0   0 220],22.869193252058544,0.0,100.0
40,24,[202   8  16],[220   0   0],25.37715508089904,0.0,100.0,[  2 236   1],[  0 220   0],16.15549442140351,0.0,100.0,[ 19   6 225],[  0   0 220],20.54263858417414,0.0,100.0
40,25,[205  11  17],[220   0   0],25.199206336708304,0.0,100.0,[ 10 215  14],[  0 220   0],17.916472867168917,0.0,100.0,[  8   2 210],[  0   0 220],12.96148139681572,0.0,100.0
40,26,[239  11   5],[220   0   0],22.516660498395403,0.0,100.0,[ 15 211   6],[  0 220   0],18.49324200890693,0.0,100.0,[ 12   6 221],[  0   0 220],13.45362404707371,0.0,100.0
40,27,[207   2   5],[220   0   0],14.071247279470288,0.0,100.0,[  4 217   3],[  0 220   0],5.830951894845301,0.0,100.0,[  0   8 233],[  0   0 220],15.264337522473747,0.0,100.0
40,28,[234   8   2],[220   0   0],16.24807680927192,0.0,100.0,[ 10 204  16],[  0 220   0],24.73863375370596,0.0,100.0,[ 13   7 228],[  0   0 220],16.792855623746664,0.0,100.0
40,29,[231   4   2],[220   0   0],11.874342087037917,0.0,100.0,[  0 226   1],[  0 220   0],6.082762530298219,0.0,100.0,[ 12   9 208],[  0   0 220],19.209372712298546,0.0,100.0
40,30,[203  16  18],[220   0   0],29.478805945967352,0.0,100.0,[  8 226   2],[  0 220   0],10.198039027185569,0.0,100.0,[  4   6 219],[  0   0 220],7.280109889280518,0.0,100.0
40,31,[211   0   7],[220   0   0],11.40175425099138,0.0,100.0,[  7 213   1],[  0 220   0],9.9498743710662,0.0,100.0,[ 10   4 235],[  0   0 220],18.466185312619388,0.0,100.0
40,32,[211  15  12],[220   0   0],21.213203435596427,0.0,100.0,[ 11 228   0],[  0 220   0],13.601470508735444,0.0,100.0,[ 15   0 230],[  0   0 220],18.027756377319946,0.0,100.0
40,33,[221   8   5],[220   0   0],9.486832980505138,0.0,100.0,[ 14 203   4],[  0 220   0],22.38302928559939,0.0,100.0,[ 11   6 234],[  0   0 220],18.788294228055936,0.0,100.0
40,34,[232  10   5],[220   0   0],16.401219466856727,0.0,100.0,[  9 228   3],[  0 220   0],12.409673645990857,0.0,100.0,[ 13  18 210],[  0   0 220],24.351591323771842,0.0,100.0
40,35,[216  12   2],[220   0   0],12.806248474865697,0.0,100.0,[  8 237  19],[  0 220   0],26.720778431774775,0.0,100.0,[  9   3 204],[  0   0 220],18.601075237738275,0.0,100.0
40,36,[204  11  16],[220   0   0],25.15949125081825,0.0,100.0,[ 14 233  19],[  0 220   0],26.94438717061496,0.0,100.0,[  3  15 231],[  0   0 220],18.841443681416774,0.0,100.0
40,37,[237  18  11],[220   0   0],27.09243436828813,0.0,100.0,[ 16 223   6],[  0 220   0],17.349351572897472,0.0,100.0,[  6   2 212],[  0   0 220],10.198039027185569,0.0,100.0
40,38,[235   7  19],[220   0   0],25.199206336708304,0.0,100.0,[  7 214  14],[  0 220   0],16.76305461424021,0.0,100.0,[  7   2 212],[  0   0 220],10.816653826391969,0.0,100.0
40,39,[227   8  13],[220   0   0],16.792855623746664,0.0,100.0,[  6 209   6],[  0 220   0],13.892443989449804,0.0,100.0,[ 19   0 210],[  0   0 220],21.470910553583888,0.0,100.0
40,40,[206   8   4],[220   0   0],16.61324772583615,0.0,100.0,[  4 206  18],[  0 220   0],23.15167380558045,0.0,100.0,[  0  19 220],[  0   0 220],19.0,0.0,100.0
40,41,[208  10   7],[220   0   0],17.11724276862369,0.0,100.0,[  5 202   4],[  0 220   0],19.1049731745428,0.0,100.0,[  3   4 211],[  0   0 220],10.295630140987,0.0,100.0
40,42,[216   8  16],[220   0   0],18.33030277982336,0.0,100.0,[ 10 213   1],[  0 220   0],12.24744871391589,0.0,100.0,[  1   0 224],[  0   0 220],4.123105625617661,0.0,100.0
40,43,[225   5  10],[220   0   0],12.24744871391589,0.0,100.0,[ 12 229   6],[  0 220   0],16.15549442140351,0.0,100.0,[  0   7 207],[  0   0 220],14.7648230602334,0.0,100.0
40,44,[234  13  16],[220   0   0],24.919871588754223,0.0,100.0,[  5 235   8],[  0 220   0],17.72004514666935,0.0,100.0,[ 12  16 238],[  0   0 220],26.90724809414742,0.0,100.0
40,45,[213   3   1],[220   0   0],7.681145747868608,0.0,100.0,[  0 217   9],[  0 220   0],9.486832980505138,0.0,100.0,[  0   8 231],[  0   0 220],13.601470508735444,0.0,100.0
40,46,[206   0   7],[220   0   0],15.652475842498529,0.0,100.0,[  8 213  10],[  0 220   0],14.594519519326424,0.0,100.0,[  7   1 201],[  0   0 220],20.273134932713294,0.0,100.0
40,47,[206  18   3],[220   0   0],23.0,0.0,100.0,[ 10 227   3],[  0 220   0],12.569805089976535,0.0,100.0,[  5   1 211],[  0   0 220],10.344080432788601,0.0,100.0
40,48,[232   1  11],[220   0   0],16.30950643030009,0.0,100.0,[  5 231   9],[  0 220   0],15.066519173319364,0.0,100.0,[  4   2 231],[  0   0 220],11.874342087037917,0.0,100.0
40,49,[210   3  18],[220   0   0],20.808652046684813,0.0,100.0,[ 15 230   5],[  0 220   0],18.708286933869708,0.0,100.0,[ 10   3 227],[  0   0 220],12.569805089976535,0.0,100.0
40,50,[219   8  15],[220   0   0],17.029386365926403,0.0,100.0,[ 13 232  14],[  0 220   0],22.561028345356956,0.0,100.0,[ 16   8 225],[  0   0 220],18.57417562100671,0.0,100.0
40,51,[225  15  14],[220   0   0],21.118712081942874,0.0,100.0,[  5 234   2],[  0 220   0],15.0,0.0,100.0,[ 12  16 216],[  0   0 220],20.396078054371138,0.0,100.0
40,52,[231  15   0],[220   0   0],18.601075237738275,0.0,100.0,[ 17 205   0],[  0 220   0],22.67156809750927,0.0,100.0,[  4  19 237],[  0   0 220],25.80697580112788,0.0,100.0
40,53,[208   9   2],[220   0   0],15.132745950421556,0.0,100.0,[ 18 237   9],[  0 220   0],26.343879744638983,0.0,100.0,[  3   1 209],[  0   0 220],11.445523142259598,0.0,100.0
40,54,[226   8  17],[220   0   0],19.72308292331602,0.0,100.0,[ 11 237   9],[  0 220   0],22.15851980616034,0.0,100.0,[  0   8 225],[  0   0 220],9.433981132056603,0.0,100.0
40,55,[211  17   8],[220   0   0],20.83266665599966,0.0,100.0,[ 13 215   0],[  0 220   0],13.92838827718412,0.0,100.0,[  2   8 232],[  0   0 220],14.560219778561036,0.0,100.0
40,56,[208  13  19],[220   0   0],25.96150997149434,0.0,100.0,[  5 230   4],[  0 220   0],11.874342087037917,0.0,100.0,[ 13   0 227],[  0   0 220],14.7648230602334,0.0,100.0
40,57,[207  18   9],[220   0   0],23.958297101421877,0.0,100.0,[ 14 233   1],[  0 220   0],19.131126469708992,0.0,100.0,[ 10  13 202],[  0   0 220],24.351591323771842,0.0,100.0
40,58,[202   1  19],[220   0   0],26.19160170741759,0.0,100.0,[  3 228  13],[  0 220   0],15.556349186104045,0.0,100.0,[ 13   1 221],[  0   0 220],13.076696830622021,0.0,100.0
40,59,[206  19   2],[220   0   0],23.68543856465402,0.0,100.0,[  0 236  17],[  0 220   0],23.345235059857504,0.0,100.0,[  7  17 211],[  0   0 220],20.46948949045872,0.0,100.0
40,60,[210   7  10],[220   0   0],15.7797338380595,0.0,100.0,[ 15 224   0],[  0 220   0],15.524174696260024,0.0,100.0,[  1  15 207],[  0   0 220],19.87460691435179,0.0,100.0
40,61,[218  11  12],[220   0   0],16.401219466856727,0.0,100.0,[  2 210   5],[  0 220   0],11.357816691600547,0.0,100.0,[ 18   8 215],[  0   0 220],20.322401432901575,0.0,100.0
40,62,[202  11   2],[220   0   0],21.18962010041709,0.0,100.0,[ 17 228  15],[  0 220   0],24.041630560342615,0.0,100.0,[  6  18 209],[  0   0 220],21.93171219946131,0.0,100.0
40,63,[222   9   9],[220   0   0],12.884098726725126,0.0,100.0,[  8 230   0],[  0 220   0],12.806248474865697,0.0,100.0,[ 17   1 204],[  0   0 220],23.366642891095847,0.0,100.0
41,0,[205   7  14],[220   0   0],21.6794833886788,0.0,100.0,[  1 206   8],[  0 220   0],16.15549442140351,0.0,100.0,[  2   7 232],[  0   0 220],14.035668847618199,0.0,100.0
41,1,[217   6   2],[220   0   0],7.0,0.0,100.0,[  1 203  13],[  0 220   0],21.42428528562855,0.0,100.0,[ 11  16 225],[  0   0 220],20.049937655763422,0.0,100.0
41,2,[234  10   2],[220   0   0],17.320508075688775,0.0,100.0,[ 11 239   9],[  0 220   0],23.727621035409346,0.0,100.0,[  6   3 220],[  0   0 220],6.708203932499369,0.0,100.0
41,3,[218  16  15],[220   0   0],22.02271554554524,0.0,100.0,[ 17 205  16],[  0 220   0],27.748873851023216,0.0,100.0,[  2  19 210],[  0   0 220],21.563858652847824,0.0,100.0
41,4,[222   3   2],[220   0   0],4.123105625617661,0.0,100.0,[ 17 216   8],[  0 220   0],19.209372712298546,0.0,100.0,[ 19   6 210],[  0   0 220],22.293496809607955,0.0,100.0
41,5,[220   8   3],[220   0   0],8.54400374531753,0.0,100.0,[ 16 233   7],[  0 220   0],21.77154105707724,0.0,100.0,[ 12   6 225],[  0   0 220],14.317821063276353,0.0,100.0
41,6,[220   2   1],[220   0   0],2.23606797749979,0.0,100.0,[  2 205  19],[  0 220   0],24.289915602982237,0.0,100.0,[ 16  14 200],[  0   0 220],29.189039038652847,0.0,100.0
41,7,[223  12  15],[220   0   0],19.44222209522358,0.0,100.0,[  2 236  15],[  0 220   0],22.02271554554524,0.0,100.0,[ 19  11 204],[  0   0 220],27.16615541441225,0.0,100.0
41,8,[201  13  10],[220   0   0],25.099800796022265,0.0,100.0,[  3 233  12],[  0 220   0],17.944358444926362,0.0,100.0,[  7   3 218],[  0   0 220],7.874007874011811,0.0,100.0
41,9,[223  18   0],[220   0   0],18.24828759089466,0.0,100.0,[  8 233  10],[  0 220   0],18.24828759089466,0.0,100.0,[ 14  19 213],[  0   0 220],24.61706725018234,0.0,100.0
41,10,[205  11  14],[220   0   0],23.280893453645632,0.0,100.0,[ 17 235  11],[  0 220   0],25.199206336708304,0.0,100.0,[ 15  16 230],[  0   0 220],24.1039415863879,0.0,100.0
41,11,[226  17  18],[220   0   0],25.475478405713993,0.0,100.0,[  8 201  16],[  0 220   0],26.095976701399778,0.0,100.0,[ 18  15 204],[  0   0 220],28.372521918222215,0.0,100.0
41,12,[239  16  11],[220   0   0],27.16615541441225,0.0,100.0,[  6 236  10],[  0 220   0],19.79898987322333,0.0,100.0,[ 14   0 214],[  0   0 220],15.231546211727817,0.0,100.0
41,13,[233  12  10],[220   0   0],20.322401432901575,0.0,100.0,[  8 218   0],[  0 220   0],8.246211251235321,0.0,100.0,[ 14   3 226],[  0   0 220],15.524174696260024,0.0,100.0
41,14,[237   0   1],[220   0   0],17.029386365926403,0.0,100.0,[ 18 215   4],[  0 220   0],19.1049731745428,0.0,100.0,[  8   7 222],[  0   0 220],10.816653826391969,0.0,100.0
41,15,[216  11  19],[220   0   0],22.315913604421397,0.0,100.0,[  8 219  15],[  0 220   0],17.029386365926403,0.0,100.0,[  2  10 227],[  0   0 220],12.36931687685298,0.0,100.0
41,16,[230  13  18],[220   0   0],24.351591323771842,0.0,100.0,[  4 220   2],[  0 220   0],4.47213595499958,0.0,100.0,[  3  12 228],[  0   0 220],14.730919862656235,0.0,100.0
41,17,[204  16   8],[220   0   0],24.0,0.0,100.0,[ 10 213   2],[  0 220   0],12.36931687685298,0.0,100.0,[ 19  19 231],[  0   0 220],29.03446228191595,0.0,100.0
41,18,[235  16   9],[220   0   0],23.706539182259394,0.0,100.0,[ 19 202  12],[  0 220   0],28.792360097775937,0.0,100.0,[ 15   4 230],[  0   0 220],18.466185312619388,0.0,100.0
41,19,[208   4   8],[220   0   0],14.966629547095765,0.0,100.0,[ 11 206   2],[  0 220   0],17.916472867168917,0.0,100.0,[  1  10 215],[  0   0 220],11.224972160321824,0.0,100.0
41,20,[238   6   5],[220   0   0],19.621416870348583,0.0,100.0,[  0 213  15],[  0 220   0],16.55294535724685,0.0,100.0,[  0  10 230],[  0   0 220],14.142135623730951,0.0,100.0
41,21,[206   6   6],[220   0   0],16.3707055437449,0.0,100.0,[  2 200   2],[  0 220   0],20.199009876724155,0.0,100.0,[  0  12 225],[  0   0 220],13.0,0.0,100.0
41,22,[203   0   0],[220   0   0],17.0,0.0,100.0,[ 14 225   9],[  0 220   0],17.378147196982766,0.0,100.0,[  0  11 209],[  0   0 220],15.556349186104045,0.0,100.0
41,23,[215  14  19],[220   0   0],24.124676163629637,0.0,100.0,[ 14 228  19],[  0 220   0],24.919871588754223,0.0,100.0,[  7   4 225],[  0   0 220],9.486832980505138,0.0,100.0
41,24,[238  19  16],[220   0   0],30.675723300355934,0.0,100.0,[  4 233   1],[  0 220   0],13.638181696985855,0.0,100.0,[  1  10 209],[  0   0 220],14.89966442575134,0.0,100.0
41,25,[227  19  19],[220   0   0],27.76688675382964,0.0,100.0,[  5 214   0],[  0 220   0],7.810249675906654,0.0,100.0,[ 19   2 233],[  0   0 220],23.108440016582687,0.0,100.0
41,26,[208   9  19],[220   0   0],24.20743687382041,0.0,100.0,[  2 201   6],[  0 220   0],20.024984394500787,0.0,100.0,[ 15   2 213],[  0   0 220],16.673332000533065,0.0,100.0
41,27,[236   1  18],[220   0   0],24.1039415863879,0.0,100.0,[ 13 214   4],[  0 220   0],14.866068747318506,0.0,100.0,[  3   3 201],[  0   0 220],19.467922333931785,0.0,100.0
41,28,[210  19  13],[220   0   0],25.099800796022265,0.0,100.0,[ 18 200  13],[  0 220   0],29.88310559496787,0.0,100.0,[ 14   3 233],[  0   0 220],19.339079605813716,0.0,100.0
41,29,[208  18   7],[220   0   0],22.737634001804146,0.0,100.0,[  6 222   7],[  0 220   0],9.433981132056603,0.0,100.0,[ 18  14 220],[  0   0 220],22.80350850198276,0.0,100.0
41,30,[216  10   2],[220   0   0],10.954451150103322,0.0,100.0,[ 18 213   6],[  0 220   0],20.223748416156685,0.0,100.0,[  5  13 239],[  0   0 220],23.558437978779494,0.0,100.0
41,31,[224   2   2],[220   0   0],4.898979485566356,0.0,100.0,[  4 209  15],[  0 220   0],19.026297590440446,0.0,100.0,[  8   9 228],[  0   0 220],14.45683229480096,0.0,100.0
41,32,[228   2   7],[220   0   0],10.816653826391969,0.0,100.0,[ 19 218   0],[  0 220   0],19.1049731745428,0.0,100.0,[  9  12 212],[  0   0 220],17.0,0.0,100.0
41,33,[231  11  10],[220   0   0],18.49324200890693,0.0,100.0,[  3 227  14],[  0 220   0],15.937377450509228,0.0,100.0,[ 14  13 214],[  0   0 220],20.024984394500787,0.0,100.0
41,34,[226  19  11],[220   0   0],22.759613353482084,0.0,100.0,[ 18 219  16],[  0 220   0],24.1039415863879,0.0,100.0,[  2  10 204],[  0   0 220],18.973665961010276,0.0,100.0
41,35,[207   9   2],[220   0   0],15.937377450509228,0.0,100.0,[  7 211   6],[  0 220   0],12.884098726725126,0.0,100.0,[ 15  18 206],[  0   0 220],27.294688127912362,0.0,100.0
41,36,[215  11   0],[220   0   0],12.083045973594572,0.0,100.0,[  2 236   4],[  0 220   0],16.61324772583615,0.0,100.0,[ 17   8 228],[  0   0 220],20.42057785666214,0.0,100.0
41,37,[214  10   7],[220   0   0],13.601470508735444,0.0,100.0,[  1 234   9],[  0 220   0],16.673332000533065,0.0,100.0,[  6   7 231],[  0   0 220],14.352700094407323,0.0,100.0
41,38,[207  13   0],[220   0   0],18.384776310850235,0.0,100.0,[ 17 216   7],[  0 220   0],18.81488772222678,0.0,100.0,[ 10  12 207],[  0   0 220],20.322401432901575,0.0,100.0
41,39,[213   0   8],[220   0   0],10.63014581273465,0.0,100.0,[  5 233   0],[  0 220   0],13.92838827718412,0.0,100.0,[  4   8 229],[  0   0 220],12.68857754044952,0.0,100.0
41,40,[233   7   4],[220   0   0],15.297058540778355,0.0,100.0,[  0 222  14],[  0 220   0],14.142135623730951,0.0,100.0,[ 18   6 208],[  0   0 220],22.44994432064365,0.0,100.0
41,41,[213  16  12],[220   0   0],21.18962010041709,0.0,100.0,[  6 206  15],[  0 220   0],21.37755832643195,0.0,100.0,[  2   5 210],[  0   0 220],11.357816691600547,0.0,100.0
41,42,[237  17  10],[220   0   0],26.038433132583073,0.0,100.0,[  7 200  18],[  0 220   0],27.80287754891569,0.0,100.0,[ 13   1 203],[  0   0 220],21.42428528562855,0.0,100.0
41,43,[200   7  12],[220   0   0],24.351591323771842,0.0,100.0,[  6 236   3],[  0 220   0],17.349351572897472,0.0,100.0,[ 17   2 231],[  0   0 220],20.346989949375804,0.0,100.0
41,44,[222  17   3],[220   0   0],17.378147196982766,0.0,100.0,[ 16 220  15],[  0 220   0],21.93171219946131,0.0,100.0,[  6  15 214],[  0   0 220],17.233687939614086,0.0,100.0
41,45,[209   1   7],[220   0   0],13.076696830622021,0.0,100.0,[ 14 212   1],[  0 220   0],16.15549442140351,0.0,100.0,[  9   4 213],[  0   0 220],12.083045973594572,0.0,100.0
41,46,[222  11  17],[220   0   0],20.346989949375804,0.0,100.0,[  6 211   8],[  0 220   0],13.45362404707371,0.0,100.0,[  8  16 239],[  0   0 220],26.095976701399778,0.0,100.0
41,47,[201  13  19],[220   0   0],29.8496231131986,0.0,100.0,[  7 224   6],[  0 220   0],10.04987562112089,0.0,100.0,[  8  19 219],[  0   0 220],20.639767440550294,0.0,100.0
41,48,[236  12  16],[220   0   0],25.612496949731394,0.0,100.0,[  4 229   0],[  0 220   0],9.848857801796104,0.0,100.0,[ 10   2 221],[  0   0 220],10.246950765959598,0.0,100.0
41,49,[220   2  15],[220   0   0],15.132745950421556,0.0,100.0,[ 19 206   1],[  0 220   0],23.62202362203543,0.0,100.0,[ 14  12 227],[  0   0 220],19.72308292331602,0.0,100.0
41,50,[239   3  15],[220   0   0],24.392621835300936,0.0,100.0,[  9 227   2],[  0 220   0],11.575836902790225,0.0,100.0,[  0  19 221],[  0   0 220],19.026297590440446,0.0,100.0
41,51,[210  16   9],[220   0   0],20.904544960366874,0.0,100.0,[  2 216   1],[  0 220   0],4.58257569495584,0.0,100.0,[ 16   5 210],[  0   0 220],19.519221295943137,0.0,100.0
41,52,[224  18   8],[220   0   0],20.09975124224178,0.0,100.0,[ 16 232  19],[  0 220   0],27.586228448267445,0.0,100.0,[  6   4 206],[  0   0 220],15.748015748023622,0.0,100.0
41,53,[209   9   0],[220   0   0],14.212670403551895,0.0,100.0,[ 12 208  12],[  0 220   0],20.784609690826528,0.0,100.0,[  0   1 236],[  0   0 220],16.0312195418814,0.0,100.0
41,54,[200   8   9],[220   0   0],23.345235059857504,0.0,100.0,[ 15 230  16],[  0 220   0],24.1039415863879,0.0,100.0,[  5  11 210],[  0   0 220],15.684387141358123,0.0,100.0
41,55,[200  11  18],[220   0   0],29.068883707497267,0.0,100.0,[ 12 221  13],[  0 220   0],17.72004514666935,0.0,100.0,[  6   6 206],[  0   0 220],16.3707055437449,0.0,100.0
41,56,[219  17   4],[220   0   0],17.4928556845359,0.0,100.0,[ 11 238  19],[  0 220   0],28.39013913315678,0.0,100.0,[  0   2 223],[  0   0 220],3.605551275463989,0.0,100.0
41,57,[214  10   7],[220   0   0],13.601470508735444,0.0,100.0,[ 18 225   6],[  0 220   0],19.621416870348583,0.0,100.0,[  7   9 221],[  0   0 220],11.445523142259598,0.0,100.0
41,58,[218  18   9],[220   0   0],20.223748416156685,0.0,100.0,[  3 204   7],[  0 220   0],17.72004514666935,0.0,100.0,[ 17   6 229],[  0   0 220],20.149441679609886,0.0,100.0
41,59,[215   7  19],[220   0   0],20.85665361461421,0.0,100.0,[  8 229  11],[  0 220   0],16.30950643030009,0.0,100.0,[ 14  16 229],[  0   0 220],23.08679276123039,0.0,100.0
41,60,[235   0   7],[220   0   0],16.55294535724685,0.0,100.0,[ 17 214  14],[  0 220   0],22.825424421026653,0.0,100.0,[ 12  19 231],[  0   0 220],25.019992006393608,0.0,100.0
41,61,[234  16  11],[220   0   0],23.93741840717165,0.0,100.0,[  2 236   6],[  0 220   0],17.204650534085253,0.0,100.0,[ 17   6 209],[  0   0 220],21.118712081942874,0.0,100.0
41,62,[238  19  16],[220   0   0],30.675723300355934,0.0,100.0,[  4 231   0],[  0 220   0],11.704699910719626,0.0,100.0,[ 19   4 219],[  0   0 220],19.44222209522358,0.0,100.0
41,63,[224  14   5],[220   0   0],15.394804318340652,0.0,100.0,[  5 232  11],[  0 220   0],17.029386365926403,0.0,100.0,[ 12  12 212],[  0   0 220],18.76166303929372,0.0,100.0
42,0,[216   3  15],[220   0   0],15.811388300841896,0.0,100.0,[ 15 236   9],[  0 220   0],23.706539182259394,0.0,100.0,[  0  17 234],[  0   0 220],22.02271554554524,0.0,100.0
42,1,[225  15  15],[220   0   0],21.79449471770337,0.0,100.0,[ 14 204  10],[  0 220   0],23.49468024894146,0.0,100.0,[ 17   0 233],[  0   0 220],21.400934559032695,0.0,100.0
42,2,[204  11   7],[220   0   0],20.639767440550294,0.0,100.0,[ 18 212  15],[  0 220   0],24.758836806279895,0.0,100.0,[ 13   7 228],[  0   0 220],16.792855623746664,0.0,100.0
42,3,[232   6   2],[220   0   0],13.564659966250536,0.0,100.0,[ 11 225  13],[  0 220   0],17.74823934929885,0.0,100.0,[  5  11 203],[  0   0 220],20.85665361461421,0.0,100.0
42,4,[218  11   5],[220   0   0],12.24744871391589,0.0,100.0,[  6 211  14],[  0 220   0],17.69180601295413,0.0,100.0,[  4  15 228],[  0   0 220],17.46424919657298,0.0,100.0
42,5,[239   4   2],[220   0   0],19.519221295943137,0.0,100.0,[ 13 205  15],[  0 220   0],24.879710609249457,0.0,100.0,[ 13   1 205],[  0   0 220],19.87460691435179,0.0,100.0
42,6,[225  15   3],[220   0   0],16.09347693943108,0.0,100.0,[ 15 235   5],[  0 220   0],21.79449471770337,0.0,100.0,[  2  16 218],[  0   0 220],16.24807680927192,0.0,100.0
42,7,[203  16   5],[220   0   0],23.874672772626646,0.0,100.0,[  4 236  16],[  0 220   0],22.978250586152114,0.0,100.0,[ 13  19 227],[  0   0 220],24.06241883103193,0.0,100.0
42,8,[221   3   2],[220   0   0],3.7416573867739413,0.0,100.0,[  7 229  12],[  0 220   0],16.55294535724685,0.0,100.0,[ 18   3 227],[  0   0 220],19.544820285692065,0.0,100.0
42,9,[223   7  15],[220   0   0],16.822603841260722,0.0,100.0,[  3 208  18],[  0 220   0],21.840329667841555,0.0,100.0,[  5   6 238],[  0   0 220],19.621416870348583,0.0,100.0
42,10,[202  18   5],[220   0   0],25.942243542145693,0.0,100.0,[ 17 226  17],[  0 220   0],24.779023386727733,0.0,100.0,[  5  18 220],[  0   0 220],18.681541692269406,0.0,100.0
42,11,[233   4   7],[220   0   0],15.297058540778355,0.0,100.0,[  6 238  14],[  0 220   0],23.57965224510319,0.0,100.0,[ 14   3 229],[  0   0 220],16.911534525287763,0.0,100.0
42,12,[237  12   7],[220   0   0],21.95449840010015,0.0,100.0,[ 10 207   9],[  0 220   0],18.708286933869708,0.0,100.0,[ 14  12 221],[  0   0 220],18.466185312619388,0.0,100.0
42,13,[221  18  16],[220   0   0],24.1039415863879,0.0,100.0,[  9 230  18],[  0 220   0],22.47220505424423,0.0,100.0,[  5   0 222],[  0   0 220],5.385164807134504,0.0,100.0
42,14,[216   9  11],[220   0   0],14.7648230602334,0.0,100.0,[  0 231  12],[  0 220   0],16.278820596099706,0.0,100.0,[  7   4 202],[  0   0 220],19.72308292331602,0.0,100.0
42,15,[232   8  16],[220   0   0],21.540659228538015,0.0,100.0,[  8 236   9],[  0 220   0],20.024984394500787,0.0,100.0,[  2   0 228],[  0   0 220],8.246211251235321,0.0,100.0
42,16,[225   8   9],[220   0   0],13.038404810405298,0.0,100.0,[ 15 212  16],[  0 220   0],23.345235059857504,0.0,100.0,[ 12   2 237],[  0   0 220],20.904544960366874,0.0,100.0
42,17,[220  18   2],[220   0   0],18.110770276274835,0.0,100.0,[  1 226   4],[  0 220   0],7.280109889280518,0.0,100.0,[  0   2 214],[  0   0 220],6.324555320336759,0.0,100.0
42,18,[239   0  17],[220   0   0],25.495097567963924,0.0,100.0,[  1 239  10],[  0 220   0],21.494185260204677,0.0,100.0,[ 18  10 221],[  0   0 220],20.615528128088304,0.0,100.0
42,19,[225   7  19],[220   0   0],20.85665361461421,0.0,100.0,[  7 229  19],[  0 220   0],22.15851980616034,0.0,100.0,[  2  12 202],[  0   0 220],21.72556098240043,0.0,100.0
42,20,[213  10   1],[220   0   0],12.24744871391589,0.0,100.0,[  4 231   1],[  0 220   0],11.74734012447073,0.0,100.0,[  1  18 239],[  0   0 220],26.19160170741759,0.0,100.0
42,21,[201   8   7],[220   0   0],21.77154105707724,0.0,100.0,[ 12 227  17],[  0 220   0],21.95449840010015,0.0,100.0,[ 18  12 203],[  0   0 220],27.51363298439521,0.0,100.0
42,22,[228  19  13],[220   0   0],24.372115213907882,0.0,100.0,[  7 218  16],[  0 220   0],17.578395831246947,0.0,100.0,[  0   0 209],[  0   0 220],11.0,0.0,100.0
42,23,[219   4  17],[220   0   0],17.4928556845359,0.0,100.0,[ 16 223   1],[  0 220   0],16.30950643030009,0.0,100.0,[ 14  13 216],[  0   0 220],19.519221295943137,0.0,100.0
42,24,[234  14  17],[220   0   0],26.095976701399778,0.0,100.0,[ 16 210  17],[  0 220   0],25.39685019840059,0.0,100.0,[ 19  15 209],[  0   0 220],26.589471600616662,0.0,100.0
42,25,[227   0   1],[220   0   0],7.0710678118654755,0.0,100.0,[  9 215  10],[  0 220   0],14.352700094407323,0.0,100.0,[ 14   1 227],[  0   0 220],15.684387141358123,0.0,100.0
42,26,[206   6   6],[220   0   0],16.3707055437449,0.0,100.0,[ 17 201  17],[  0 220   0],30.643106892089126,0.0,100.0,[  6   7 211],[  0   0 220],12.884098726725126,0.0,100.0
42,27,[214  14  11],[220   0   0],18.788294228055936,0.0,100.0,[ 10 220   7],[  0 220   0],12.206555615733702,0.0,100.0,[ 10  14 202],[  0   0 220],24.899799195977465,0.0,100.0
42,28,[206   5  16],[220   0   0],21.840329667841555,0.0,100.0,[ 14 212   6],[  0 220   0],17.204650534085253,0.0,100.0,[ 18  15 222],[  0   0 220],23.515952032609693,0.0,100.0
42,29,[229   0   9],[220   0   0],12.727922061357855,0.0,100.0,[  0 206  16],[  0 220   0],21.2602916254693,0.0,100.0,[  6  13 226],[  0   0 220],15.524174696260024,0.0,100.0
42,30,[212  18   4],[220   0   0],20.09975124224178,0.0,100.0,[ 14 206  17],[  0 220   0],26.095976701399778,0.0,100.0,[ 17   2 214],[  0   0 220],18.138357147217054,0.0,100.0
42,31,[235   8   3],[220   0   0],17.26267650163207,0.0,100.0,[  1 223  19],[  0 220   0],19.261360284258224,0.0,100.0,[  1   1 215],[  0   0 220],5.196152422706632,0.0,100.0
42,32,[220  15  17],[220   0   0],22.67156809750927,0.0,100.0,[ 10 232   3],[  0 220   0],15.905973720586866,0.0,100.0,[  4   7 212],[  0   0 220],11.357816691600547,0.0,100.0
42,33,[224  15   2],[220   0   0],15.652475842498529,0.0,100.0,[  5 216  12],[  0 220   0],13.601470508735444,0.0,100.0,[ 12  12 224],[  0   0 220],17.435595774162696,0.0,100.0
42,34,[204   8  13],[220   0   0],22.11334438749598,0.0,100.0,[ 18 228  18],[  0 220   0],26.68332812825267,0.0,100.0,[ 10   8 211],[  0   0 220],15.652475842498529,0.0,100.0
42,35,[203   4  19],[220   0   0],25.80697580112788,0.0,100.0,[ 17 211  10],[  0 220   0],21.6794833886788,0.0,100.0,[ 18  19 226],[  0   0 220],26.851443164195103,0.0,100.0
42,36,[204  13   0],[220   0   0],20.615528128088304,0.0,100.0,[ 14 235  13],[  0 220   0],24.289915602982237,0.0,100.0,[  0  17 220],[  0   0 220],17.0,0.0,100.0
42,37,[231   0  16],[220   0   0],19.4164878389476,0.0,100.0,[  9 217   8],[  0 220   0],12.409673645990857,0.0,100.0,[ 12  18 209],[  0   0 220],24.269322199023193,0.0,100.0
42,38,[201  14   8],[220   0   0],24.919871588754223,0.0,100.0,[  4 220  10],[  0 220   0],10.770329614269007,0.0,100.0,[ 13   6 226],[  0   0 220],15.524174696260024,0.0,100.0
42,39,[214  10  11],[220   0   0],16.0312195418814,0.0,100.0,[ 10 232  12],[  0 220   0],19.697715603592208,0.0,100.0,[ 15  13 216],[  0   0 220],20.248456731316587,0.0,100.0
42,40,[221  12   7],[220   0   0],13.92838827718412,0.0,100.0,[ 15 236   7],[  0 220   0],23.021728866442675,0.0,100.0,[  1   5 215],[  0   0 220],7.14142842854285,0.0,100.0
42,41,[212   7   4],[220   0   0],11.357816691600547,0.0,100.0,[  9 208  16],[  0 220   0],21.93171219946131,0.0,100.0,[ 16  14 214],[  0   0 220],22.090722034374522,0.0,100.0
42,42,[210   1   5],[220   0   0],11.224972160321824,0.0,100.0,[  7 233  18],[  0 220   0],23.280893453645632,0.0,100.0,[  7  11 208],[  0   0 220],17.72004514666935,0.0,100.0
42,43,[204  17  11],[220   0   0],25.80697580112788,0.0,100.0,[ 17 234  11],[  0 220   0],24.61706725018234,0.0,100.0,[  6   4 231],[  0   0 220],13.152946437965905,0.0,100.0
42,44,[236   0   0],[220   0   0],16.0,0.0,100.0,[  9 229  15],[  0 220   0],19.672315572906,0.0,100.0,[  3   3 222],[  0   0 220],4.69041575982343,0.0,100.0
42,45,[202  19   1],[220   0   0],26.19160170741759,0.0,100.0,[  3 215   9],[  0 220   0],10.723805294763608,0.0,100.0,[  2   9 207],[  0   0 220],15.937377450509228,0.0,100.0
42,46,[230  18  11],[220   0   0],23.345235059857504,0.0,100.0,[ 13 202  16],[  0 220   0],27.367864366808018,0.0,100.0,[ 18  19 212],[  0   0 220],27.367864366808018,0.0,100.0
42,47,[221  11   8],[220   0   0],13.638181696985855,0.0,100.0,[ 17 236   7],[  0 220   0],24.372115213907882,0.0,100.0,[  8  11 237],[  0   0 220],21.77154105707724,0.0,100.0
42,48,[210  14  10],[220   0   0],19.8997487421324,0.0,100.0,[  8 219   1],[  0 220   0],8.12403840463596,0.0,100.0,[ 17   8 223],[  0   0 220],19.026297590440446,0.0,100.0
42,49,[202  18   0],[220   0   0],25.45584412271571,0.0,100.0,[  1 230  14],[  0 220   0],17.233687939614086,0.0,100.0,[ 13  16 221],[  0   0 220],20.639767440550294,0.0,100.0
42,50,[210   9  13],[220   0   0],18.708286933869708,0.0,100.0,[ 11 208  15],[  0 220   0],22.135943621178654,0.0,100.0,[ 11  14 218],[  0   0 220],17.916472867168917,0.0,100.0
42,51,[203  15   0],[220   0   0],22.67156809750927,0.0,100.0,[  0 233  14],[  0 220   0],19.1049731745428,0.0,100.0,[ 16   9 216],[  0   0 220],18.788294228055936,0.0,100.0
42,52,[219  10  11],[220   0   0],14.89966442575134,0.0,100.0,[  7 208  19],[  0 220   0],23.53720459187964,0.0,100.0,[ 15  18 204],[  0   0 220],28.372521918222215,0.0,100.0
42,53,[205  13  16],[220   0   0],25.495097567963924,0.0,100.0,[  8 215  18],[  0 220   0],20.322401432901575,0.0,100.0,[ 17  16 202],[  0   0 220],29.478805945967352,0.0,100.0
42,54,[211  16   0],[220   0   0],18.35755975068582,0.0,100.0,[  1 210   8],[  0 220   0],12.84523257866513,0.0,100.0,[ 18  18 223],[  0   0 220],25.632011235952593,0.0,100.0
42,55,[222   8  14],[220   0   0],16.24807680927192,0.0,100.0,[ 18 218  17],[  0 220   0],24.839484696748443,0.0,100.0,[  9   4 220],[  0   0 220],9.848857801796104,0.0,100.0
42,56,[234   9  14],[220   0   0],21.748563170931547,0.0,100.0,[  5 207  17],[  0 220   0],21.97726097583591,0.0,100.0,[  6   5 213],[  0   0 220],10.488088481701515,0.0,100.0
42,57,[237  12  13],[220   0   0],24.535688292770594,0.0,100.0,[  9 201   4],[  0 220   0],21.400934559032695,0.0,100.0,[  3  11 235],[  0   0 220],18.841443681416774,0.0,100.0
42,58,[221  16   9],[220   0   0],18.384776310850235,0.0,100.0,[ 16 205   8],[  0 220   0],23.345235059857504,0.0,100.0,[ 14  19 210],[  0   0 220],25.632011235952593,0.0,100.0
42,59,[202   5   7],[220   0   0],19.949937343260004,0.0,100.0,[ 11 224   2],[  0 220   0],11.874342087037917,0.0,100.0,[ 13   4 223],[  0   0 220],13.92838827718412,0.0,100.0
42,60,[215   1  18],[220   0   0],18.708286933869708,0.0,100.0,[  3 229   4],[  0 220   0],10.295630140987,0.0,100.0,[ 13  17 213],[  0   0 220],22.516660498395403,0.0,100.0
42,61,[229   7   8],[220   0   0],13.92838827718412,0.0,100.0,[ 12 201  10],[  0 220   0],24.596747752497688,0.0,100.0,[  3  10 212],[  0   0 220],13.152946437965905,0.0,100.0
42,62,[238   3  18],[220   0   0],25.632011235952593,0.0,100.0,[ 13 224  15],[  0 220   0],20.248456731316587,0.0,100.0,[  4   5 205],[  0   0 220],16.30950643030009,0.0,100.0
42,63,[209   8  10],[220   0   0],16.881943016134134,0.0,100.0,[ 10 205  15],[  0 220   0],23.45207879911715,0.0,100.0,[ 18  10 215],[  0   0 220],21.18962010041709,0.0,100.0
43,0,[209   8  18],[220   0   0],22.561028345356956,0.0,100.0,[  1 202   1],[  0 220   0],18.05547008526779,0.0,100.0,[ 12   7 216],[  0   0 220],14.45683229480096,0.0,100.0
43,1,[233  16  17],[220   0   0],26.720778431774775,0.0,100.0,[ 12 207  15],[  0 220   0],23.194827009486403,0.0,100.0,[ 11   3 214],[  0   0 220],12.884098726725126,0.0,100.0
43,2,[223   8  18],[220   0   0],19.924858845171276,0.0,100.0,[  7 206   1],[  0 220   0],15.684387141358123,0.0,100.0,[  7  17 203],[  0   0 220],25.03996805109783,0.0,100.0
43,3,[225  12  17],[220   0   0],21.400934559032695,0.0,100.0,[  7 201  16],[  0 220   0],25.80697580112788,0.0,100.0,[  5  13 216],[  0   0 220],14.491376746189438,0.0,100.0
43,4,[221   2  16],[220   0   0],16.15549442140351,0.0,100.0,[ 19 223   6],[  0 220   0],20.149441679609886,0.0,100.0,[  9  14 216],[  0   0 220],17.11724276862369,0.0,100.0
43,5,[237  12   2],[220   0   0],20.904544960366874,0.0,100.0,[  2 203   0],[  0 220   0],17.11724276862369,0.0,100.0,[  4   5 219],[  0   0 220],6.48074069840786,0.0,100.0
43,6,[207  11  17],[220   0   0],24.06241883103193,0.0,100.0,[  9 223   0],[  0 220   0],9.486832980505138,0.0,100.0,[  0  13 228],[  0   0 220],15.264337522473747,0.0,100.0
43,7,[212   8  19],[220   0   0],22.11334438749598,0.0,100.0,[  5 219  12],[  0 220   0],13.038404810405298,0.0,100.0,[  9  15 236],[  0   0 220],23.706539182259394,0.0,100.0
43,8,[223  18  16],[220   0   0],24.269322199023193,0.0,100.0,[  7 232  13],[  0 220   0],19.026297590440446,0.0,100.0,[  2   5 227],[  0   0 220],8.831760866327848,0.0,100.0
43,9,[203   6   7],[220   0   0],19.339079605813716,0.0,100.0,[  3 226   6],[  0 220   0],9.0,0.0,100.0,[  9   2 236],[  0   0 220],18.466185312619388,0.0,100.0
43,10,[205  17   1],[220   0   0],22.693611435820433,0.0,100.0,[  7 233   2],[  0 220   0],14.89966442575134,0.0,100.0,[ 19  12 205],[  0   0 220],27.018512172212592,0.0,100.0
43,11,[217  19   5],[220   0   0],19.87460691435179,0.0,100.0,[ 10 229   6],[  0 220   0],14.730919862656235,0.0,100.0,[ 17   3 213],[  0   0 220],18.627936010197157,0.0,100.0
43,12,[221   8  15],[220   0   0],17.029386365926403,0.0,100.0,[ 15 237  15],[  0 220   0],27.184554438136374,0.0,100.0,[ 16   5 224],[  0   0 220],17.233687939614086,0.0,100.0
43,13,[207  14   3],[220   0   0],19.339079605813716,0.0,100.0,[ 11 214  12],[  0 220   0],17.349351572897472,0.0,100.0,[ 11   8 220],[  0   0 220],13.601470508735444,0.0,100.0
43,14,[212   8  15],[220   0   0],18.788294228055936,0.0,100.0,[  1 226  12],[  0 220   0],13.45362404707371,0.0,100.0,[ 13  14 226],[  0   0 220],20.024984394500787,0.0,100.0
43,15,[203  14   5],[220   0   0],22.58317958127243,0.0,100.0,[ 13 238  12],[  0 220   0],25.238858928247925,0.0,100.0,[ 10   5 224],[  0   0 220],11.874342087037917,0.0,100.0
43,16,[207  13   4],[220   0   0],18.81488772222678,0.0,100.0,[ 13 237  14],[  0 220   0],25.573423705088842,0.0,100.0,[ 11  17 222],[  0   0 220],20.346989949375804,0.0,100.0
43,17,[212   6  17],[220   0   0],19.72308292331602,0.0,100.0,[  1 219  10],[  0 220   0],10.099504938362077,0.0,100.0,[ 10   3 224],[  0   0 220],11.180339887498949,0.0,100.0
43,18,[229  13   1],[220   0   0],15.84297951775486,0.0,100.0,[  6 229   0],[  0 220   0],10.816653826391969,0.0,100.0,[  8  19 214],[  0   0 220],21.470910553583888,0.0,100.0
43,19,[236  18  15],[220   0   0],28.372521918222215,0.0,100.0,[ 11 217   1],[  0 220   0],11.445523142259598,0.0,100.0,[  8   5 204],[  0   0 220],18.57417562100671,0.0,100.0
43,20,[207  13   6],[220   0   0],19.339079605813716,0.0,100.0,[ 18 225   4],[  0 220   0],19.1049731745428,0.0,100.0,[ 16   6 225],[  0   0 220],17.804493814764857,0.0,100.0
43,21,[202  10  12],[220   0   0],23.83275057562597,0.0,100.0,[  3 216   5],[  0 220   0],7.0710678118654755,0.0,100.0,[ 13   6 210],[  0   0 220],17.46424919657298,0.0,100.0
43,22,[208  14   6],[220   0   0],19.390719429665317,0.0,100.0,[  0 204   8],[  0 220   0],17.88854381999832,0.0,100.0,[ 10  10 234],[  0   0 220],19.8997487421324,0.0,100.0
43,23,[223   0  12],[220   0   0],12.36931687685298,0.0,100.0,[ 18 230  10],[  0 220   0],22.891046284519195,0.0,100.0,[  3  14 216],[  0   0 220],14.866068747318506,0.0,100.0
43,24,[220   1   1],[220   0   0],1.4142135623730951,0.0,100.0,[  9 206   5],[  0 220   0],17.378147196982766,0.0,100.0,[ 18  19 237],[  0   0 220],31.20897306865447,0.0,100.0
43,25,[211  19  13],[220   0   0],24.71841418861655,0.0,100.0,[  2 215   3],[  0 220   0],6.164414002968976,0.0,100.0,[ 15   9 205],[  0   0 220],23.043437243605826,0.0,100.0
43,26,[210  13   4],[220   0   0],16.881943016134134,0.0,100.0,[ 13 220   1],[  0 220   0],13.038404810405298,0.0,100.0,[ 17  15 209],[  0   0 220],25.199206336708304,0.0,100.0
43,27,[239   2  15],[220   0   0],24.289915602982237,0.0,100.0,[ 14 230   6],[  0 220   0],18.2208671582886,0.0,100.0,[  0   0 229],[  0   0 220],9.0,0.0,100.0
43,28,[202   1  18],[220   0   0],25.475478405713993,0.0,100.0,[  5 230   2],[  0 220   0],11.357816691600547,0.0,100.0,[ 14  18 204],[  0   0 220],27.85677655436824,0.0,100.0
43,29,[233  13  18],[220   0   0],25.729360660537214,0.0,100.0,[ 10 235   5],[  0 220   0],18.708286933869708,0.0,100.0,[  4   0 204],[  0   0 220],16.492422502470642,0.0,100.0
43,30,[205   6  12],[220   0   0],20.12461179749811,0.0,100.0,[  7 228   7],[  0 220   0],12.727922061357855,0.0,100.0,[ 18   5 213],[  0   0 220],19.949937343260004,0.0,100.0
43,31,[228   1  17],[220   0   0],18.81488772222678,0.0,100.0,[  5 212   2],[  0 220   0],9.643650760992955,0.0,100.0,[ 16  13 235],[  0   0 220],25.495097567963924,0.0,100.0
43,32,[209   8  16],[220   0   0],21.0,0.0,100.0,[  3 232  16],[  0 220   0],20.223748416156685,0.0,100.0,[ 19  12 213],[  0   0 220],23.53720459187964,0.0,100.0
43,33,[219   2   6],[220   0   0],6.4031242374328485,0.0,100.0,[ 18 237   0],[  0 220   0],24.758836806279895,0.0,100.0,[ 15   0 231],[  0   0 220],18.601075237738275,0.0,100.0
43,34,[210   2  16],[220   0   0],18.973665961010276,0.0,100.0,[ 13 214  14],[  0 220   0],20.024984394500787,0.0,100.0,[  6   4 233],[  0   0 220],14.866068747318506,0.0,100.0
43,35,[206   2   1],[220   0   0],14.177446878757825,0.0,100.0,[  9 208   2],[  0 220   0],15.132745950421556,0.0,100.0,[  4  12 235],[  0   0 220],19.621416870348583,0.0,100.0
43,36,[237   0  17],[220   0   0],24.041630560342615,0.0,100.0,[ 19 223   2],[  0 220   0],19.339079605813716,0.0,100.0,[  2   2 208],[  0   0 220],12.328828005937952,0.0,100.0
43,37,[223   8  15],[220   0   0],17.26267650163207,0.0,100.0,[  5 206  11],[  0 220   0],18.49324200890693,0.0,100.0,[ 17  13 228],[  0   0 220],22.847319317591726,0.0,100.0
43,38,[219  18  18],[220   0   0],25.475478405713993,0.0,100.0,[  2 236   6],[  0 220   0],17.204650534085253,0.0,100.0,[  2  12 208],[  0   0 220],17.08800749063506,0.0,100.0
43,39,[207   5   3],[220   0   0],14.247806848775006,0.0,100.0,[  1 218   5],[  0 220   0],5.477225575051661,0.0,100.0,[ 18  14 229],[  0   0 220],24.515301344262525,0.0,100.0
43,40,[213  17  17],[220   0   0],25.03996805109783,0.0,100.0,[  9 228   9],[  0 220   0],15.033296378372908,0.0,100.0,[  4  10 220],[  0   0 220],10.770329614269007,0.0,100.0
43,41,[201  12   6],[220   0   0],23.259406699226016,0.0,100.0,[ 15 224   4],[  0 220   0],16.0312195418814,0.0,100.0,[  3   0 210],[  0   0 220],10.44030650891055,0.0,100.0
43,42,[228   3  11],[220   0   0],13.92838827718412,0.0,100.0,[  6 219   4],[  0 220   0],7.280109889280518,0.0,100.0,[ 10   5 217],[  0   0 220],11.575836902790225,0.0,100.0
43,43,[200   1  14],[220   0   0],24.43358344574123,0.0,100.0,[  5 208  12],[  0 220   0],17.69180601295413,0.0,100.0,[  0   9 211],[  0   0 220],12.727922061357855,0.0,100.0
43,44,[218  10  13],[220   0   0],16.522711641858304,0.0,100.0,[ 16 210   5],[  0 220   0],19.519221295943137,0.0,100.0,[ 11  12 217],[  0   0 220],16.55294535724685,0.0,100.0
43,45,[231  12   3],[220   0   0],16.55294535724685,0.0,100.0,[ 15 230  16],[  0 220   0],24.1039415863879,0.0,100.0,[  5  19 207],[  0   0 220],23.558437978779494,0.0,100.0
43,46,[220  18   9],[220   0   0],20.12461179749811,0.0,100.0,[ 13 212   5],[  0 220   0],16.06237840420901,0.0,100.0,[  5  12 214],[  0   0 220],14.317821063276353,0.0,100.0
43,47,[233   5   5],[220   0   0],14.798648586948742,0.0,100.0,[ 11 213  11],[  0 220   0],17.05872210923198,0.0,100.0,[ 15   7 210],[  0   0 220],19.339079605813716,0.0,100.0
43,48,[232   3  15],[220   0   0],19.44222209522358,0.0,100.0,[  7 223  10],[  0 220   0],12.569805089976535,0.0,100.0,[ 12   4 212],[  0   0 220],14.966629547095765,0.0,100.0
43,49,[215  13   3],[220   0   0],14.247806848775006,0.0,100.0,[  8 210  10],[  0 220   0],16.24807680927192,0.0,100.0,[ 10  16 218],[  0   0 220],18.973665961010276,0.0,100.0
43,50,[233   9  16],[220   0   0],22.494443758403985,0.0,100.0,[ 19 231  18],[  0 220   0],28.39013913315678,0.0,100.0,[ 16  15 216],[  0   0 220],22.293496809607955,0.0,100.0
43,51,[222  19  12],[220   0   0],22.561028345356956,0.0,100.0,[  6 234   8],[  0 220   0],17.204650534085253,0.0,100.0,[ 14   5 216],[  0   0 220],15.394804318340652,0.0,100.0
43,52,[203   8  14],[220   0   0],23.430749027719962,0.0,100.0,[ 16 211  13],[  0 220   0],22.494443758403985,0.0,100.0,[  6   6 224],[  0   0 220],9.38083151964686,0.0,100.0
43,53,[214   8  19],[220   0   0],21.470910553583888,0.0,100.0,[ 18 204  10],[  0 220   0],26.076809620810597,0.0,100.0,[  9  15 220],[  0   0 220],17.4928556845359,0.0,100.0
43,54,[210   2  18],[220   0   0],20.688160865577203,0.0,100.0,[ 18 220   5],[  0 220   0],18.681541692269406,0.0,100.0,[  9   2 232],[  0   0 220],15.132745950421556,0.0,100.0
43,55,[201  11  11],[220   0   0],24.55605831561735,0.0,100.0,[  1 220   2],[  0 220   0],2.23606797749979,0.0,100.0,[ 17   2 230],[  0   0 220],19.82422760159901,0.0,100.0
43,56,[227   9   7],[220   0   0],13.379088160259652,0.0,100.0,[ 15 203   9],[  0 220   0],24.392621835300936,0.0,100.0,[ 18  16 203],[  0   0 220],29.478805945967352,0.0,100.0
43,57,[211   3   7],[220   0   0],11.789826122551595,0.0,100.0,[ 11 210   9],[  0 220   0],17.378147196982766,0.0,100.0,[ 19  14 205],[  0   0 220],27.964262908219126,0.0,100.0
43,58,[235   2   5],[220   0   0],15.937377450509228,0.0,100.0,[ 12 218   8],[  0 220   0],14.560219778561036,0.0,100.0,[ 17   0 223],[  0   0 220],17.26267650163207,0.0,100.0
43,59,[200  11  15],[220   0   0],27.313000567495326,0.0,100.0,[  7 215   8],[  0 220   0],11.74734012447073,0.0,100.0,[  9  12 231],[  0   0 220],18.601075237738275,0.0,100.0
43,60,[225   6   4],[220   0   0],8.774964387392123,0.0,100.0,[  9 226   5],[  0 220   0],11.916375287812984,0.0,100.0,[ 18  14 209],[  0   0 220],25.317977802344327,0.0,100.0
43,61,[230  15  19],[220   0   0],26.19160170741759,0.0,100.0,[ 13 220   8],[  0 220   0],15.264337522473747,0.0,100.0,[  3   4 204],[  0   0 220],16.76305461424021,0.0,100.0
43,62,[217  10   3],[220   0   0],10.862780491200215,0.0,100.0,[ 13 228   2],[  0 220   0],15.394804318340652,0.0,100.0,[ 14   8 205],[  0   0 220],22.02271554554524,0.0,100.0
43,63,[206   6  14],[220   0   0],20.688160865577203,0.0,100.0,[ 10 235  14],[  0 220   0],22.825424421026653,0.0,100.0,[  0  11 223],[  0   0 220],11.40175425099138,0.0,100.0
44,0,[238  16   0],[220   0   0],24.08318915758459,0.0,100.0,[  8 223  15],[  0 220   0],17.26267650163207,0.0,100.0,[ 19   1 217],[  0   0 220],19.261360284258224,0.0,100.0
44,1,[200   5  10],[220   0   0],22.9128784747792,0.0,100.0,[  8 220   3],[  0 220   0],8.54400374531753,0.0,100.0,[ 19  19 234],[  0   0 220],30.298514815086232,0.0,100.0
44,2,[210   2   0],[220   0   0],10.198039027185569,0.0,100.0,[ 10 238  10],[  0 220   0],22.891046284519195,0.0,100.0,[  9  13 221],[  0   0 220],15.84297951775486,0.0,100.0
44,3,[218  19  17],[220   0   0],25.573423705088842,0.0,100.0,[  4 212  13],[  0 220   0],15.7797338380595,0.0,100.0,[ 15   9 224],[  0   0 220],17.944358444926362,0.0,100.0
44,4,[210  10  12],[220   0   0],18.547236990991408,0.0,100.0,[ 15 208   3],[  0 220   0],19.44222209522358,0.0,100.0,[  8  12 219],[  0   0 220],14.45683229480096,0.0,100.0
44,5,[238  18  11],[220   0   0],27.730849247724095,0.0,100.0,[  2 225   1],[  0 220   0],5.477225575051661,0.0,100.0,[  4   3 224],[  0   0 220],6.4031242374328485,0.0,100.0
44,6,[224   7  16],[220   0   0],17.916472867168917,0.0,100.0,[ 15 200   5],[  0 220   0],25.495097567963924,0.0,100.0,[ 15   1 237],[  0   0 220],22.693611435820433,0.0,100.0
44,7,[222  10   5],[220   0   0],11.357816691600547,0.0,100.0,[  6 231   5],[  0 220   0],13.490737563232042,0.0,100.0,[ 15   6 208],[  0   0 220],20.12461179749811,0.0,100.0
44,8,[236   4   9],[220   0   0],18.788294228055936,0.0,100.0,[  6 239   3],[  0 220   0],20.149441679609886,0.0,100.0,[  3  19 226],[  0   0 220],20.149441679609886,0.0,100.0
44,9,[210  10   8],[220   0   0],16.24807680927192,0.0,100.0,[ 18 236   9],[  0 220   0],25.709920264364882,0.0,100.0,[  6  17 232],[  0   0 220],21.656407827707714,0.0,100.0
44,10,[228   5  17],[220   0   0],19.44222209522358,0.0,100.0,[  0 216   0],[  0 220   0],4.0,0.0,100.0,[  6   1 237],[  0   0 220],18.05547008526779,0.0,100.0
44,11,[200  12   0],[220   0   0],23.323807579381203,0.0,100.0,[ 16 200   0],[  0 220   0],25.612496949731394,0.0,100.0,[ 19  18 231],[  0   0 220],28.39013913315678,0.0,100.0
44,12,[238   8  18],[220   0   0],26.68332812825267,0.0,100.0,[  6 223  19],[  0 220   0],20.149441679609886,0.0,100.0,[  3   2 232],[  0   0 220],12.529964086141668,0.0,100.0
44,13,[225  17   8],[220   0   0],19.44222209522358,0.0,100.0,[  9 208  18],[  0 220   0],23.430749027719962,0.0,100.0,[  0   4 201],[  0   0 220],19.4164878389476,0.0,100.0
44,14,[217  17   2],[220   0   0],17.378147196982766,0.0,100.0,[ 15 212   2],[  0 220   0],17.11724276862369,0.0,100.0,[  7  17 207],[  0   0 220],22.516660498395403,0.0,100.0
44,15,[225   3  17],[220   0   0],17.97220075561143,0.0,100.0,[  9 234  15],[  0 220   0],22.40535650240808,0.0,100.0,[  7  11 229],[  0   0 220],15.84297951775486,0.0,100.0
44,16,[239  12   8],[220   0   0],23.853720883753127,0.0,100.0,[  7 229   7],[  0 220   0],13.379088160259652,0.0,100.0,[  0  15 237],[  0   0 220],22.67156809750927,0.0,100.0
44,17,[232   9   8],[220   0   0],17.0,0.0,100.0,[ 14 208   7],[  0 220   0],19.72308292331602,0.0,100.0,[  1   0 231],[  0   0 220],11.045361017187261,0.0,100.0
44,18,[222   4   0],[220   0   0],4.47213595499958,0.0,100.0,[ 14 238   3],[  0 220   0],23.0,0.0,100.0,[  8  15 209],[  0   0 220],20.248456731316587,0.0,100.0
44,19,[217   0   8],[220   0   0],8.54400374531753,0.0,100.0,[ 19 217   2],[  0 220   0],19.339079605813716,0.0,100.0,[  3   8 224],[  0   0 220],9.433981132056603,0.0,100.0
44,20,[214  14   3],[220   0   0],15.524174696260024,0.0,100.0,[  2 210  18],[  0 220   0],20.688160865577203,0.0,100.0,[  6  17 238],[  0   0 220],25.475478405713993,0.0,100.0
44,21,[211   5   0],[220   0   0],10.295630140987,0.0,100.0,[ 15 203   9],[  0 220   0],24.392621835300936,0.0,100.0,[  0   3 228],[  0   0 220],8.54400374531753,0.0,100.0
44,22,[203   5   7],[220   0   0],19.05255888325765,0.0,100.0,[ 16 214  13],[  0 220   0],21.470910553583888,0.0,100.0,[ 15   5 213],[  0   0 220],17.291616465790582,0.0,100.0
44,23,[221  19   8],[220   0   0],20.639767440550294,0.0,100.0,[ 13 202  17],[  0 220   0],27.964262908219126,0.0,100.0,[ 19   6 236],[  0   0 220],25.553864678361276,0.0,100.0
44,24,[203  14  12],[220   0   0],25.079872407968907,0.0,100.0,[ 14 219  11],[  0 220   0],17.832554500127006,0.0,100.0,[ 14  15 213],[  0   0 220],21.6794833886788,0.0,100.0
44,25,[239  10  12],[220   0   0],24.596747752497688,0.0,100.0,[ 12 234  19],[  0 220   0],26.476404589747453,0.0,100.0,[ 11   5 236],[  0   0 220],20.049937655763422,0.0,100.0
44,26,[230  16   7],[220   0   0],20.12461179749811,0.0,100.0,[  0 204   5],[  0 220   0],16.76305461424021,0.0,100.0,[  6   3 234],[  0   0 220],15.524174696260024,0.0,100.0
44,27,[215   0   0],[220   0   0],5.0,0.0,100.0,[ 13 220  16],[  0 220   0],20.615528128088304,0.0,100.0,[  4   5 223],[  0   0 220],7.0710678118654755,0.0,100.0
44,28,[213  13  18],[220   0   0],23.280893453645632,0.0,100.0,[ 18 205  14],[  0 220   0],27.294688127912362,0.0,100.0,[ 13  16 218],[  0   0 220],20.71231517720798,0.0,100.0
44,29,[203   2   7],[220   0   0],18.49324200890693,0.0,100.0,[ 16 227   0],[  0 220   0],17.46424919657298,0.0,100.0,[  5   5 210],[  0   0 220],12.24744871391589,0.0,100.0
44,30,[235  17  10],[220   0   0],24.779023386727733,0.0,100.0,[ 11 225  17],[  0 220   0],20.85665361461421,0.0,100.0,[  0  12 221],[  0   0 220],12.041594578792296,0.0,100.0
44,31,[204   6   6],[220   0   0],18.110770276274835,0.0,100.0,[ 12 227  12],[  0 220   0],18.35755975068582,0.0,100.0,[ 17  12 211],[  0   0 220],22.67156809750927,0.0,100.0
44,32,[220   6  17],[220   0   0],18.027756377319946,0.0,100.0,[  6 239  19],[  0 220   0],27.53179979587241,0.0,100.0,[  6  11 210],[  0   0 220],16.0312195418814,0.0,100.0
44,33,[205   5  11],[220   0   0],19.261360284258224,0.0,100.0,[ 10 214   4],[  0 220   0],12.328828005937952,0.0,100.0,[  4  14 224],[  0   0 220],15.0996688705415,0.0,100.0
44,34,[210   2  12],[220   0   0],15.748015748023622,0.0,100.0,[  0 228   6],[  0 220   0],10.0,0.0,100.0,[ 15   9 215],[  0   0 220],18.193405398660254,0.0,100.0
44,35,[219  13   5],[220   0   0],13.96424004376894,0.0,100.0,[ 15 219  16],[  0 220   0],21.95449840010015,0.0,100.0,[  4   8 234],[  0   0 220],16.61324772583615,0.0,100.0
44,36,[220   1  19],[220   0   0],19.026297590440446,0.0,100.0,[ 14 216  11],[  0 220   0],18.24828759089466,0.0,100.0,[  9   8 238],[  0   0 220],21.656407827707714,0.0,100.0
44,37,[214  11   3],[220   0   0],12.884098726725126,0.0,100.0,[  8 203  10],[  0 220   0],21.283796653792763,0.0,100.0,[  5  14 225],[  0   0 220],15.684387141358123,0.0,100.0
44,38,[239   6   9],[220   0   0],21.863211109075447,0.0,100.0,[ 19 223  12],[  0 220   0],22.67156809750927,0.0,100.0,[  0  11 206],[  0   0 220],17.804493814764857,0.0,100.0
44,39,[229  16  10],[220   0   0],20.904544960366874,0.0,100.0,[ 16 233   4],[  0 220   0],21.0,0.0,100.0,[  9   4 234],[  0   0 220],17.11724276862369,0.0,100.0
44,40,[236   9  19],[220   0   0],26.419689627245813,0.0,100.0,[ 11 238   3],[  0 220   0],21.307275752662516,0.0,100.0,[ 12   0 223],[  0   0 220],12.36931687685298,0.0,100.0
44,41,[237  19  17],[220   0   0],30.643106892089126,0.0,100.0,[ 13 225   2],[  0 220   0],14.071247279470288,0.0,100.0,[  1   3 234],[  0   0 220],14.352700094407323,0.0,100.0
44,42,[233  14   7],[220   0   0],20.346989949375804,0.0,100.0,[  6 230   8],[  0 220   0],14.142135623730951,0.0,100.0,[  3  11 214],[  0   0 220],12.884098726725126,0.0,100.0
44,43,[209  16  15],[220   0   0],24.535688292770594,0.0,100.0,[  9 224   1],[  0 220   0],9.899494936611665,0.0,100.0,[ 15   4 215],[  0   0 220],16.30950643030009,0.0,100.0
44,44,[218  17   2],[220   0   0],17.233687939614086,0.0,100.0,[ 19 210   5],[  0 220   0],22.045407685048602,0.0,100.0,[ 11   5 234],[  0   0 220],18.49324200890693,0.0,100.0
44,45,[224   6   5],[220   0   0],8.774964387392123,0.0,100.0,[ 15 213   0],[  0 220   0],16.55294535724685,0.0,100.0,[  1   6 214],[  0   0 220],8.54400374531753,0.0,100.0
44,46,[203  19   3],[220   0   0],25.67099530598687,0.0,100.0,[ 10 234  18],[  0 220   0],24.899799195977465,0.0,100.0,[ 15   0 235],[  0   0 220],21.213203435596427,0.0,100.0
44,47,[220   5  10],[220   0   0],11.180339887498949,0.0,100.0,[  0 216   6],[  0 220   0],7.211102550927978,0.0,100.0,[  5  18 224],[  0   0 220],19.1049731745428,0.0,100.0
44,48,[204  17   4],[220   0   0],23.68543856465402,0.0,100.0,[ 14 223  16],[  0 220   0],21.470910553583888,0.0,100.0,[ 17  16 226],[  0   0 220],24.1039415863879,0.0,100.0
44,49,[220  19  12],[220   0   0],22.47220505424423,0.0,100.0,[ 10 238  18],[  0 220   0],27.349588662354687,0.0,100.0,[ 16  13 227],[  0   0 220],21.77154105707724,0.0,100.0
44,50,[203  13   9],[220   0   0],23.2163735324878,0.0,100.0,[  6 208  18],[  0 220   0],22.44994432064365,0.0,100.0,[  7   2 205],[  0   0 220],16.673332000533065,0.0,100.0
44,51,[233  17  17],[220   0   0],27.331300737432898,0.0,100.0,[ 15 229   9],[  0 220   0],19.672315572906,0.0,100.0,[ 11   3 203],[  0   0 220],20.46948949045872,0.0,100.0
44,52,[203  13  18],[220   0   0],27.964262908219126,0.0,100.0,[  2 230   8],[  0 220   0],12.96148139681572,0.0,100.0,[ 12   7 215],[  0   0 220],14.7648230602334,0.0,100.0
44,53,[232   2   2],[220   0   0],12.328828005937952,0.0,100.0,[  3 239   7],[  0 220   0],20.46948949045872,0.0,100.0,[  6  10 208],[  0   0 220],16.73320053068151,0.0,100.0
44,54,[231   6  15],[220   0   0],19.544820285692065,0.0,100.0,[ 14 227   2],[  0 220   0],15.7797338380595,0.0,100.0,[ 15  11 234],[  0   0 220],23.280893453645632,0.0,100.0
44,55,[210   0   8],[220   0   0],12.806248474865697,0.0,100.0,[ 19 224   9],[  0 220   0],21.400934559032695,0.0,100.0,[  8   7 205],[  0   0 220],18.384776310850235,0.0,100.0
44,56,[213  17  14],[220   0   0],23.108440016582687,0.0,100.0,[ 14 226   9],[  0 220   0],17.69180601295413,0.0,100.0,[ 19  13 237],[  0   0 220],28.61817604250837,0.0,100.0
44,57,[225   5  17],[220   0   0],18.411952639521967,0.0,100.0,[ 13 222  10],[  0 220   0],16.522711641858304,0.0,100.0,[ 13   4 211],[  0   0 220],16.30950643030009,0.0,100.0
44,58,[226  15  10],[220   0   0],19.0,0.0,100.0,[ 14 208   7],[  0 220   0],19.72308292331602,0.0,100.0,[  1   6 224],[  0   0 220],7.280109889280518,0.0,100.0
44,59,[229  12   9],[220   0   0],17.4928556845359,0.0,100.0,[  9 224   2],[  0 220   0],10.04987562112089,0.0,100.0,[  4  17 209],[  0   0 220],20.639767440550294,0.0,100.0
44,60,[205  18   7],[220   0   0],24.454038521274967,0.0,100.0,[ 14 238   9],[  0 220   0],24.515301344262525,0.0,100.0,[ 14  15 214],[  0   0 220],21.37755832643195,0.0,100.0
44,61,[238   2  18],[220   0   0],25.534290669607408,0.0,100.0,[  0 225  10],[  0 220   0],11.180339887498949,0.0,100.0,[ 16  16 201],[  0   0 220],29.546573405388315,0.0,100.0
44,62,[203   8  10],[220   0   0],21.283796653792763,0.0,100.0,[ 11 213   7],[  0 220   0],14.798648586948742,0.0,100.0,[  3   4 232],[  0   0 220],13.0,0.0,100.0
44,63,[216  15  11],[220   0   0],19.026297590440446,0.0,100.0,[ 12 234  10],[  0 220   0],20.97617696340303,0.0,100.0,[ 13  12 231],[  0   0 220],20.83266665599966,0.0,100.0
45,0,[235   4  13],[220   0   0],20.248456731316587,0.0,100.0,[ 15 200   0],[  0 220   0],25.0,0.0,100.0,[ 11  10 200],[  0   0 220],24.919871588754223,0.0,100.0
45,1,[205   1   7],[220   0   0],16.583123951777,0.0,100.0,[  1 221  19],[  0 220   0],19.05255888325765,0.0,100.0,[ 19  18 231],[  0   0 220],28.39013913315678,0.0,100.0
45,2,[234  15   2],[220   0   0],20.615528128088304,0.0,100.0,[ 14 227   9],[  0 220   0],18.05547008526779,0.0,100.0,[  1   3 221],[  0   0 220],3.3166247903554,0.0,100.0
45,3,[228   3  16],[220   0   0],18.138357147217054,0.0,100.0,[  0 221   7],[  0 220   0],7.0710678118654755,0.0,100.0,[ 19   7 227],[  0   0 220],21.42428528562855,0.0,100.0
45,4,[220  12  12],[220   0   0],16.97056274847714,0.0,100.0,[ 10 207   9],[  0 220   0],18.708286933869708,0.0,100.0,[ 12  15 229],[  0   0 220],21.213203435596427,0.0,100.0
45,5,[229   1  10],[220   0   0],13.490737563232042,0.0,100.0,[ 12 216   0],[  0 220   0],12.649110640673518,0.0,100.0,[  2   0 226],[  0   0 220],6.324555320336759,0.0,100.0
45,6,[220   5   7],[220   0   0],8.602325267042627,0.0,100.0,[  3 236   3],[  0 220   0],16.55294535724685,0.0,100.0,[  5   9 235],[  0   0 220],18.193405398660254,0.0,100.0
45,7,[236  16  19],[220   0   0],29.546573405388315,0.0,100.0,[  3 220  11],[  0 220   0],11.40175425099138,0.0,100.0,[ 18   4 203],[  0   0 220],25.079872407968907,0.0,100.0
45,8,[208   0   5],[220   0   0],13.0,0.0,100.0,[ 17 233   3],[  0 220   0],21.61018278497431,0.0,100.0,[ 15   0 223],[  0   0 220],15.297058540778355,0.0,100.0
45,9,[220  13   4],[220   0   0],13.601470508735444,0.0,100.0,[  2 236  10],[  0 220   0],18.973665961010276,0.0,100.0,[  3   6 223],[  0   0 220],7.3484692283495345,0.0,100.0
45,10,[217   0  12],[220   0   0],12.36931687685298,0.0,100.0,[  6 221   0],[  0 220   0],6.082762530298219,0.0,100.0,[  1  14 203],[  0   0 220],22.045407685048602,0.0,100.0
45,11,[205  12  17],[220   0   0],25.65151067676132,0.0,100.0,[ 10 230   4],[  0 220   0],14.696938456699069,0.0,100.0,[ 11   5 229],[  0   0 220],15.066519173319364,0.0,100.0
45,12,[229  11  10],[220   0   0],17.378147196982766,0.0,100.0,[  0 234   6],[  0 220   0],15.231546211727817,0.0,100.0,[ 14   8 213],[  0   0 220],17.578395831246947,0.0,100.0
45,13,[205  16  12],[220   0   0],25.0,0.0,100.0,[  4 204   8],[  0 220   0],18.33030277982336,0.0,100.0,[  2  15 201],[  0   0 220],24.289915602982237,0.0,100.0
45,14,[200   1  14],[220   0   0],24.43358344574123,0.0,100.0,[  2 234  14],[  0 220   0],19.8997487421324,0.0,100.0,[ 18   7 204],[  0   0 220],25.079872407968907,0.0,100.0
45,15,[201  10  19],[220   0   0],28.6705423736629,0.0,100.0,[ 15 232  15],[  0 220   0],24.372115213907882,0.0,100.0,[ 10   2 209],[  0   0 220],15.0,0.0,100.0
45,16,[223  11   8],[220   0   0],13.92838827718412,0.0,100.0,[  3 239   6],[  0 220   0],20.149441679609886,0.0,100.0,[  5  18 217],[  0   0 220],18.920887928424502,0.0,100.0
45,17,[236   7  17],[220   0   0],24.372115213907882,0.0,100.0,[ 14 223  17],[  0 220   0],22.22611077089287,0.0,100.0,[  5  10 223],[  0   0 220],11.575836902790225,0.0,100.0
45,18,[209  17   6],[220   0   0],21.118712081942874,0.0,100.0,[ 13 238  15],[  0 220   0],26.795522013948524,0.0,100.0,[ 19  15 205],[  0   0 220],28.478061731796284,0.0,100.0
45,19,[221   5   5],[220   0   0],7.14142842854285,0.0,100.0,[  0 226  10],[  0 220   0],11.661903789690601,0.0,100.0,[ 12   4 203],[  0   0 220],21.18962010041709,0.0,100.0
45,20,[202   6   4],[220   0   0],19.390719429665317,0.0,100.0,[  7 206  11],[  0 220   0],19.131126469708992,0.0,100.0,[ 16  16 210],[  0   0 220],24.73863375370596,0.0,100.0
45,21,[220   3   7],[220   0   0],7.615773105863909,0.0,100.0,[ 15 204  10],[  0 220   0],24.1039415863879,0.0,100.0,[ 15   6 200],[  0   0 220],25.709920264364882,0.0,100.0
45,22,[232  18  18],[220   0   0],28.142494558940577,0.0,100.0,[  2 210   5],[  0 220   0],11.357816691600547,0.0,100.0,[  3   2 211],[  0   0 220],9.695359714832659,0.0,100.0
45,23,[220  14  10],[220   0   0],17.204650534085253,0.0,100.0,[ 11 209   5],[  0 220   0],16.34013463836819,0.0,100.0,[ 12  15 200],[  0   0 220],27.730849247724095,0.0,100.0
45,24,[217   5   8],[220   0   0],9.899494936611665,0.0,100.0,[ 13 229   6],[  0 220   0],16.911534525287763,0.0,100.0,[ 12   1 237],[  0   0 220],20.83266665599966,0.0,100.0
45,25,[205  13   7],[220   0   0],21.047565179849187,0.0,100.0,[ 18 205   3],[  0 220   0],23.62202362203543,0.0,100.0,[  6   4 237],[  0   0 220],18.466185312619388,0.0,100.0
45,26,[233  12   2],[220   0   0],17.804493814764857,0.0,100.0,[ 10 219  12],[  0 220   0],15.652475842498529,0.0,100.0,[  8  10 231],[  0   0 220],16.881943016134134,0.0,100.0
45,27,[231   6   4],[220   0   0],13.152946437965905,0.0,100.0,[ 10 232  17],[  0 220   0],23.08679276123039,0.0,100.0,[ 19   3 218],[  0   0 220],19.339079605813716,0.0,100.0
45,28,[205  15   9],[220   0   0],23.043437243605826,0.0,100.0,[  4 225  11],[  0 220   0],12.727922061357855,0.0,100.0,[ 11  10 229],[  0   0 220],17.378147196982766,0.0,100.0
45,29,[219   5  12],[220   0   0],13.038404810405298,0.0,100.0,[  2 232  13],[  0 220   0],17.804493814764857,0.0,100.0,[  0  12 215],[  0   0 220],13.0,0.0,100.0
45,30,[205   3   5],[220   0   0],16.09347693943108,0.0,100.0,[ 17 228   6],[  0 220   0],19.72308292331602,0.0,100.0,[  8   3 215],[  0   0 220],9.899494936611665,0.0,100.0
45,31,[209  16   7],[220   0   0],20.639767440550294,0.0,100.0,[ 17 200   5],[  0 220   0],26.720778431774775,0.0,100.0,[ 16   5 226],[  0   0 220],17.804493814764857,0.0,100.0
45,32,[222   5  15],[220   0   0],15.937377450509228,0.0,100.0,[  5 204  15],[  0 220   0],22.494443758403985,0.0,100.0,[  0   6 231],[  0   0 220],12.529964086141668,0.0,100.0
45,33,[211  17   0],[220   0   0],19.235384061671343,0.0,100.0,[  3 224  18],[  0 220   0],18.681541692269406,0.0,100.0,[ 17  10 225],[  0   0 220],20.346989949375804,0.0,100.0
45,34,[222  17  15],[220   0   0],22.759613353482084,0.0,100.0,[  6 205  10],[  0 220   0],19.0,0.0,100.0,[ 19   9 239],[  0   0 220],28.337254630609507,0.0,100.0
45,35,[220  17   0],[220   0   0],17.0,0.0,100.0,[  5 227   1],[  0 220   0],8.660254037844387,0.0,100.0,[ 16   3 215],[  0   0 220],17.029386365926403,0.0,100.0
45,36,[209   9  15],[220   0   0],20.663978319771825,0.0,100.0,[ 13 230   3],[  0 220   0],16.673332000533065,0.0,100.0,[ 17   5 212],[  0   0 220],19.44222209522358,0.0,100.0
45,37,[204   8  10],[220   0   0],20.493901531919196,0.0,100.0,[ 13 235   2],[  0 220   0],19.949937343260004,0.0,100.0,[ 14   4 206],[  0   0 220],20.199009876724155,0.0,100.0
45,38,[230  11   7],[220   0   0],16.431676725154983,0.0,100.0,[ 11 221  15],[  0 220   0],18.627936010197157,0.0,100.0,[ 18  12 234],[  0   0 220],25.768197453450252,0.0,100.0
45,39,[201  11   1],[220   0   0],21.97726097583591,0.0,100.0,[ 18 235  16],[  0 220   0],28.372521918222215,0.0,100.0,[ 10  10 216],[  0   0 220],14.696938456699069,0.0,100.0
45,40,[230   1  13],[220   0   0],16.431676725154983,0.0,100.0,[  3 217   0],[  0 220   0],4.242640687119285,0.0,100.0,[ 17   9 202],[  0   0 220],26.343879744638983,0.0,100.0
45,41,[221   0  13],[220   0   0],13.038404810405298,0.0,100.0,[  3 227  12],[  0 220   0],14.212670403551895,0.0,100.0,[  0  10 226],[  0   0 220],11.661903789690601,0.0,100.0
45,42,[231   3   1],[220   0   0],11.445523142259598,0.0,100.0,[ 10 203   5],[  0 220   0],20.346989949375804,0.0,100.0,[ 10   9 228],[  0   0 220],15.652475842498529,0.0,100.0
45,43,[230   7   6],[220   0   0],13.601470508735444,0.0,100.0,[  4 203  12],[  0 220   0],21.18962010041709,0.0,100.0,[ 13  11 225],[  0   0 220],17.74823934929885,0.0,100.0
45,44,[203  18  12],[220   0   0],27.51363298439521,0.0,100.0,[  9 217   0],[  0 220   0],9.486832980505138,0.0,100.0,[ 14   5 219],[  0   0 220],14.89966442575134,0.0,100.0
45,45,[211  19   1],[220   0   0],21.047565179849187,0.0,100.0,[ 14 204   4],[  0 220   0],21.633307652783937,0.0,100.0,[  8   8 211],[  0   0 220],14.45683229480096,0.0,100.0
45,46,[238  12  14],[220   0   0],25.768197453450252,0.0,100.0,[ 13 224  18],[  0 220   0],22.561028345356956,0.0,100.0,[ 11  12 206],[  0   0 220],21.470910553583888,0.0,100.0
45,47,[204   7   9],[220   0   0],19.6468827043885,0.0,100.0,[ 14 236  10],[  0 220   0],23.49468024894146,0.0,100.0,[ 12   1 219],[  0   0 220],12.083045973594572,0.0,100.0
45,48,[204   1  11],[220   0   0],19.44222209522358,0.0,100.0,[ 16 211   9],[  0 220   0],20.445048300260872,0.0,100.0,[ 18  13 228],[  0   0 220],23.600847442411894,0.0,100.0
45,49,[202  16  15],[220   0   0],28.372521918222215,0.0,100.0,[ 10 215  11],[  0 220   0],15.684387141358123,0.0,100.0,[  4  14 213],[  0   0 220],16.15549442140351,0.0,100.0
45,50,[233   2  14],[220   0   0],19.209372712298546,0.0,100.0,[  7 231  10],[  0 220   0],16.431676725154983,0.0,100.0,[ 16  13 236],[  0   0 220],26.095976701399778,0.0,100.0
45,51,[206   0   4],[220   0   0],14.560219778561036,0.0,100.0,[ 12 219  10],[  0 220   0],15.652475842498529,0.0,100.0,[ 16   8 222],[  0   0 220],18.0,0.0,100.0
45,52,[231   7  19],[220   0   0],23.043437243605826,0.0,100.0,[  4 213   0],[  0 220   0],8.06225774829855,0.0,100.0,[ 14  16 223],[  0   0 220],21.470910553583888,0.0,100.0
45,53,[221   8  15],[220   0   0],17.029386365926403,0.0,100.0,[  9 236   9],[  0 220   0],20.445048300260872,0.0,100.0,[  9   0 202],[  0   0 220],20.12461179749811,0.0,100.0
45,54,[231  10  16],[220   0   0],21.840329667841555,0.0,100.0,[  3 233   7],[  0 220   0],15.066519173319364,0.0,100.0,[ 14   5 233],[  0   0 220],19.748417658131498,0.0,100.0
45,55,[219   3   3],[220   0   0],4.358898943540674,0.0,100.0,[ 17 202  19],[  0 220   0],31.20897306865447,0.0,100.0,[  2   2 230],[  0   0 220],10.392304845413264,0.0,100.0
45,56,[235  12   8],[220   0   0],20.808652046684813,0.0,100.0,[ 11 212   5],[  0 220   0],14.491376746189438,0.0,100.0,[ 10  14 239],[  0   0 220],25.632011235952593,0.0,100.0
45,57,[203   3   5],[220   0   0],17.97220075561143,0.0,100.0,[ 14 203  13],[  0 220   0],25.573423705088842,0.0,100.0,[ 18   6 226],[  0   0 220],19.8997487421324,0.0,100.0
45,58,[211   5   8],[220   0   0],13.038404810405298,0.0,100.0,[  3 219  18],[  0 220   0],18.275666882497067,0.0,100.0,[ 10   2 203],[  0   0 220],19.82422760159901,0.0,100.0
45,59,[234   8  13],[220   0   0],20.71231517720798,0.0,100.0,[ 17 213   8],[  0 220   0],20.049937655763422,0.0,100.0,[  8  16 217],[  0   0 220],18.138357147217054,0.0,100.0
45,60,[237  11   7],[220   0   0],21.42428528562855,0.0,100.0,[  5 233  19],[  0 220   0],23.558437978779494,0.0,100.0,[  0  13 226],[  0   0 220],14.317821063276353,0.0,100.0
45,61,[222  13   1],[220   0   0],13.19090595827292,0.0,100.0,[  1 214  11],[  0 220   0],12.569805089976535,0.0,100.0,[  0   7 230],[  0   0 220],12.206555615733702,0.0,100.0
45,62,[236   7  19],[220   0   0],25.80697580112788,0.0,100.0,[ 14 238  19],[  0 220   0],29.68164415931166,0.0,100.0,[ 11   8 234],[  0   0 220],19.519221295943137,0.0,100.0
45,63,[217  17   4],[220   0   0],17.72004514666935,0.0,100.0,[ 11 231   4],[  0 220   0],16.06237840420901,0.0,100.0,[ 14  19 217],[  0   0 220],23.790754506740637,0.0,100.0
46,0,[230   2   9],[220   0   0],13.601470508735444,0.0,100.0,[  7 239  19],[  0 220   0],27.76688675382964,0.0,100.0,[ 10  18 227],[  0   0 220],21.748563170931547,0.0,100.0
46,1,[227  15   3],[220   0   0],16.822603841260722,0.0,100.0,[ 18 232  18],[  0 220   0],28.142494558940577,0.0,100.0,[ 14   4 226],[  0   0 220],15.748015748023622,0.0,100.0
46,2,[232  11   7],[220   0   0],17.72004514666935,0.0,100.0,[ 13 220  19],[  0 220   0],23.021728866442675,0.0,100.0,[  1  16 203],[  0   0 220],23.366642891095847,0.0,100.0
46,3,[223  14  16],[220   0   0],21.470910553583888,0.0,100.0,[  3 225  12],[  0 220   0],13.341664064126334,0.0,100.0,[  2  19 237],[  0   0 220],25.573423705088842,0.0,100.0
46,4,[215  11   1],[220   0   0],12.12435565298214,0.0,100.0,[ 10 222   6],[  0 220   0],11.832159566199232,0.0,100.0,[  7  12 209],[  0   0 220],17.72004514666935,0.0,100.0
46,5,[220  12   3],[220   0   0],12.36931687685298,0.0,100.0,[  1 233   9],[  0 220   0],15.84297951775486,0.0,100.0,[ 11   3 206],[  0   0 220],18.05547008526779,0.0,100.0
46,6,[204  18  10],[220   0   0],26.076809620810597,0.0,100.0,[  2 215   1],[  0 220   0],5.477225575051661,0.0,100.0,[ 19   8 206],[  0   0 220],24.919871588754223,0.0,100.0
46,7,[237   6  15],[220   0   0],23.45207879911715,0.0,100.0,[ 13 205   6],[  0 220   0],20.73644135332772,0.0,100.0,[ 16   3 215],[  0   0 220],17.029386365926403,0.0,100.0
46,8,[237  17   3],[220   0   0],24.228082879171435,0.0,100.0,[  1 238   1],[  0 220   0],18.05547008526779,0.0,100.0,[  5   9 228],[  0   0 220],13.038404810405298,0.0,100.0
46,9,[218  14  16],[220   0   0],21.354156504062622,0.0,100.0,[ 15 210  12],[  0 220   0],21.656407827707714,0.0,100.0,[ 13  11 204],[  0   0 220],23.366642891095847,0.0,100.0
46,10,[212   6   7],[220   0   0],12.206555615733702,0.0,100.0,[ 14 214   0],[  0 220   0],15.231546211727817,0.0,100.0,[  2   3 239],[  0   0 220],19.339079605813716,0.0,100.0
46,11,[208   6   8],[220   0   0],15.620499351813308,0.0,100.0,[ 17 212   6],[  0 220   0],19.72308292331602,0.0,100.0,[ 13  12 203],[  0   0 220],24.535688292770594,0.0,100.0
46,12,[205   6  11],[220   0   0],19.544820285692065,0.0,100.0,[  7 225  18],[  0 220   0],19.949937343260004,0.0,100.0,[ 17   0 234],[  0   0 220],22.02271554554524,0.0,100.0
46,13,[215  12  13],[220   0   0],18.384776310850235,0.0,100.0,[ 17 217  14],[  0 220   0],22.22611077089287,0.0,100.0,[ 16   1 226],[  0   0 220],17.11724276862369,0.0,100.0
46,14,[232   3   4],[220   0   0],13.0,0.0,100.0,[  2 228   9],[  0 220   0],12.206555615733702,0.0,100.0,[ 11  14 206],[  0   0 220],22.64950330581225,0.0,100.0
46,15,[201  13   4],[220   0   0],23.366642891095847,0.0,100.0,[ 14 218  18],[  0 220   0],22.891046284519195,0.0,100.0,[  5   5 219],[  0   0 220],7.14142842854285,0.0,100.0
46,16,[236  12  11],[220   0   0],22.825424421026653,0.0,100.0,[  0 232   7],[  0 220   0],13.892443989449804,0.0,100.0,[  2   3 215],[  0   0 220],6.164414002968976,0.0,100.0
46,17,[217   2  15],[220   0   0],15.427248620541512,0.0,100.0,[ 14 228   0],[  0 220   0],16.1245154965971,0.0,100.0,[  6   7 216],[  0   0 220],10.04987562112089,0.0,100.0
46,18,[236   3  19],[220   0   0],25.019992006393608,0.0,100.0,[ 12 227   5],[  0 220   0],14.7648230602334,0.0,100.0,[ 14   9 221],[  0   0 220],16.673332000533065,0.0,100.0
46,19,[216   4   8],[220   0   0],9.797958971132712,0.0,100.0,[  7 239  14],[  0 220   0],24.61706725018234,0.0,100.0,[  7  15 238],[  0   0 220],24.454038521274967,0.0,100.0
46,20,[201  12   7],[220   0   0],23.53720459187964,0.0,100.0,[ 10 212  13],[  0 220   0],18.24828759089466,0.0,100.0,[  3  18 216],[  0   0 220],18.681541692269406,0.0,100.0
46,21,[217  16  18],[220   0   0],24.269322199023193,0.0,100.0,[ 14 201  17],[  0 220   0],29.086079144497972,0.0,100.0,[  4  19 221],[  0   0 220],19.44222209522358,0.0,100.0
46,22,[211  17  10],[220   0   0],21.6794833886788,0.0,100.0,[ 15 233  17],[  0 220   0],26.13426869074396,0.0,100.0,[ 12  18 204],[  0   0 220],26.90724809414742,0.0,100.0
46,23,[210   1  17],[220   0   0],19.748417658131498,0.0,100.0,[ 10 227  12],[  0 220   0],17.11724276862369,0.0,100.0,[ 10  16 215],[  0   0 220],19.519221295943137,0.0,100.0
46,24,[214   6   7],[220   0   0],11.0,0.0,100.0,[  1 224  11],[  0 220   0],11.74734012447073,0.0,100.0,[ 10   9 211],[  0   0 220],16.186414056238647,0.0,100.0
46,25,[210   6  14],[220   0   0],18.2208671582886,0.0,100.0,[  2 235   4],[  0 220   0],15.652475842498529,0.0,100.0,[ 19  19 208],[  0   0 220],29.427877939124322,0.0,100.0
46,26,[200   0   8],[220   0   0],21.540659228538015,0.0,100.0,[  8 215   5],[  0 220   0],10.677078252031311,0.0,100.0,[ 10   4 236],[  0   0 220],19.28730152198591,0.0,100.0
46,27,[211  14   7],[220   0   0],18.05547008526779,0.0,100.0,[ 11 202  17],[  0 220   0],27.09243436828813,0.0,100.0,[  0  10 200],[  0   0 220],22.360679774997898,0.0,100.0
46,28,[205  18   2],[220   0   0],23.515952032609693,0.0,100.0,[  4 223   0],[  0 220   0],5.0,0.0,100.0,[  0   7 238],[  0   0 220],19.313207915827967,0.0,100.0
46,29,[219   9  11],[220   0   0],14.247806848775006,0.0,100.0,[ 13 218   9],[  0 220   0],15.937377450509228,0.0,100.0,[  5  15 202],[  0   0 220],23.958297101421877,0.0,100.0
46,30,[223  15  11],[220   0   0],18.841443681416774,0.0,100.0,[ 11 225   3],[  0 220   0],12.449899597988733,0.0,100.0,[  3   2 221],[  0   0 220],3.7416573867739413,0.0,100.0
46,31,[209  15   4],[220   0   0],19.026297590440446,0.0,100.0,[  0 219   2],[  0 220   0],2.23606797749979,0.0,100.0,[ 16  13 202],[  0   0 220],27.367864366808018,0.0,100.0
46,32,[203  13   5],[220   0   0],21.97726097583591,0.0,100.0,[  2 221  18],[  0 220   0],18.138357147217054,0.0,100.0,[ 14  18 236],[  0   0 220],27.85677655436824,0.0,100.0
46,33,[200  10  19],[220   0   0],29.34280150224242,0.0,100.0,[ 14 208  12],[  0 220   0],22.0,0.0,100.0,[ 14   6 226],[  0   0 220],16.3707055437449,0.0,100.0
46,34,[234  15  15],[220   0   0],25.41653005427767,0.0,100.0,[  0 209  12],[  0 220   0],16.278820596099706,0.0,100.0,[ 17   0 212],[  0   0 220],18.788294228055936,0.0,100.0
46,35,[206   1   3],[220   0   0],14.352700094407323,0.0,100.0,[  4 203  15],[  0 220   0],23.021728866442675,0.0,100.0,[  8   1 200],[  0   0 220],21.563858652847824,0.0,100.0
46,36,[208  10   3],[220   0   0],15.905973720586866,0.0,100.0,[ 11 218   6],[  0 220   0],12.68857754044952,0.0,100.0,[ 16   8 211],[  0   0 220],20.024984394500787,0.0,100.0
46,37,[234  19  14],[220   0   0],27.440845468024488,0.0,100.0,[ 13 222   3],[  0 220   0],13.490737563232042,0.0,100.0,[  9  19 221],[  0   0 220],21.047565179849187,0.0,100.0
46,38,[223   3   9],[220   0   0],9.9498743710662,0.0,100.0,[ 13 232  11],[  0 220   0],20.83266665599966,0.0,100.0,[ 10  12 210],[  0   0 220],18.547236990991408,0.0,100.0
46,39,[236  16  13],[220   0   0],26.095976701399778,0.0,100.0,[ 12 233  18],[  0 220   0],25.238858928247925,0.0,100.0,[ 16   6 218],[  0   0 220],17.204650534085253,0.0,100.0
46,40,[218   6   8],[220   0   0],10.198039027185569,0.0,100.0,[  6 203  10],[  0 220   0],20.615528128088304,0.0,100.0,[ 16  17 234],[  0   0 220],27.2213151776324,0.0,100.0
46,41,[208  14   3],[220   0   0],18.681541692269406,0.0,100.0,[  0 227   8],[  0 220   0],10.63014581273465,0.0,100.0,[  1   9 238],[  0   0 220],20.149441679609886,0.0,100.0
46,42,[220  17   1],[220   0   0],17.029386365926403,0.0,100.0,[ 15 214  11],[  0 220   0],19.544820285692065,0.0,100.0,[  2   9 212],[  0   0 220],12.206555615733702,0.0,100.0
46,43,[231  15   3],[220   0   0],18.841443681416774,0.0,100.0,[ 17 212  15],[  0 220   0],24.041630560342615,0.0,100.0,[ 13   2 238],[  0   0 220],22.293496809607955,0.0,100.0
46,44,[223  13  19],[220   0   0],23.2163735324878,0.0,100.0,[ 15 231   7],[  0 220   0],19.87460691435179,0.0,100.0,[  4  17 210],[  0   0 220],20.12461179749811,0.0,100.0
46,45,[235   2   1],[220   0   0],15.165750888103101,0.0,100.0,[  7 225  13],[  0 220   0],15.588457268119896,0.0,100.0,[  9  15 219],[  0   0 220],17.52141546793523,0.0,100.0
46,46,[203  19   2],[220   0   0],25.573423705088842,0.0,100.0,[  1 219  19],[  0 220   0],19.05255888325765,0.0,100.0,[  6  19 209],[  0   0 220],22.759613353482084,0.0,100.0
46,47,[218   8  17],[220   0   0],18.894443627691185,0.0,100.0,[ 18 237  10],[  0 220   0],26.70205984563738,0.0,100.0,[ 12   0 207],[  0   0 220],17.69180601295413,0.0,100.0
46,48,[207  12   5],[220   0   0],18.384776310850235,0.0,100.0,[ 12 220  10],[  0 220   0],15.620499351813308,0.0,100.0,[ 18   7 202],[  0   0 220],26.40075756488817,0.0,100.0
46,49,[227  13  13],[220   0   0],19.672315572906,0.0,100.0,[  0 234  17],[  0 220   0],22.02271554554524,0.0,100.0,[  0   0 223],[  0   0 220],3.0,0.0,100.0
46,50,[222  13  19],[220   0   0],23.108440016582687,0.0,100.0,[ 14 225  16],[  0 220   0],21.840329667841555,0.0,100.0,[  0  16 222],[  0   0 220],16.1245154965971,0.0,100.0
46,51,[233  14  16],[220   0   0],24.919871588754223,0.0,100.0,[  6 229  16],[  0 220   0],19.313207915827967,0.0,100.0,[ 16  15 206],[  0   0 220],26.019223662515376,0.0,100.0
46,52,[226   8   1],[220   0   0],10.04987562112089,0.0,100.0,[ 11 230  12],[  0 220   0],19.1049731745428,0.0,100.0,[  3  11 225],[  0   0 220],12.449899597988733,0.0,100.0
46,53,[203   9  10],[220   0   0],21.6794833886788,0.0,100.0,[ 19 209  13],[  0 220   0],25.514701644346147,0.0,100.0,[  4  10 233],[  0   0 220],16.881943016134134,0.0,100.0
46,54,[224   5   9],[220   0   0],11.045361017187261,0.0,100.0,[  3 211   5],[  0 220   0],10.723805294763608,0.0,100.0,[ 12  13 201],[  0   0 220],25.96150997149434,0.0,100.0
46,55,[206  18  11],[220   0   0],25.317977802344327,0.0,100.0,[ 13 227   7],[  0 220   0],16.34013463836819,0.0,100.0,[ 11  15 230],[  0   0 220],21.118712081942874,0.0,100.0
46,56,[218  13   8],[220   0   0],15.394804318340652,0.0,100.0,[  7 228  14],[  0 220   0],17.578395831246947,0.0,100.0,[  0   9 213],[  0   0 220],11.40175425099138,0.0,100.0
46,57,[209  14   6],[220   0   0],18.788294228055936,0.0,100.0,[  2 220   5],[  0 220   0],5.385164807134504,0.0,100.0,[  1  13 209],[  0   0 220],17.05872210923198,0.0,100.0
46,58,[226   8  15],[220   0   0],18.027756377319946,0.0,100.0,[  5 212   8],[  0 220   0],12.36931687685298,0.0,100.0,[ 11  11 207],[  0   0 220],20.273134932713294,0.0,100.0
46,59,[202  14  13],[220   0   0],26.248809496813376,0.0,100.0,[  0 230   2],[  0 220   0],10.198039027185569,0.0,100.0,[ 12   2 212],[  0   0 220],14.560219778561036,0.0,100.0
46,60,[236  15   1],[220   0   0],21.95449840010015,0.0,100.0,[  3 223   3],[  0 220   0],5.196152422706632,0.0,100.0,[ 17  15 213],[  0   0 220],23.727621035409346,0.0,100.0
46,61,[220   3  11],[220   0   0],11.40175425099138,0.0,100.0,[ 16 214   6],[  0 220   0],18.110770276274835,0.0,100.0,[  5  17 238],[  0   0 220],25.25866188063018,0.0,100.0
46,62,[213   0   6],[220   0   0],9.219544457292887,0.0,100.0,[ 11 236  18],[  0 220   0],26.476404589747453,0.0,100.0,[  3  16 235],[  0   0 220],22.135943621178654,0.0,100.0
46,63,[237  19  19],[220   0   0],31.796226191169293,0.0,100.0,[  1 227  11],[  0 220   0],13.076696830622021,0.0,100.0,[  5   9 216],[  0   0 220],11.045361017187261,0.0,100.0
47,0,[217   8  17],[220   0   0],19.026297590440446,0.0,100.0,[ 14 223  10],[  0 220   0],17.46424919657298,0.0,100.0,[ 10   0 203],[  0   0 220],19.72308292331602,0.0,100.0
47,1,[233   0   3],[220   0   0],13.341664064126334,0.0,100.0,[  0 201   8],[  0 220   0],20.615528128088304,0.0,100.0,[ 13  10 239],[  0   0 220],25.099800796022265,0.0,100.0
47,2,[220   2   1],[220   0   0],2.23606797749979,0.0,100.0,[ 12 236  14],[  0 220   0],24.413111231467404,0.0,100.0,[  1  16 201],[  0   0 220],24.859605789312106,0.0,100.0
47,3,[235   0  10],[220   0   0],18.027756377319946,0.0,100.0,[ 10 219   9],[  0 220   0],13.490737563232042,0.0,100.0,[  5   9 227],[  0   0 220],12.449899597988733,0.0,100.0
47,4,[236  10   8],[220   0   0],20.493901531919196,0.0,100.0,[  4 226  19],[  0 220   0],20.322401432901575,0.0,100.0,[ 16   6 208],[  0   0 220],20.8806130178211,0.0,100.0
47,5,[203   6  11],[220   0   0],21.118712081942874,0.0,100.0,[ 16 231  13],[  0 220   0],23.366642891095847,0.0,100.0,[ 11   1 227],[  0   0 220],13.076696830622021,0.0,100.0
47,6,[239  11   6],[220   0   0],22.759613353482084,0.0,100.0,[  6 231   2],[  0 220   0],12.68857754044952,0.0,100.0,[  8  15 219],[  0   0 220],17.029386365926403,0.0,100.0
47,7,[237  17   9],[220   0   0],25.67099530598687,0.0,100.0,[  5 217   3],[  0 220   0],6.557438524302,0.0,100.0,[ 11  18 208],[  0   0 220],24.269322199023193,0.0,100.0
47,8,[235  10   5],[220   0   0],18.708286933869708,0.0,100.0,[  8 206   9],[  0 220   0],18.466185312619388,0.0,100.0,[  8   2 200],[  0   0 220],21.633307652783937,0.0,100.0
47,9,[200  16   7],[220   0   0],26.551836094703507,0.0,100.0,[  5 202  12],[  0 220   0],22.20360331117452,0.0,100.0,[  7  17 200],[  0   0 220],27.16615541441225,0.0,100.0
47,10,[213  19  14],[220   0   0],24.61706725018234,0.0,100.0,[ 10 201   0],[  0 220   0],21.470910553583888,0.0,100.0,[  3  19 209],[  0   0 220],22.15851980616034,0.0,100.0
47,11,[235  19  15],[220   0   0],28.478061731796284,0.0,100.0,[  1 216   2],[  0 220   0],4.58257569495584,0.0,100.0,[ 15   0 206],[  0   0 220],20.518284528683193,0.0,100.0
47,12,[210   6   3],[220   0   0],12.041594578792296,0.0,100.0,[ 19 229   9],[  0 220   0],22.869193252058544,0.0,100.0,[  8  14 236],[  0   0 220],22.715633383201094,0.0,100.0
47,13,[205   8  16],[220   0   0],23.345235059857504,0.0,100.0,[ 13 229  18],[  0 220   0],23.958297101421877,0.0,100.0,[  5  12 232],[  0   0 220],17.69180601295413,0.0,100.0
47,14,[237   6   2],[220   0   0],18.138357147217054,0.0,100.0,[  3 206   2],[  0 220   0],14.45683229480096,0.0,100.0,[  4  16 206],[  0   0 220],21.633307652783937,0.0,100.0
47,15,[210   4   7],[220   0   0],12.84523257866513,0.0,100.0,[  6 226  14],[  0 220   0],16.3707055437449,0.0,100.0,[ 17   9 215],[  0   0 220],19.87460691435179,0.0,100.0
47,16,[217  10  12],[220   0   0],15.905973720586866,0.0,100.0,[ 11 207  19],[  0 220   0],25.514701644346147,0.0,100.0,[ 17   0 215],[  0   0 220],17.72004514666935,0.0,100.0
47,17,[210   3   0],[220   0   0],10.44030650891055,0.0,100.0,[  1 213   8],[  0 220   0],10.677078252031311,0.0,100.0,[  2   7 232],[  0   0 220],14.035668847618199,0.0,100.0
47,18,[234   4  17],[220   0   0],22.38302928559939,0.0,100.0,[ 19 205  12],[  0 220   0],27.018512172212592,0.0,100.0,[ 10  19 201],[  0   0 220],28.6705423736629,0.0,100.0
47,19,[230  16   4],[220   0   0],19.28730152198591,0.0,100.0,[ 13 200  18],[  0 220   0],29.88310559496787,0.0,100.0,[  3  15 232],[  0   0 220],19.44222209522358,0.0,100.0
47,20,[233   8  12],[220   0   0],19.4164878389476,0.0,100.0,[ 15 234  16],[  0 220   0],26.019223662515376,0.0,100.0,[ 10  10 219],[  0   0 220],14.177446878757825,0.0,100.0
47,21,[221   5  19],[220   0   0],19.672315572906,0.0,100.0,[  5 205   9],[  0 220   0],18.193405398660254,0.0,100.0,[ 18   3 201],[  0   0 220],26.343879744638983,0.0,100.0
47,22,[225   2  19],[220   0   0],19.748417658131498,0.0,100.0,[  7 200   5],[  0 220   0],21.77154105707724,0.0,100.0,[  6   1 234],[  0   0 220],15.264337522473747,0.0,100.0
47,23,[216   3  13],[220   0   0],13.92838827718412,0.0,100.0,[ 14 218   2],[  0 220   0],14.2828568570857,0.0,100.0,[  1   3 218],[  0   0 220],3.7416573867739413,0.0,100.0
47,24,[212   8  16],[220   0   0],19.595917942265423,0.0,100.0,[ 19 218   7],[  0 220   0],20.346989949375804,0.0,100.0,[ 14   7 223],[  0   0 220],15.937377450509228,0.0,100.0
47,25,[223  19  13],[220   0   0],23.2163735324878,0.0,100.0,[ 17 238  17],[  0 220   0],30.033314835362415,0.0,100.0,[  3  11 229],[  0   0 220],14.52583904633395,0.0,100.0
47,26,[217  13   6],[220   0   0],14.628738838327793,0.0,100.0,[  0 218   7],[  0 220   0],7.280109889280518,0.0,100.0,[  5  14 214],[  0   0 220],16.0312195418814,0.0,100.0
47,27,[207  10  15],[220   0   0],22.22611077089287,0.0,100.0,[ 10 237   4],[  0 220   0],20.12461179749811,0.0,100.0,[  9   4 211],[  0   0 220],13.341664064126334,0.0,100.0
47,28,[203   2  16],[220   0   0],23.430749027719962,0.0,100.0,[  0 213  15],[  0 220   0],16.55294535724685,0.0,100.0,[ 16   9 217],[  0   0 220],18.601075237738275,0.0,100.0
47,29,[202  10   0],[220   0   0],20.591260281974,0.0,100.0,[ 17 204   5],[  0 220   0],23.874672772626646,0.0,100.0,[  1  19 207],[  0   0 220],23.043437243605826,0.0,100.0
47,30,[207  15   6],[220   0   0],20.73644135332772,0.0,100.0,[  8 220  15],[  0 220   0],17.0,0.0,100.0,[ 11   2 202],[  0   0 220],21.18962010041709,0.0,100.0
47,31,[228   3  19],[220   0   0],20.83266665599966,0.0,100.0,[  2 218   6],[  0 220   0],6.6332495807108,0.0,100.0,[  0  19 205],[  0   0 220],24.20743687382041,0.0,100.0
47,32,[222   1  19],[220   0   0],19.131126469708992,0.0,100.0,[ 18 222   8],[  0 220   0],19.79898987322333,0.0,100.0,[ 16   6 237],[  0   0 220],24.1039415863879,0.0,100.0
47,33,[216   2  13],[220   0   0],13.74772708486752,0.0,100.0,[  1 220  18],[  0 220   0],18.027756377319946,0.0,100.0,[ 19  14 226],[  0   0 220],24.351591323771842,0.0,100.0
47,34,[229   0  13],[220   0   0],15.811388300841896,0.0,100.0,[  1 207   7],[  0 220   0],14.798648586948742,0.0,100.0,[ 11   9 209],[  0   0 220],17.97220075561143,0.0,100.0
47,35,[223   0  17],[220   0   0],17.26267650163207,0.0,100.0,[  3 216  10],[  0 220   0],11.180339887498949,0.0,100.0,[ 19   4 208],[  0   0 220],22.825424421026653,0.0,100.0
47,36,[211   9   6],[220   0   0],14.071247279470288,0.0,100.0,[  2 217  10],[  0 220   0],10.63014581273465,0.0,100.0,[ 14  15 233],[  0   0 220],24.289915602982237,0.0,100.0
47,37,[217   2  12],[220   0   0],12.529964086141668,0.0,100.0,[  9 206   5],[  0 220   0],17.378147196982766,0.0,100.0,[  2  17 225],[  0   0 220],17.832554500127006,0.0,100.0
47,38,[228   8   0],[220   0   0],11.313708498984761,0.0,100.0,[  4 215   6],[  0 220   0],8.774964387392123,0.0,100.0,[  1  12 224],[  0   0 220],12.68857754044952,0.0,100.0
47,39,[235   9   7],[220   0   0],18.841443681416774,0.0,100.0,[ 11 209   4],[  0 220   0],16.06237840420901,0.0,100.0,[  9   6 215],[  0   0 220],11.916375287812984,0.0,100.0
47,40,[225  10  18],[220   0   0],21.18962010041709,0.0,100.0,[ 14 217  15],[  0 220   0],20.73644135332772,0.0,100.0,[  8  18 202],[  0   0 220],26.68332812825267,0.0,100.0
47,41,[230   7   9],[220   0   0],15.165750888103101,0.0,100.0,[  5 211  11],[  0 220   0],15.066519173319364,0.0,100.0,[  0  14 223],[  0   0 220],14.317821063276353,0.0,100.0
47,42,[220   7   3],[220   0   0],7.615773105863909,0.0,100.0,[ 18 206  11],[  0 220   0],25.317977802344327,0.0,100.0,[  5  18 222],[  0   0 220],18.788294228055936,0.0,100.0
47,43,[238  17   9],[220   0   0],26.343879744638983,0.0,100.0,[  0 205  19],[  0 220   0],24.20743687382041,0.0,100.0,[ 12   7 227],[  0   0 220],15.556349186104045,0.0,100.0
47,44,[218  18   3],[220   0   0],18.35755975068582,0.0,100.0,[  8 226   0],[  0 220   0],10.0,0.0,100.0,[  4  16 232],[  0   0 220],20.396078054371138,0.0,100.0
47,45,[239  17  17],[220   0   0],30.643106892089126,0.0,100.0,[ 18 218   0],[  0 220   0],18.110770276274835,0.0,100.0,[  0  14 218],[  0   0 220],14.142135623730951,0.0,100.0
47,46,[228   2   0],[220   0   0],8.246211251235321,0.0,100.0,[ 13 236   2],[  0 220   0],20.71231517720798,0.0,100.0,[ 11   2 211],[  0   0 220],14.352700094407323,0.0,100.0
47,47,[229  13   5],[220   0   0],16.583123951777,0.0,100.0,[  5 224  13],[  0 220   0],14.491376746189438,0.0,100.0,[ 12  13 204],[  0   0 220],23.853720883753127,0.0,100.0
47,48,[232   9  17],[220   0   0],22.67156809750927,0.0,100.0,[  1 230  17],[  0 220   0],19.748417658131498,0.0,100.0,[  8  18 230],[  0   0 220],22.090722034374522,0.0,100.0
47,49,[228   9  11],[220   0   0],16.30950643030009,0.0,100.0,[ 18 227   5],[  0 220   0],19.949937343260004,0.0,100.0,[  0   8 235],[  0   0 220],17.0,0.0,100.0
47,50,[204  15   5],[220   0   0],22.494443758403985,0.0,100.0,[ 18 237   2],[  0 220   0],24.839484696748443,0.0,100.0,[ 17  19 238],[  0   0 220],31.20897306865447,0.0,100.0
47,51,[203   1  18],[220   0   0],24.779023386727733,0.0,100.0,[ 19 238  14],[  0 220   0],29.68164415931166,0.0,100.0,[  3   9 229],[  0   0 220],13.076696830622021,0.0,100.0
47,52,[233   3   0],[220   0   0],13.341664064126334,0.0,100.0,[ 19 214   0],[  0 220   0],19.924858845171276,0.0,100.0,[  3   0 203],[  0   0 220],17.26267650163207,0.0,100.0
47,53,[226   0   7],[220   0   0],9.219544457292887,0.0,100.0,[  1 222   6],[  0 220   0],6.4031242374328485,0.0,100.0,[  5   3 233],[  0   0 220],14.247806848775006,0.0,100.0
47,54,[227  10   5],[220   0   0],13.19090595827292,0.0,100.0,[  7 213  15],[  0 220   0],17.97220075561143,0.0,100.0,[  3   2 225],[  0   0 220],6.164414002968976,0.0,100.0
47,55,[230   7   3],[220   0   0],12.569805089976535,0.0,100.0,[  7 209   1],[  0 220   0],13.076696830622021,0.0,100.0,[ 10   0 210],[  0   0 220],14.142135623730951,0.0,100.0
47,56,[206   2  18],[220   0   0],22.891046284519195,0.0,100.0,[ 17 220   3],[  0 220   0],17.26267650163207,0.0,100.0,[  4  11 229],[  0   0 220],14.7648230602334,0.0,100.0
47,57,[220  14   8],[220   0   0],16.1245154965971,0.0,100.0,[  3 219  16],[  0 220   0],16.30950643030009,0.0,100.0,[ 16  18 234],[  0   0 220],27.85677655436824,0.0,100.0
47,58,[206   2   1],[220   0   0],14.177446878757825,0.0,100.0,[  4 233   6],[  0 220   0],14.866068747318506,0.0,100.0,[  4  14 238],[  0   0 220],23.15167380558045,0.0,100.0
47,59,[217  12   2],[220   0   0],12.529964086141668,0.0,100.0,[  6 239  13],[  0 220   0],23.790754506740637,0.0,100.0,[ 18   3 210],[  0   0 220],20.808652046684813,0.0,100.0
47,60,[234   6   8],[220   0   0],17.204650534085253,0.0,100.0,[  1 200  18],[  0 220   0],26.92582403567252,0.0,100.0,[ 17  18 233],[  0   0 220],27.964262908219126,0.0,100.0
47,61,[232   2  10],[220   0   0],15.748015748023622,0.0,100.0,[ 13 236  11],[  0 220   0],23.366642891095847,0.0,100.0,[  2   0 221],[  0   0 220],2.23606797749979,0.0,100.0
47,62,[232   4   1],[220   0   0],12.68857754044952,0.0,100.0,[  8 200   7],[  0 220   0],22.64950330581225,0.0,100.0,[ 12  19 208],[  0   0 220],25.475478405713993,0.0,100.0
47,63,[200  13   6],[220   0   0],24.596747752497688,0.0,100.0,[ 13 223   2],[  0 220   0],13.490737563232042,0.0,100.0,[  5  16 201],[  0   0 220],25.337718918639855,0.0,100.0
48,0,[203  15   6],[220   0   0],23.45207879911715,0.0,100.0,[  8 235  12],[  0 220   0],20.808652046684813,0.0,100.0,[ 17   7 236],[  0   0 220],24.372115213907882,0.0,100.0
48,1,[223  16   5],[220   0   0],17.029386365926403,0.0,100.0,[ 17 207  18],[  0 220   0],27.964262908219126,0.0,100.0,[ 19   0 238],[  0   0 220],26.1725046566048,0.0,100.0
48,2,[235   9  18],[220   0   0],25.099800796022265,0.0,100.0,[  3 213  12],[  0 220   0],14.212670403551895,0.0,100.0,[ 19  15 219],[  0   0 220],24.228082879171435,0.0,100.0
48,3,[225  15   3],[220   0   0],16.09347693943108,0.0,100.0,[ 18 209   0],[  0 220   0],21.095023109728988,0.0,100.0,[ 14  17 200],[  0   0 220],29.748949561287034,0.0,100.0
48,4,[234  15   9],[220   0   0],22.40535650240808,0.0,100.0,[  0 205   8],[  0 220   0],17.0,0.0,100.0,[ 13  17 233],[  0   0 220],25.03996805109783,0.0,100.0
48,5,[221   7   0],[220   0   0],7.0710678118654755,0.0,100.0,[ 18 208   0],[  0 220   0],21.633307652783937,0.0,100.0,[  0  12 228],[  0   0 220],14.422205101855956,0.0,100.0
48,6,[221   8   3],[220   0   0],8.602325267042627,0.0,100.0,[  9 211  13],[  0 220   0],18.193405398660254,0.0,100.0,[  9   1 213],[  0   0 220],11.445523142259598,0.0,100.0
48,7,[230   3   0],[220   0   0],10.44030650891055,0.0,100.0,[  5 238  11],[  0 220   0],21.6794833886788,0.0,100.0,[ 16   3 239],[  0   0 220],25.019992006393608,0.0,100.0
48,8,[205   3   9],[220   0   0],17.74823934929885,0.0,100.0,[  5 202   1],[  0 220   0],18.708286933869708,0.0,100.0,[ 11   9 234],[  0   0 220],19.949937343260004,0.0,100.0
48,9,[220  11  13],[220   0   0],17.029386365926403,0.0,100.0,[ 18 208  19],[  0 220   0],28.792360097775937,0.0,100.0,[ 15   2 221],[  0   0 220],15.165750888103101,0.0,100.0
48,10,[205  12  11],[220   0   0],22.135943621178654,0.0,100.0,[ 14 235  18],[  0 220   0],27.294688127912362,0.0,100.0,[ 11   2 203],[  0   0 220],20.346989949375804,0.0,100.0
48,11,[214   4   3],[220   0   0],7.810249675906654,0.0,100.0,[ 18 226   9],[  0 220   0],21.0,0.0,100.0,[  1  18 231],[  0   0 220],21.118712081942874,0.0,100.0
48,12,[236   2  18],[220   0   0],24.166091947189145,0.0,100.0,[  7 210  15],[  0 220   0],19.339079605813716,0.0,100.0,[  4   7 202],[  0   0 220],19.72308292331602,0.0,100.0
48,13,[222   1  12],[220   0   0],12.206555615733702,0.0,100.0,[  8 202   4],[  0 220   0],20.09975124224178,0.0,100.0,[  2  15 208],[  0   0 220],19.313207915827967,0.0,100.0
48,14,[207   6  19],[220   0   0],23.790754506740637,0.0,100.0,[  4 214   9],[  0 220   0],11.532562594670797,0.0,100.0,[  9   9 232],[  0   0 220],17.4928556845359,0.0,100.0
48,15,[205   7   9],[220   0   0],18.841443681416774,0.0,100.0,[  5 204   1],[  0 220   0],16.792855623746664,0.0,100.0,[  9  17 239],[  0   0 220],27.03701166919155,0.0,100.0
48,16,[208  15   2],[220   0   0],19.313207915827967,0.0,100.0,[  2 204  18],[  0 220   0],24.166091947189145,0.0,100.0,[ 10   4 218],[  0   0 220],10.954451150103322,0.0,100.0
48,17,[226  17  10],[220   0   0],20.615528128088304,0.0,100.0,[ 18 223   2],[  0 220   0],18.35755975068582,0.0,100.0,[ 19   1 213],[  0   0 220],20.273134932713294,0.0,100.0
48,18,[213  14   0],[220   0   0],15.652475842498529,0.0,100.0,[ 17 201  12],[  0 220   0],28.178005607210743,0.0,100.0,[ 14   9 221],[  0   0 220],16.673332000533065,0.0,100.0
48,19,[231   5   2],[220   0   0],12.24744871391589,0.0,100.0,[  1 228   6],[  0 220   0],10.04987562112089,0.0,100.0,[ 14  11 218],[  0   0 220],17.916472867168917,0.0,100.0
48,20,[219  11  15],[220   0   0],18.627936010197157,0.0,100.0,[  7 208  17],[  0 220   0],21.95449840010015,0.0,100.0,[  3  11 222],[  0   0 220],11.575836902790225,0.0,100.0
48,21,[200  15   6],[220   0   0],25.709920264364882,0.0,100.0,[ 15 238   3],[  0 220   0],23.62202362203543,0.0,100.0,[ 12  10 210],[  0   0 220],18.547236990991408,0.0,100.0
48,22,[226   5   7],[220   0   0],10.488088481701515,0.0,100.0,[ 18 217   1],[  0 220   0],18.275666882497067,0.0,100.0,[  9  17 238],[  0   0 220],26.343879744638983,0.0,100.0
48,23,[201  14   8],[220   0   0],24.919871588754223,0.0,100.0,[ 18 222   2],[  0 220   0],18.2208671582886,0.0,100.0,[  2   0 226],[  0   0 220],6.324555320336759,0.0,100.0
48,24,[203   6  14],[220   0   0],22.825424421026653,0.0,100.0,[ 18 225   0],[  0 220   0],18.681541692269406,0.0,100.0,[  7   8 200],[  0   0 220],22.64950330581225,0.0,100.0
48,25,[232   6   2],[220   0   0],13.564659966250536,0.0,100.0,[  2 203   8],[  0 220   0],18.894443627691185,0.0,100.0,[ 16   9 209],[  0   0 220],21.400934559032695,0.0,100.0
48,26,[225  19  16],[220   0   0],25.337718918639855,0.0,100.0,[ 11 236   1],[  0 220   0],19.44222209522358,0.0,100.0,[  9   0 214],[  0   0 220],10.816653826391969,0.0,100.0
48,27,[219   5   9],[220   0   0],10.344080432788601,0.0,100.0,[ 10 218  16],[  0 220   0],18.973665961010276,0.0,100.0,[  7  16 212],[  0   0 220],19.209372712298546,0.0,100.0
48,28,[207   6  13],[220   0   0],19.339079605813716,0.0,100.0,[  3 201  11],[  0 220   0],22.15851980616034,0.0,100.0,[ 10   1 209],[  0   0 220],14.89966442575134,0.0,100.0
48,29,[239   7   8],[220   0   0],21.77154105707724,0.0,100.0,[ 19 228   2],[  0 220   0],20.71231517720798,0.0,100.0,[ 10  18 215],[  0   0 220],21.18962010041709,0.0,100.0
48,30,[204   8  14],[220   0   0],22.715633383201094,0.0,100.0,[  8 236  13],[  0 220   0],22.11334438749598,0.0,100.0,[ 17  14 222],[  0   0 220],22.11334438749598,0.0,100.0
48,31,[208   1   9],[220   0   0],15.033296378372908,0.0,100.0,[ 18 216   0],[  0 220   0],18.439088914585774,0.0,100.0,[ 15  12 223],[  0   0 220],19.44222209522358,0.0,100.0
48,32,[235  11  10],[220   0   0],21.118712081942874,0.0,100.0,[  7 212   7],[  0 220   0],12.727922061357855,0.0,100.0,[ 17   2 207],[  0   0 220],21.494185260204677,0.0,100.0
48,33,[201   8  10],[220   0   0],22.9128784747792,0.0,100.0,[  7 227  16],[  0 220   0],18.81488772222678,0.0,100.0,[  6   2 236],[  0   0 220],17.204650534085253,0.0,100.0
48,34,[237   4  16],[220   0   0],23.68543856465402,0.0,100.0,[  4 208  17],[  0 220   0],21.18962010041709,0.0,100.0,[ 10   1 219],[  0   0 220],10.099504938362077,0.0,100.0
48,35,[220  19  11],[220   0   0],21.95449840010015,0.0,100.0,[ 17 235  17],[  0 220   0],28.337254630609507,0.0,100.0,[ 19   6 208],[  0   0 220],23.259406699226016,0.0,100.0
48,36,[238   5  19],[220   0   0],26.645825188948457,0.0,100.0,[  9 218  16],[  0 220   0],18.466185312619388,0.0,100.0,[  0  10 220],[  0   0 220],10.0,0.0,100.0
48,37,[231  18  11],[220   0   0],23.790754506740637,0.0,100.0,[  3 209  17],[  0 220   0],20.46948949045872,0.0,100.0,[ 11  16 202],[  0   0 220],26.476404589747453,0.0,100.0
48,38,[224  14   0],[220   0   0],14.560219778561036,0.0,100.0,[ 17 223  13],[  0 220   0],21.61018278497431,0.0,100.0,[ 10   7 217],[  0   0 220],12.569805089976535,0.0,100.0
48,39,[230  19  14],[220   0   0],25.632011235952593,0.0,100.0,[  9 227   7],[  0 220   0],13.379088160259652,0.0,100.0,[ 11  14 209],[  0   0 220],20.92844953645635,0.0,100.0
48,40,[221  18   4],[220   0   0],18.466185312619388,0.0,100.0,[  3 230   4],[  0 220   0],11.180339887498949,0.0,100.0,[ 10  19 211],[  0   0 220],23.280893453645632,0.0,100.0
48,41,[207  12  17],[220   0   0],24.535688292770594,0.0,100.0,[ 18 205  11],[  0 220   0],25.88435821108957,0.0,100.0,[ 16  15 228],[  0   0 220],23.345235059857504,0.0,100.0
48,42,[201   3  13],[220   0   0],23.2163735324878,0.0,100.0,[ 16 238   1],[  0 220   0],24.1039415863879,0.0,100.0,[ 14   7 225],[  0   0 220],16.431676725154983,0.0,100.0
48,43,[216  11  10],[220   0   0],15.394804318340652,0.0,100.0,[  2 234  17],[  0 220   0],22.11334438749598,0.0,100.0,[ 13  16 222],[  0   0 220],20.71231517720798,0.0,100.0
48,44,[211  13   5],[220   0   0],16.583123951777,0.0,100.0,[  1 212  12],[  0 220   0],14.45683229480096,0.0,100.0,[  4  12 231],[  0   0 220],16.76305461424021,0.0,100.0
48,45,[215   2  10],[220   0   0],11.357816691600547,0.0,100.0,[  3 222   3],[  0 220   0],4.69041575982343,0.0,100.0,[ 13  10 204],[  0   0 220],22.9128784747792,0.0,100.0
48,46,[215   7  18],[220   0   0],19.949937343260004,0.0,100.0,[  1 232   7],[  0 220   0],13.92838827718412,0.0,100.0,[  1   9 201],[  0   0 220],21.047565179849187,0.0,100.0
48,47,[230   9   8],[220   0   0],15.652475842498529,0.0,100.0,[ 19 224  16],[  0 220   0],25.15949125081825,0.0,100.0,[ 15   4 229],[  0   0 220],17.944358444926362,0.0,100.0
48,48,[218  17  14],[220   0   0],22.11334438749598,0.0,100.0,[ 15 214   1],[  0 220   0],16.186414056238647,0.0,100.0,[  7  11 204],[  0   0 220],20.639767440550294,0.0,100.0
48,49,[224   4  12],[220   0   0],13.2664991614216,0.0,100.0,[  4 232  19],[  0 220   0],22.825424421026653,0.0,100.0,[  2   8 206],[  0   0 220],16.24807680927192,0.0,100.0
48,50,[205  16   0],[220   0   0],21.93171219946131,0.0,100.0,[ 17 206  18],[  0 220   0],28.442925306655784,0.0,100.0,[ 16   4 215],[  0   0 220],17.233687939614086,0.0,100.0
48,51,[203   2   8],[220   0   0],18.894443627691185,0.0,100.0,[  4 237  18],[  0 220   0],25.079872407968907,0.0,100.0,[  1  16 221],[  0   0 220],16.06237840420901,0.0,100.0
48,52,[237   5   4],[220   0   0],18.16590212458495,0.0,100.0,[  2 211  13],[  0 220   0],15.937377450509228,0.0,100.0,[  3   3 239],[  0   0 220],19.467922333931785,0.0,100.0
48,53,[238  19   9],[220   0   0],27.676705006196094,0.0,100.0,[ 14 205   2],[  0 220   0],20.615528128088304,0.0,100.0,[  1   6 235],[  0   0 220],16.186414056238647,0.0,100.0
48,54,[232  17  15],[220   0   0],25.65151067676132,0.0,100.0,[  0 220   9],[  0 220   0],9.0,0.0,100.0,[ 11  19 203],[  0   0 220],27.76688675382964,0.0,100.0
48,55,[234  17   3],[220   0   0],22.22611077089287,0.0,100.0,[  0 212   1],[  0 220   0],8.06225774829855,0.0,100.0,[ 14   6 216],[  0   0 220],15.748015748023622,0.0,100.0
48,56,[219  10   2],[220   0   0],10.246950765959598,0.0,100.0,[  5 234   0],[  0 220   0],14.866068747318506,0.0,100.0,[ 16   5 224],[  0   0 220],17.233687939614086,0.0,100.0
48,57,[229  12   2],[220   0   0],15.132745950421556,0.0,100.0,[ 16 202   3],[  0 220   0],24.269322199023193,0.0,100.0,[  4   9 202],[  0   0 220],20.518284528683193,0.0,100.0
48,58,[201  12   8],[220   0   0],23.853720883753127,0.0,100.0,[  9 210  15],[  0 220   0],20.149441679609886,0.0,100.0,[ 15  15 204],[  0   0 220],26.570660511172846,0.0,100.0
48,59,[223   5   7],[220   0   0],9.1104335791443,0.0,100.0,[  6 215  14],[  0 220   0],16.0312195418814,0.0,100.0,[ 16   9 222],[  0   0 220],18.466185312619388,0.0,100.0
48,60,[205  14  18],[220   0   0],27.294688127912362,0.0,100.0,[  8 225  17],[  0 220   0],19.44222209522358,0.0,100.0,[ 11  15 231],[  0   0 220],21.61018278497431,0.0,100.0
48,61,[202   3  16],[220   0   0],24.269322199023193,0.0,100.0,[ 11 225   4],[  0 220   0],12.727922061357855,0.0,100.0,[  7   2 220],[  0   0 220],7.280109889280518,0.0,100.0
48,62,[200  19  16],[220   0   0],31.89043743820395,0.0,100.0,[ 14 200   6],[  0 220   0],25.13961017995307,0.0,100.0,[ 16   1 216],[  0   0 220],16.522711641858304,0.0,100.0
48,63,[233  13  10],[220   0   0],20.92844953645635,0.0,100.0,[ 18 233   9],[  0 220   0],23.958297101421877,0.0,100.0,[ 19   3 203],[  0   0 220],25.67099530598687,0.0,100.0
49,0,[202  19   7],[220   0   0],27.09243436828813,0.0,100.0,[  1 234  18],[  0 220   0],22.825424421026653,0.0,100.0,[  6  13 211],[  0   0 220],16.911534525287763,0.0,100.0
49,1,[206   2  12],[220   0   0],18.547236990991408,0.0,100.0,[ 18 226  11],[  0 220   0],21.93171219946131,0.0,100.0,[ 17   5 200],[  0   0 220],26.720778431774775,0.0,100.0
49,2,[224   4   8],[220   0   0],9.797958971132712,0.0,100.0,[  6 226  13],[  0 220   0],15.524174696260024,0.0,100.0,[ 10   9 235],[  0   0 220],20.149441679609886,0.0,100.0
49,3,[227  13  14],[220   0   0],20.346989949375804,0.0,100.0,[  8 203   4],[  0 220   0],19.209372712298546,0.0,100.0,[  4  16 219],[  0   0 220],16.522711641858304,0.0,100.0
49,4,[236   6   6],[220   0   0],18.110770276274835,0.0,100.0,[  5 225   3],[  0 220   0],7.681145747868608,0.0,100.0,[ 15  13 218],[  0   0 220],19.949937343260004,0.0,100.0
49,5,[227   8  19],[220   0   0],21.77154105707724,0.0,100.0,[ 14 210  16],[  0 220   0],23.49468024894146,0.0,100.0,[ 12   4 214],[  0   0 220],14.0,0.0,100.0
49,6,[202  16   5],[220   0   0],24.596747752497688,0.0,100.0,[  8 216   1],[  0 220   0],9.0,0.0,100.0,[  5  14 239],[  0   0 220],24.124676163629637,0.0,100.0
49,7,[214   8  10],[220   0   0],14.142135623730951,0.0,100.0,[ 15 235   9],[  0 220   0],23.043437243605826,0.0,100.0,[ 12   3 211],[  0   0 220],15.297058540778355,0.0,100.0
49,8,[220  13   8],[220   0   0],15.264337522473747,0.0,100.0,[  2 200   8],[  0 220   0],21.633307652783937,0.0,100.0,[  4  13 220],[  0   0 220],13.601470508735444,0.0,100.0
49,9,[232   2   6],[220   0   0],13.564659966250536,0.0,100.0,[  5 212   0],[  0 220   0],9.433981132056603,0.0,100.0,[  6  13 233],[  0   0 220],19.339079605813716,0.0,100.0
49,10,[237  19  17],[220   0   0],30.643106892089126,0.0,100.0,[ 15 211   3],[  0 220   0],17.74823934929885,0.0,100.0,[  1   8 225],[  0   0 220],9.486832980505138,0.0,100.0
49,11,[232  12  17],[220   0   0],24.020824298928627,0.0,100.0,[ 15 239  11],[  0 220   0],26.589471600616662,0.0,100.0,[ 15  14 226],[  0   0 220],21.37755832643195,0.0,100.0
49,12,[201  15  19],[220   0   0],30.773365106858236,0.0,100.0,[ 11 201  12],[  0 220   0],25.019992006393608,0.0,100.0,[  2   0 211],[  0   0 220],9.219544457292887,0.0,100.0
49,13,[220  13  13],[220   0   0],18.384776310850235,0.0,100.0,[  5 239   6],[  0 220   0],20.54263858417414,0.0,100.0,[ 11  19 223],[  0   0 220],22.15851980616034,0.0,100.0
49,14,[236   8   0],[220   0   0],17.88854381999832,0.0,100.0,[  9 222  13],[  0 220   0],15.937377450509228,0.0,100.0,[  0   0 223],[  0   0 220],3.0,0.0,100.0
49,15,[229  16   3],[220   0   0],18.601075237738275,0.0,100.0,[ 11 219   0],[  0 220   0],11.045361017187261,0.0,100.0,[  0  18 213],[  0   0 220],19.313207915827967,0.0,100.0
49,16,[200  10   8],[220   0   0],23.748684174075834,0.0,100.0,[  7 237   4],[  0 220   0],18.81488772222678,0.0,100.0,[  6  18 219],[  0   0 220],19.0,0.0,100.0
49,17,[220  11   6],[220   0   0],12.529964086141668,0.0,100.0,[ 13 218  19],[  0 220   0],23.108440016582687,0.0,100.0,[  0   2 228],[  0   0 220],8.246211251235321,0.0,100.0
49,18,[235  11   6],[220   0   0],19.544820285692065,0.0,100.0,[  0 209  17],[  0 220   0],20.248456731316587,0.0,100.0,[  8  13 224],[  0   0 220],15.7797338380595,0.0,100.0
49,19,[221   5   4],[220   0   0],6.48074069840786,0.0,100.0,[ 15 239  10],[  0 220   0],26.19160170741759,0.0,100.0,[  4  17 237],[  0   0 220],24.372115213907882,0.0,100.0
49,20,[217   2   3],[220   0   0],4.69041575982343,0.0,100.0,[  9 219  16],[  0 220   0],18.384776310850235,0.0,100.0,[  2   5 219],[  0   0 220],5.477225575051661,0.0,100.0
49,21,[213   0  16],[220   0   0],17.46424919657298,0.0,100.0,[  6 213  10],[  0 220   0],13.601470508735444,0.0,100.0,[ 12   8 220],[  0   0 220],14.422205101855956,0.0,100.0
49,22,[207   5  14],[220   0   0],19.748417658131498,0.0,100.0,[ 15 203  19],[  0 220   0],29.58039891549808,0.0,100.0,[ 13  14 226],[  0   0 220],20.024984394500787,0.0,100.0
49,23,[224   1   7],[220   0   0],8.12403840463596,0.0,100.0,[ 16 222   0],[  0 220   0],16.1245154965971,0.0,100.0,[ 10   4 232],[  0   0 220],16.1245154965971,0.0,100.0
49,24,[210   0   1],[220   0   0],10.04987562112089,0.0,100.0,[  4 234   3],[  0 220   0],14.866068747318506,0.0,100.0,[ 11   0 202],[  0   0 220],21.095023109728988,0.0,100.0
49,25,[216   2  10],[220   0   0],10.954451150103322,0.0,100.0,[ 17 233  13],[  0 220   0],25.03996805109783,0.0,100.0,[  6   7 211],[  0   0 220],12.884098726725126,0.0,100.0
49,26,[218  13  18],[220   0   0],22.293496809607955,0.0,100.0,[  0 226   4],[  0 220   0],7.211102550927978,0.0,100.0,[  3  18 239],[  0   0 220],26.343879744638983,0.0,100.0
49,27,[208   8  19],[220   0   0],23.853720883753127,0.0,100.0,[  7 211  17],[  0 220   0],20.46948949045872,0.0,100.0,[ 12  10 232],[  0   0 220],19.697715603592208,0.0,100.0
49,28,[233   6   4],[220   0   0],14.866068747318506,0.0,100.0,[ 10 201   6],[  0 220   0],22.293496809607955,0.0,100.0,[ 13  17 212],[  0   0 220],22.847319317591726,0.0,100.0
49,29,[214   1   1],[220   0   0],6.164414002968976,0.0,100.0,[ 18 236   9],[  0 220   0],25.709920264364882,0.0,100.0,[ 19  10 205],[  0   0 220],26.19160170741759,0.0,100.0
49,30,[204  11  19],[220   0   0],27.16615541441225,0.0,100.0,[ 16 221  13],[  0 220   0],20.639767440550294,0.0,100.0,[ 19  14 227],[  0   0 220],24.61706725018234,0.0,100.0
49,31,[220   7  12],[220   0   0],13.892443989449804,0.0,100.0,[ 12 237   1],[  0 220   0],20.83266665599966,0.0,100.0,[  8   8 239],[  0   0 220],22.11334438749598,0.0,100.0
49,32,[224   7   0],[220   0   0],8.06225774829855,0.0,100.0,[  9 203  13],[  0 220   0],23.2163735324878,0.0,100.0,[ 16  11 222],[  0   0 220],19.519221295943137,0.0,100.0
49,33,[236  14   8],[220   0   0],22.715633383201094,0.0,100.0,[  3 204  15],[  0 220   0],22.135943621178654,0.0,100.0,[  9  16 239],[  0   0 220],26.419689627245813,0.0,100.0
49,34,[226  18  19],[220   0   0],26.851443164195103,0.0,100.0,[ 17 230  16],[  0 220   0],25.39685019840059,0.0,100.0,[ 15  13 208],[  0   0 220],23.194827009486403,0.0,100.0
49,35,[235   4  18],[220   0   0],23.769728648009426,0.0,100.0,[ 19 225  13],[  0 220   0],23.558437978779494,0.0,100.0,[ 19   5 213],[  0   0 220],20.85665361461421,0.0,100.0
49,36,[233  19   5],[220   0   0],23.558437978779494,0.0,100.0,[  5 213  10],[  0 220   0],13.19090595827292,0.0,100.0,[  2  11 234],[  0   0 220],17.916472867168917,0.0,100.0
49,37,[223   0  14],[220   0   0],14.317821063276353,0.0,100.0,[ 12 205  18],[  0 220   0],26.324893162176366,0.0,100.0,[ 12  16 212],[  0   0 220],21.540659228538015,0.0,100.0
49,38,[221   5   0],[220   0   0],5.0990195135927845,0.0,100.0,[  4 219  12],[  0 220   0],12.68857754044952,0.0,100.0,[  5  11 212],[  0   0 220],14.491376746189438,0.0,100.0
49,39,[231   4  11],[220   0   0],16.06237840420901,0.0,100.0,[ 15 221   1],[  0 220   0],15.066519173319364,0.0,100.0,[  5   7 207],[  0   0 220],15.588457268119896,0.0,100.0
49,40,[216  18   8],[220   0   0],20.09975124224178,0.0,100.0,[ 17 201   0],[  0 220   0],25.495097567963924,0.0,100.0,[  2  15 230],[  0   0 220],18.138357147217054,0.0,100.0
49,41,[230  11   2],[220   0   0],15.0,0.0,100.0,[ 12 227  12],[  0 220   0],18.35755975068582,0.0,100.0,[  5   7 211],[  0   0 220],12.449899597988733,0.0,100.0
49,42,[212   8  18],[220   0   0],21.2602916254693,0.0,100.0,[  4 233   0],[  0 220   0],13.601470508735444,0.0,100.0,[ 15   7 216],[  0   0 220],17.029386365926403,0.0,100.0
49,43,[235   7  18],[220   0   0],24.454038521274967,0.0,100.0,[  2 203  11],[  0 220   0],20.346989949375804,0.0,100.0,[  5   9 237],[  0   0 220],19.87460691435179,0.0,100.0
49,44,[222   6   9],[220   0   0],11.0,0.0,100.0,[  3 235  12],[  0 220   0],19.44222209522358,0.0,100.0,[ 12  13 214],[  0   0 220],18.681541692269406,0.0,100.0
49,45,[207   2  19],[220   0   0],23.108440016582687,0.0,100.0,[  0 235  16],[  0 220   0],21.93171219946131,0.0,100.0,[ 10   1 224],[  0   0 220],10.816653826391969,0.0,100.0
49,46,[212   1   3],[220   0   0],8.602325267042627,0.0,100.0,[  7 231  14],[  0 220   0],19.131126469708992,0.0,100.0,[ 13  18 223],[  0   0 220],22.40535650240808,0.0,100.0
49,47,[220   8  19],[220   0   0],20.615528128088304,0.0,100.0,[  7 211   8],[  0 220   0],13.92838827718412,0.0,100.0,[ 11  19 223],[  0   0 220],22.15851980616034,0.0,100.0
49,48,[236   6  12],[220   0   0],20.8806130178211,0.0,100.0,[  9 214   4],[  0 220   0],11.532562594670797,0.0,100.0,[  8   7 225],[  0   0 220],11.74734012447073,0.0,100.0
49,49,[226   0  19],[220   0   0],19.924858845171276,0.0,100.0,[ 18 229  11],[  0 220   0],22.93468988235943,0.0,100.0,[ 12  11 234],[  0   0 220],21.470910553583888,0.0,100.0
49,50,[216   7   5],[220   0   0],9.486832980505138,0.0,100.0,[ 15 205  17],[  0 220   0],27.184554438136374,0.0,100.0,[  1   3 232],[  0   0 220],12.409673645990857,0.0,100.0
49,51,[238  12  16],[220   0   0],26.90724809414742,0.0,100.0,[ 15 216  13],[  0 220   0],20.248456731316587,0.0,100.0,[ 16   7 209],[  0   0 220],20.639767440550294,0.0,100.0
49,52,[204   5   3],[220   0   0],17.029386365926403,0.0,100.0,[ 17 201  14],[  0 220   0],29.086079144497972,0.0,100.0,[ 19   6 239],[  0   0 220],27.53179979587241,0.0,100.0
49,53,[209  14   8],[220   0   0],19.519221295943137,0.0,100.0,[ 15 236  18],[  0 220   0],28.372521918222215,0.0,100.0,[ 14   1 216],[  0   0 220],14.594519519326424,0.0,100.0
49,54,[219  12  16],[220   0   0],20.024984394500787,0.0,100.0,[  7 213   0],[  0 220   0],9.899494936611665,0.0,100.0,[ 18   0 216],[  0   0 220],18.439088914585774,0.0,100.0
49,55,[202  18   7],[220   0   0],26.40075756488817,0.0,100.0,[ 12 234  18],[  0 220   0],25.768197453450252,0.0,100.0,[ 11  19 229],[  0   0 220],23.727621035409346,0.0,100.0
49,56,[232   9   3],[220   0   0],15.297058540778355,0.0,100.0,[ 15 207  12],[  0 220   0],23.194827009486403,0.0,100.0,[  5  13 234],[  0   0 220],19.748417658131498,0.0,100.0
49,57,[218  12  15],[220   0   0],19.313207915827967,0.0,100.0,[ 14 239   0],[  0 220   0],23.600847442411894,0.0,100.0,[  9   6 206],[  0   0 220],17.69180601295413,0.0,100.0
49,58,[227   0   2],[220   0   0],7.280109889280518,0.0,100.0,[  4 204  19],[  0 220   0],25.15949125081825,0.0,100.0,[ 12  15 203],[  0   0 220],25.65151067676132,0.0,100.0
49,59,[230  18  16],[220   0   0],26.076809620810597,0.0,100.0,[ 12 204  16],[  0 220   0],25.612496949731394,0.0,100.0,[  7  17 208],[  0   0 220],21.95449840010015,0.0,100.0
49,60,[238  14  17],[220   0   0],28.442925306655784,0.0,100.0,[  0 209   0],[  0 220   0],11.0,0.0,100.0,[ 18  19 203],[  0   0 220],31.20897306865447,0.0,100.0
49,61,[224   8   6],[220   0   0],10.770329614269007,0.0,100.0,[ 11 232  18],[  0 220   0],24.269322199023193,0.0,100.0,[  4   9 235],[  0   0 220],17.944358444926362,0.0,100.0
49,62,[228   6   1],[220   0   0],10.04987562112089,0.0,100.0,[  7 204  10],[  0 220   0],20.12461179749811,0.0,100.0,[ 16  13 219],[  0   0 220],20.639767440550294,0.0,100.0
49,63,[227   3  12],[220   0   0],14.212670403551895,0.0,100.0,[ 13 208   5],[  0 220   0],18.384776310850235,0.0,100.0,[ 10  19 236],[  0   0 220],26.77685567799177,0.0,100.0
50,0,[234  11  19],[220   0   0],26.038433132583073,0.0,100.0,[ 15 212  13],[  0 220   0],21.400934559032695,0.0,100.0,[  9   8 206],[  0   0 220],18.466185312619388,0.0,100.0
50,1,[232  19  14],[220   0   0],26.476404589747453,0.0,100.0,[ 10 232  15],[  0 220   0],21.656407827707714,0.0,100.0,[ 16  17 214],[  0   0 220],24.1039415863879,0.0,100.0
50,2,[223  14  10],[220   0   0],17.46424919657298,0.0,100.0,[ 10 228   9],[  0 220   0],15.652475842498529,0.0,100.0,[  8   8 221],[  0   0 220],11.357816691600547,0.0,100.0
50,3,[233   3   4],[220   0   0],13.92838827718412,0.0,100.0,[  3 234   2],[  0 220   0],14.45683229480096,0.0,100.0,[ 18  11 200],[  0   0 220],29.068883707497267,0.0,100.0
50,4,[220  18   6],[220   0   0],18.973665961010276,0.0,100.0,[ 10 216  11],[  0 220   0],15.394804318340652,0.0,100.0,[  8   4 230],[  0   0 220],13.416407864998739,0.0,100.0
50,5,[211  12   3],[220   0   0],15.297058540778355,0.0,100.0,[ 17 233  14],[  0 220   0],25.573423705088842,0.0,100.0,[  0   3 210],[  0   0 220],10.44030650891055,0.0,100.0
50,6,[222   1   4],[220   0   0],4.58257569495584,0.0,100.0,[  0 215  17],[  0 220   0],17.72004514666935,0.0,100.0,[  3   4 210],[  0   0 220],11.180339887498949,0.0,100.0
50,7,[235  18   4],[220   0   0],23.769728648009426,0.0,100.0,[ 16 236  18],[  0 220   0],28.91366458960192,0.0,100.0,[ 16   4 216],[  0   0 220],16.97056274847714,0.0,100.0
50,8,[209   2  12],[220   0   0],16.401219466856727,0.0,100.0,[  5 213  15],[  0 220   0],17.291616465790582,0.0,100.0,[  3   1 216],[  0   0 220],5.0990195135927845,0.0,100.0
50,9,[233  12   5],[220   0   0],18.384776310850235,0.0,100.0,[  4 220   2],[  0 220   0],4.47213595499958,0.0,100.0,[ 10  18 209],[  0   0 220],23.345235059857504,0.0,100.0
50,10,[225   7   5],[220   0   0],9.9498743710662,0.0,100.0,[  8 205  17],[  0 220   0],24.041630560342615,0.0,100.0,[ 18  19 223],[  0   0 220],26.343879744638983,0.0,100.0
50,11,[230  19   4],[220   0   0],21.840329667841555,0.0,100.0,[  1 237   8],[  0 220   0],18.81488772222678,0.0,100.0,[  7  12 227],[  0   0 220],15.556349186104045,0.0,100.0
50,12,[225   0  16],[220   0   0],16.76305461424021,0.0,100.0,[  5 217   4],[  0 220   0],7.0710678118654755,0.0,100.0,[  1  18 219],[  0   0 220],18.05547008526779,0.0,100.0
50,13,[224  11   2],[220   0   0],11.874342087037917,0.0,100.0,[  0 208   4],[  0 220   0],12.649110640673518,0.0,100.0,[  3   0 211],[  0   0 220],9.486832980505138,0.0,100.0
50,14,[217   4  18],[220   0   0],18.681541692269406,0.0,100.0,[  8 236   4],[  0 220   0],18.33030277982336,0.0,100.0,[  2   6 211],[  0   0 220],11.0,0.0,100.0
50,15,[230  13   3],[220   0   0],16.673332000533065,0.0,100.0,[ 11 235  18],[  0 220   0],25.88435821108957,0.0,100.0,[  0   7 235],[  0   0 220],16.55294535724685,0.0,100.0
50,16,[210  15   0],[220   0   0],18.027756377319946,0.0,100.0,[  3 228   6],[  0 220   0],10.44030650891055,0.0,100.0,[  7  19 235],[  0   0 220],25.199206336708304,0.0,100.0
50,17,[204  10   7],[220   0   0],20.12461179749811,0.0,100.0,[ 19 203   7],[  0 220   0],26.43860813280457,0.0,100.0,[  0  13 211],[  0   0 220],15.811388300841896,0.0,100.0
50,18,[203   0  15],[220   0   0],22.67156809750927,0.0,100.0,[ 13 219  17],[  0 220   0],21.42428528562855,0.0,100.0,[  7   9 228],[  0   0 220],13.92838827718412,0.0,100.0
50,19,[206   0   3],[220   0   0],14.317821063276353,0.0,100.0,[ 17 237   5],[  0 220   0],24.55605831561735,0.0,100.0,[  2  15 216],[  0   0 220],15.652475842498529,0.0,100.0
50,20,[208   1  16],[220   0   0],20.024984394500787,0.0,100.0,[  2 201  10],[  0 220   0],21.563858652847824,0.0,100.0,[ 16   8 215],[  0   0 220],18.57417562100671,0.0,100.0
50,21,[214   5   2],[220   0   0],8.06225774829855,0.0,100.0,[  7 231   8],[  0 220   0],15.297058540778355,0.0,100.0,[  8  19 207],[  0   0 220],24.372115213907882,0.0,100.0
50,22,[233   2  18],[220   0   0],22.293496809607955,0.0,100.0,[  9 213   6],[  0 220   0],12.884098726725126,0.0,100.0,[  6  17 216],[  0   0 220],18.466185312619388,0.0,100.0
50,23,[233  14  11],[220   0   0],22.045407685048602,0.0,100.0,[ 10 232   5],[  0 220   0],16.401219466856727,0.0,100.0,[ 14   1 206],[  0   0 220],19.82422760159901,0.0,100.0
50,24,[234   2   7],[220   0   0],15.7797338380595,0.0,100.0,[  6 222  10],[  0 220   0],11.832159566199232,0.0,100.0,[  1  18 200],[  0   0 220],26.92582403567252,0.0,100.0
50,25,[218  15   3],[220   0   0],15.427248620541512,0.0,100.0,[  0 211  12],[  0 220   0],15.0,0.0,100.0,[ 13  14 220],[  0   0 220],19.1049731745428,0.0,100.0
50,26,[201   7   5],[220   0   0],20.85665361461421,0.0,100.0,[ 19 225  14],[  0 220   0],24.124676163629637,0.0,100.0,[ 16   1 222],[  0   0 220],16.15549442140351,0.0,100.0
50,27,[207  10  10],[220   0   0],19.209372712298546,0.0,100.0,[  8 233   9],[  0 220   0],17.72004514666935,0.0,100.0,[ 12   5 224],[  0   0 220],13.601470508735444,0.0,100.0
50,28,[216   8  11],[220   0   0],14.177446878757825,0.0,100.0,[  1 226   1],[  0 220   0],6.164414002968976,0.0,100.0,[ 12   8 204],[  0   0 220],21.540659228538015,0.0,100.0
50,29,[223  11   4],[220   0   0],12.083045973594572,0.0,100.0,[ 11 231  12],[  0 220   0],19.6468827043885,0.0,100.0,[ 17  15 233],[  0   0 220],26.13426869074396,0.0,100.0
50,30,[217  10   9],[220   0   0],13.784048752090222,0.0,100.0,[ 15 205   8],[  0 220   0],22.67156809750927,0.0,100.0,[  1  14 231],[  0   0 220],17.832554500127006,0.0,100.0
50,31,[211  18  18],[220   0   0],27.0,0.0,100.0,[ 18 214   9],[  0 220   0],21.0,0.0,100.0,[ 17  17 233],[  0   0 220],27.331300737432898,0.0,100.0
50,32,[230  17   0],[220   0   0],19.72308292331602,0.0,100.0,[ 17 231   9],[  0 220   0],22.15851980616034,0.0,100.0,[  7  12 223],[  0   0 220],14.212670403551895,0.0,100.0
50,33,[204  16   4],[220   0   0],22.978250586152114,0.0,100.0,[  6 235   0],[  0 220   0],16.15549442140351,0.0,100.0,[ 11   6 217],[  0   0 220],12.884098726725126,0.0,100.0
50,34,[209   4  12],[220   0   0],16.76305461424021,0.0,100.0,[  3 220   1],[  0 220   0],3.1622776601683795,0.0,100.0,[ 18  12 209],[  0   0 220],24.269322199023193,0.0,100.0
50,35,[238   1   4],[220   0   0],18.466185312619388,0.0,100.0,[ 19 203  10],[  0 220   0],27.386127875258307,0.0,100.0,[  7   3 211],[  0   0 220],11.789826122551595,0.0,100.0
50,36,[204   4  10],[220   0   0],19.28730152198591,0.0,100.0,[ 19 239   7],[  0 220   0],27.76688675382964,0.0,100.0,[  3   6 219],[  0   0 220],6.782329983125268,0.0,100.0
50,37,[217   7   5],[220   0   0],9.1104335791443,0.0,100.0,[  3 226   6],[  0 220   0],9.0,0.0,100.0,[ 10   6 208],[  0   0 220],16.73320053068151,0.0,100.0
50,38,[200   0  15],[220   0   0],25.0,0.0,100.0,[  0 211  11],[  0 220   0],14.212670403551895,0.0,100.0,[ 19   7 202],[  0   0 220],27.09243436828813,0.0,100.0
50,39,[237  17  12],[220   0   0],26.870057685088806,0.0,100.0,[  6 220   6],[  0 220   0],8.48528137423857,0.0,100.0,[ 16   6 222],[  0   0 220],17.204650534085253,0.0,100.0
50,40,[217  11  10],[220   0   0],15.165750888103101,0.0,100.0,[  6 200  19],[  0 220   0],28.231188426986208,0.0,100.0,[ 14   2 235],[  0   0 220],20.615528128088304,0.0,100.0
50,41,[229   9  17],[220   0   0],21.236760581595302,0.0,100.0,[ 13 235  11],[  0 220   0],22.693611435820433,0.0,100.0,[ 18   0 212],[  0   0 220],19.697715603592208,0.0,100.0
50,42,[202  16   1],[220   0   0],24.1039415863879,0.0,100.0,[ 13 237   4],[  0 220   0],21.77154105707724,0.0,100.0,[ 17  14 236],[  0   0 220],27.2213151776324,0.0,100.0
50,43,[209   6   3],[220   0   0],12.884098726725126,0.0,100.0,[  2 239   1],[  0 220   0],19.131126469708992,0.0,100.0,[ 12   0 218],[  0   0 220],12.165525060596439,0.0,100.0
50,44,[202   0   8],[220   0   0],19.697715603592208,0.0,100.0,[  0 203   7],[  0 220   0],18.384776310850235,0.0,100.0,[ 17   1 238],[  0   0 220],24.779023386727733,0.0,100.0
50,45,[230   8  13],[220   0   0],18.24828759089466,0.0,100.0,[  6 216   9],[  0 220   0],11.532562594670797,0.0,100.0,[ 12   4 228],[  0   0 220],14.966629547095765,0.0,100.0
50,46,[234  12  15],[220   0   0],23.769728648009426,0.0,100.0,[  6 202  15],[  0 220   0],24.186773244895647,0.0,100.0,[ 10  17 206],[  0   0 220],24.186773244895647,0.0,100.0
50,47,[203  16   2],[220   0   0],23.430749027719962,0.0,100.0,[  9 223   8],[  0 220   0],12.409673645990857,0.0,100.0,[  4  18 235],[  0   0 220],23.769728648009426,0.0,100.0
50,48,[236  12   9],[220   0   0],21.93171219946131,0.0,100.0,[ 19 203  17],[  0 220   0],30.643106892089126,0.0,100.0,[ 19  10 205],[  0   0 220],26.19160170741759,0.0,100.0
50,49,[209  14  11],[220   0   0],20.92844953645635,0.0,100.0,[  0 217   8],[  0 220   0],8.54400374531753,0.0,100.0,[  8  16 210],[  0   0 220],20.493901531919196,0.0,100.0
50,50,[219  18   4],[220   0   0],18.466185312619388,0.0,100.0,[  0 204  11],[  0 220   0],19.4164878389476,0.0,100.0,[ 14   5 214],[  0   0 220],16.0312195418814,0.0,100.0
50,51,[201  16  19],[220   0   0],31.272991542223778,0.0,100.0,[  2 202   1],[  0 220   0],18.138357147217054,0.0,100.0,[  1   3 216],[  0   0 220],5.0990195135927845,0.0,100.0
50,52,[207   5  17],[220   0   0],21.97726097583591,0.0,100.0,[ 11 226   9],[  0 220   0],15.427248620541512,0.0,100.0,[  6   5 200],[  0   0 220],21.470910553583888,0.0,100.0
50,53,[217   7  10],[220   0   0],12.569805089976535,0.0,100.0,[  2 200  17],[  0 220   0],26.324893162176366,0.0,100.0,[  3  15 202],[  0   0 220],23.62202362203543,0.0,100.0
50,54,[233   5  17],[220   0   0],21.97726097583591,0.0,100.0,[ 10 216   3],[  0 220   0],11.180339887498949,0.0,100.0,[  8   1 221],[  0   0 220],8.12403840463596,0.0,100.0
50,55,[215  19   8],[220   0   0],21.213203435596427,0.0,100.0,[ 19 200  18],[  0 220   0],32.93933818400121,0.0,100.0,[  7   6 208],[  0   0 220],15.132745950421556,0.0,100.0
50,56,[220  16   4],[220   0   0],16.492422502470642,0.0,100.0,[ 11 205   5],[  0 220   0],19.261360284258224,0.0,100.0,[  3  14 237],[  0   0 220],22.22611077089287,0.0,100.0
50,57,[211  14   9],[220   0   0],18.920887928424502,0.0,100.0,[  7 204   7],[  0 220   0],18.81488772222678,0.0,100.0,[  4   3 231],[  0   0 220],12.083045973594572,0.0,100.0
50,58,[219  17   1],[220   0   0],17.05872210923198,0.0,100.0,[  5 200  14],[  0 220   0],24.919871588754223,0.0,100.0,[  0  19 217],[  0   0 220],19.235384061671343,0.0,100.0
50,59,[230   3   1],[220   0   0],10.488088481701515,0.0,100.0,[ 15 236   4],[  0 220   0],22.293496809607955,0.0,100.0,[  8  16 232],[  0   0 220],21.540659228538015,0.0,100.0
50,60,[234  16  14],[220   0   0],25.45584412271571,0.0,100.0,[  0 203  10],[  0 220   0],19.72308292331602,0.0,100.0,[ 16   9 227],[  0   0 220],19.6468827043885,0.0,100.0
50,61,[228  18   2],[220   0   0],19.79898987322333,0.0,100.0,[  3 222  17],[  0 220   0],17.378147196982766,0.0,100.0,[ 16  13 209],[  0   0 220],23.366642891095847,0.0,100.0
50,62,[211   4  17],[220   0   0],19.6468827043885,0.0,100.0,[  9 211  19],[  0 220   0],22.869193252058544,0.0,100.0,[ 19   1 234],[  0   0 220],23.62202362203543,0.0,100.0
50,63,[211  16   5],[220   0   0],19.026297590440446,0.0,100.0,[  0 216  10],[  0 220   0],10.770329614269007,0.0,100.0,[ 18   6 239],[  0   0 220],26.851443164195103,0.0,100.0
51,0,[223  14  14],[220   0   0],20.024984394500787,0.0,100.0,[  9 230   3],[  0 220   0],13.784048752090222,0.0,100.0,[ 19   5 232],[  0   0 220],23.021728866442675,0.0,100.0
51,1,[210   6   0],[220   0   0],11.661903789690601,0.0,100.0,[  6 237  19],[  0 220   0],26.19160170741759,0.0,100.0,[ 18   1 200],[  0   0 220],26.92582403567252,0.0,100.0
51,2,[200   5   0],[220   0   0],20.615528128088304,0.0,100.0,[ 18 223  11],[  0 220   0],21.307275752662516,0.0,100.0,[ 11   9 215],[  0   0 220],15.066519173319364,0.0,100.0
51,3,[215   0  11],[220   0   0],12.083045973594572,0.0,100.0,[  2 208  19],[  0 220   0],22.561028345356956,0.0,100.0,[ 14   1 207],[  0   0 220],19.131126469708992,0.0,100.0
51,4,[211   8   3],[220   0   0],12.409673645990857,0.0,100.0,[  1 210   2],[  0 220   0],10.246950765959598,0.0,100.0,[ 11  12 229],[  0   0 220],18.601075237738275,0.0,100.0
51,5,[222  17   2],[220   0   0],17.233687939614086,0.0,100.0,[  6 215   2],[  0 220   0],8.06225774829855,0.0,100.0,[ 10   2 200],[  0   0 220],22.44994432064365,0.0,100.0
51,6,[209  17   5],[220   0   0],20.85665361461421,0.0,100.0,[ 17 201  13],[  0 220   0],28.61817604250837,0.0,100.0,[ 18   3 223],[  0   0 220],18.49324200890693,0.0,100.0
51,7,[239  15   1],[220   0   0],24.228082879171435,0.0,100.0,[ 11 222  17],[  0 220   0],20.346989949375804,0.0,100.0,[  1  16 217],[  0   0 220],16.30950643030009,0.0,100.0
51,8,[201   6  15],[220   0   0],24.939927826679853,0.0,100.0,[ 12 201   2],[  0 220   0],22.561028345356956,0.0,100.0,[ 15   8 204],[  0   0 220],23.345235059857504,0.0,100.0
51,9,[233  17   6],[220   0   0],22.22611077089287,0.0,100.0,[ 10 218   7],[  0 220   0],12.36931687685298,0.0,100.0,[ 11   7 216],[  0   0 220],13.638181696985855,0.0,100.0
51,10,[219   7   9],[220   0   0],11.445523142259598,0.0,100.0,[ 12 207   2],[  0 220   0],17.804493814764857,0.0,100.0,[ 11   7 203],[  0   0 220],21.42428528562855,0.0,100.0
51,11,[223   8  12],[220   0   0],14.730919862656235,0.0,100.0,[ 17 211  18],[  0 220   0],26.343879744638983,0.0,100.0,[ 13  14 238],[  0   0 220],26.248809496813376,0.0,100.0
51,12,[210   9  12],[220   0   0],18.027756377319946,0.0,100.0,[ 19 216  18],[  0 220   0],26.476404589747453,0.0,100.0,[  7  16 235],[  0   0 220],23.021728866442675,0.0,100.0
51,13,[230   4   3],[220   0   0],11.180339887498949,0.0,100.0,[ 15 222  16],[  0 220   0],22.02271554554524,0.0,100.0,[  8  11 209],[  0   0 220],17.4928556845359,0.0,100.0
51,14,[204  15   0],[220   0   0],21.93171219946131,0.0,100.0,[ 15 227  11],[  0 220   0],19.87460691435179,0.0,100.0,[ 19  16 200],[  0   0 220],31.89043743820395,0.0,100.0
51,15,[234  12  15],[220   0   0],23.769728648009426,0.0,100.0,[ 15 233  16],[  0 220   0],25.495097567963924,0.0,100.0,[  1  10 205],[  0   0 220],18.05547008526779,0.0,100.0
51,16,[215   4  13],[220   0   0],14.491376746189438,0.0,100.0,[ 14 235  16],[  0 220   0],26.019223662515376,0.0,100.0,[  1   5 231],[  0   0 220],12.12435565298214,0.0,100.0
51,17,[210   6  15],[220   0   0],19.0,0.0,100.0,[ 10 208  15],[  0 220   0],21.656407827707714,0.0,100.0,[  2   9 202],[  0   0 220],20.223748416156685,0.0,100.0
51,18,[230   8  12],[220   0   0],17.549928774784245,0.0,100.0,[  1 212   1],[  0 220   0],8.12403840463596,0.0,100.0,[  5   1 238],[  0   0 220],18.708286933869708,0.0,100.0
51,19,[211  11  13],[220   0   0],19.261360284258224,0.0,100.0,[  2 234  12],[  0 220   0],18.547236990991408,0.0,100.0,[  3  17 234],[  0   0 220],22.22611077089287,0.0,100.0
51,20,[218  10   5],[220   0   0],11.357816691600547,0.0,100.0,[  4 212   2],[  0 220   0],9.16515138991168,0.0,100.0,[ 14  19 213],[  0   0 220],24.61706725018234,0.0,100.0
51,21,[226   7  16],[220   0   0],18.466185312619388,0.0,100.0,[ 11 226  12],[  0 220   0],17.349351572897472,0.0,100.0,[ 12   8 228],[  0   0 220],16.492422502470642,0.0,100.0
51,22,[207   0   9],[220   0   0],15.811388300841896,0.0,100.0,[  7 223  18],[  0 220   0],19.544820285692065,0.0,100.0,[  9  15 203],[  0   0 220],24.392621835300936,0.0,100.0
51,23,[232  14   1],[220   0   0],18.466185312619388,0.0,100.0,[ 11 210  16],[  0 220   0],21.840329667841555,0.0,100.0,[  1   4 236],[  0   0 220],16.522711641858304,0.0,100.0
51,24,[215   6  12],[220   0   0],14.317821063276353,0.0,100.0,[  2 213   0],[  0 220   0],7.280109889280518,0.0,100.0,[ 17   1 218],[  0   0 220],17.146428199482248,0.0,100.0
51,25,[214  15  13],[220   0   0],20.73644135332772,0.0,100.0,[ 13 211  16],[  0 220   0],22.494443758403985,0.0,100.0,[ 17   5 238],[  0   0 220],25.25866188063018,0.0,100.0
51,26,[220  15   0],[220   0   0],15.0,0.0,100.0,[  8 237  13],[  0 220   0],22.847319317591726,0.0,100.0,[  9  18 238],[  0   0 220],27.0,0.0,100.0
51,27,[204  15  18],[220   0   0],28.372521918222215,0.0,100.0,[  6 225   9],[  0 220   0],11.916375287812984,0.0,100.0,[ 18   0 203],[  0   0 220],24.758836806279895,0.0,100.0
51,28,[221  11  13],[220   0   0],17.05872210923198,0.0,100.0,[ 19 205   0],[  0 220   0],24.20743687382041,0.0,100.0,[  2  14 230],[  0   0 220],17.320508075688775,0.0,100.0
51,29,[201  16  10],[220   0   0],26.77685567799177,0.0,100.0,[  3 207   1],[  0 220   0],13.379088160259652,0.0,100.0,[  0  19 233],[  0   0 220],23.021728866442675,0.0,100.0
51,30,[237   9  17],[220   0   0],25.67099530598687,0.0,100.0,[ 11 231  10],[  0 220   0],18.49324200890693,0.0,100.0,[  3   1 221],[  0   0 220],3.3166247903554,0.0,100.0
51,31,[219   3   2],[220   0   0],3.7416573867739413,0.0,100.0,[  9 214   7],[  0 220   0],12.884098726725126,0.0,100.0,[  0  18 220],[  0   0 220],18.0,0.0,100.0
51,32,[200   3   8],[220   0   0],21.748563170931547,0.0,100.0,[  8 203   4],[  0 220   0],19.209372712298546,0.0,100.0,[ 19  14 210],[  0   0 220],25.632011235952593,0.0,100.0
51,33,[233   2   7],[220   0   0],14.89966442575134,0.0,100.0,[ 10 233  15],[  0 220   0],22.22611077089287,0.0,100.0,[ 17   3 232],[  0   0 220],21.02379604162864,0.0,100.0
51,34,[211  16  11],[220   0   0],21.400934559032695,0.0,100.0,[  6 221  13],[  0 220   0],14.352700094407323,0.0,100.0,[ 18   9 228],[  0   0 220],21.656407827707714,0.0,100.0
51,35,[226   4   2],[220   0   0],7.483314773547883,0.0,100.0,[ 17 218  18],[  0 220   0],24.839484696748443,0.0,100.0,[  8   5 213],[  0   0 220],11.74734012447073,0.0,100.0
51,36,[208  16  10],[220   0   0],22.360679774997898,0.0,100.0,[ 17 236   5],[  0 220   0],23.874672772626646,0.0,100.0,[  3  18 232],[  0   0 220],21.840329667841555,0.0,100.0
51,37,[238   4  10],[220   0   0],20.97617696340303,0.0,100.0,[  2 204  13],[  0 220   0],20.71231517720798,0.0,100.0,[ 14  10 230],[  0   0 220],19.8997487421324,0.0,100.0
51,38,[206   7   0],[220   0   0],15.652475842498529,0.0,100.0,[ 18 202  18],[  0 220   0],31.176914536239792,0.0,100.0,[  9   5 205],[  0   0 220],18.193405398660254,0.0,100.0
51,39,[208  16  13],[220   0   0],23.853720883753127,0.0,100.0,[  2 233   5],[  0 220   0],14.071247279470288,0.0,100.0,[  5   1 209],[  0   0 220],12.12435565298214,0.0,100.0
51,40,[231   0  13],[220   0   0],17.029386365926403,0.0,100.0,[ 11 207  10],[  0 220   0],19.748417658131498,0.0,100.0,[  6   6 209],[  0   0 220],13.892443989449804,0.0,100.0
51,41,[228  18   8],[220   0   0],21.2602916254693,0.0,100.0,[  8 213  19],[  0 220   0],21.77154105707724,0.0,100.0,[ 10  13 237],[  0   0 220],23.62202362203543,0.0,100.0
51,42,[226  18   1],[220   0   0],19.0,0.0,100.0,[  3 209   8],[  0 220   0],13.92838827718412,0.0,100.0,[ 13  10 223],[  0   0 220],16.673332000533065,0.0,100.0
51,43,[216  15  12],[220   0   0],19.621416870348583,0.0,100.0,[  1 227  11],[  0 220   0],13.076696830622021,0.0,100.0,[  4   6 227],[  0   0 220],10.04987562112089,0.0,100.0
51,44,[231  16  16],[220   0   0],25.15949125081825,0.0,100.0,[  9 209  18],[  0 220   0],22.93468988235943,0.0,100.0,[ 14  14 236],[  0   0 220],25.45584412271571,0.0,100.0
51,45,[209   3  19],[220   0   0],22.15851980616034,0.0,100.0,[  6 237   4],[  0 220   0],18.466185312619388,0.0,100.0,[  6  12 222],[  0   0 220],13.564659966250536,0.0,100.0
51,46,[234  11  19],[220   0   0],26.038433132583073,0.0,100.0,[  3 222   2],[  0 220   0],4.123105625617661,0.0,100.0,[  4  16 216],[  0   0 220],16.97056274847714,0.0,100.0
51,47,[217  18   8],[220   0   0],19.924858845171276,0.0,100.0,[ 17 211   9],[  0 220   0],21.236760581595302,0.0,100.0,[  6   7 238],[  0   0 220],20.223748416156685,0.0,100.0
51,48,[224   1   0],[220   0   0],4.123105625617661,0.0,100.0,[  7 220  11],[  0 220   0],13.038404810405298,0.0,100.0,[ 12  19 228],[  0   0 220],23.853720883753127,0.0,100.0
51,49,[224  10  18],[220   0   0],20.97617696340303,0.0,100.0,[  6 214  16],[  0 220   0],18.110770276274835,0.0,100.0,[  8  16 213],[  0   0 220],19.209372712298546,0.0,100.0
51,50,[235  10   8],[220   0   0],19.72308292331602,0.0,100.0,[  8 215  15],[  0 220   0],17.72004514666935,0.0,100.0,[  0  11 222],[  0   0 220],11.180339887498949,0.0,100.0
51,51,[222  17  15],[220   0   0],22.759613353482084,0.0,100.0,[  7 221  10],[  0 220   0],12.24744871391589,0.0,100.0,[  7  16 225],[  0   0 220],18.16590212458495,0.0,100.0
51,52,[218   6  19],[220   0   0],20.024984394500787,0.0,100.0,[ 15 238   2],[  0 220   0],23.515952032609693,0.0,100.0,[  7  19 211],[  0   0 220],22.15851980616034,0.0,100.0
51,53,[234   6  17],[220   0   0],22.825424421026653,0.0,100.0,[ 11 214  13],[  0 220   0],18.05547008526779,0.0,100.0,[  6   7 236],[  0   0 220],18.466185312619388,0.0,100.0
51,54,[228  13   9],[220   0   0],17.72004514666935,0.0,100.0,[  3 208  13],[  0 220   0],17.944358444926362,0.0,100.0,[ 12   1 214],[  0   0 220],13.45362404707371,0.0,100.0
51,55,[228   2  13],[220   0   0],15.394804318340652,0.0,100.0,[ 12 212   0],[  0 220   0],14.422205101855956,0.0,100.0,[ 15   8 210],[  0   0 220],19.72308292331602,0.0,100.0
51,56,[235   7   5],[220   0   0],17.291616465790582,0.0,100.0,[  8 234   8],[  0 220   0],18.0,0.0,100.0,[ 15   6 228],[  0   0 220],18.027756377319946,0.0,100.0
51,57,[201  12   3],[220   0   0],22.67156809750927,0.0,100.0,[  5 226  17],[  0 220   0],18.708286933869708,0.0,100.0,[ 19  17 229],[  0   0 220],27.03701166919155,0.0,100.0
51,58,[224  18  19],[220   0   0],26.476404589747453,0.0,100.0,[ 12 218  16],[  0 220   0],20.09975124224178,0.0,100.0,[ 12  17 205],[  0   0 220],25.65151067676132,0.0,100.0
51,59,[226  10  13],[220   0   0],17.46424919657298,0.0,100.0,[  8 221   3],[  0 220   0],8.602325267042627,0.0,100.0,[ 11   3 237],[  0   0 220],20.46948949045872,0.0,100.0
51,60,[205   7  18],[220   0   0],24.454038521274967,0.0,100.0,[ 18 235  10],[  0 220   0],25.475478405713993,0.0,100.0,[  8  19 224],[  0   0 220],21.0,0.0,100.0
51,61,[225  13  14],[220   0   0],19.748417658131498,0.0,100.0,[ 16 223  12],[  0 220   0],20.223748416156685,0.0,100.0,[  9   9 208],[  0   0 220],17.4928556845359,0.0,100.0
51,62,[214   8  18],[220   0   0],20.591260281974,0.0,100.0,[  3 217   2],[  0 220   0],4.69041575982343,0.0,100.0,[  5   6 206],[  0   0 220],16.0312195418814,0.0,100.0
51,63,[211   4   9],[220   0   0],13.341664064126334,0.0,100.0,[  5 225   8],[  0 220   0],10.677078252031311,0.0,100.0,[  4  17 215],[  0   0 220],18.16590212458495,0.0,100.0
52,0,[232   3  19],[220   0   0],22.67156809750927,0.0,100.0,[  8 232  19],[  0 220   0],23.853720883753127,0.0,100.0,[ 19  17 223],[  0   0 220],25.67099530598687,0.0,100.0
52,1,[211   6   4],[220   0   0],11.532562594670797,0.0,100.0,[ 13 235   8],[  0 220   0],21.400934559032695,0.0,100.0,[ 17   0 215],[  0   0 220],17.72004514666935,0.0,100.0
52,2,[202  16  19],[220   0   0],30.675723300355934,0.0,100.0,[ 10 231  17],[  0 220   0],22.58317958127243,0.0,100.0,[  5   5 226],[  0   0 220],9.273618495495704,0.0,100.0
52,3,[224   5  12],[220   0   0],13.601470508735444,0.0,100.0,[  8 204   1],[  0 220   0],17.916472867168917,0.0,100.0,[  9  13 235],[  0   0 220],21.79449471770337,0.0,100.0
52,4,[236   8  12],[220   0   0],21.540659228538015,0.0,100.0,[ 12 218   3],[  0 220   0],12.529964086141668,0.0,100.0,[  7   8 228],[  0   0 220],13.30413469565007,0.0,100.0
52,5,[219  14   2],[220   0   0],14.177446878757825,0.0,100.0,[ 14 224   7],[  0 220   0],16.15549442140351,0.0,100.0,[ 12  12 210],[  0   0 220],19.697715603592208,0.0,100.0
52,6,[227   1   8],[220   0   0],10.677078252031311,0.0,100.0,[  2 226   0],[  0 220   0],6.324555320336759,0.0,100.0,[  3   8 212],[  0   0 220],11.704699910719626,0.0,100.0
52,7,[231  16   7],[220   0   0],20.639767440550294,0.0,100.0,[  4 209  18],[  0 220   0],21.470910553583888,0.0,100.0,[ 13  12 216],[  0   0 220],18.138357147217054,0.0,100.0
52,8,[207  14  10],[220   0   0],21.563858652847824,0.0,100.0,[  3 214   9],[  0 220   0],11.224972160321824,0.0,100.0,[ 13  13 216],[  0   0 220],18.81488772222678,0.0,100.0
52,9,[230  15  10],[220   0   0],20.615528128088304,0.0,100.0,[  2 204  19],[  0 220   0],24.919871588754223,0.0,100.0,[ 10   5 200],[  0   0 220],22.9128784747792,0.0,100.0
52,10,[200   3  16],[220   0   0],25.787593916455254,0.0,100.0,[ 11 228  17],[  0 220   0],21.77154105707724,0.0,100.0,[  2   3 205],[  0   0 220],15.427248620541512,0.0,100.0
52,11,[218   2   3],[220   0   0],4.123105625617661,0.0,100.0,[ 10 223  15],[  0 220   0],18.275666882497067,0.0,100.0,[  4  11 226],[  0   0 220],13.152946437965905,0.0,100.0
52,12,[201   5   8],[220   0   0],21.213203435596427,0.0,100.0,[ 15 204   5],[  0 220   0],22.494443758403985,0.0,100.0,[ 19   1 208],[  0   0 220],22.494443758403985,0.0,100.0
52,13,[223  13   2],[220   0   0],13.490737563232042,0.0,100.0,[  3 220   9],[  0 220   0],9.486832980505138,0.0,100.0,[  5  12 236],[  0   0 220],20.615528128088304,0.0,100.0
52,14,[232   3   4],[220   0   0],13.0,0.0,100.0,[  2 208   7],[  0 220   0],14.035668847618199,0.0,100.0,[  8  19 227],[  0   0 220],21.77154105707724,0.0,100.0
52,15,[208  19  10],[220   0   0],24.596747752497688,0.0,100.0,[ 15 202  13],[  0 220   0],26.795522013948524,0.0,100.0,[ 18  15 236],[  0   0 220],28.372521918222215,0.0,100.0
52,16,[215  16  13],[220   0   0],21.213203435596427,0.0,100.0,[ 19 219   5],[  0 220   0],19.672315572906,0.0,100.0,[  3  18 218],[  0   0 220],18.35755975068582,0.0,100.0
52,17,[225  18   3],[220   0   0],18.920887928424502,0.0,100.0,[ 18 223  16],[  0 220   0],24.269322199023193,0.0,100.0,[ 19  15 228],[  0   0 220],25.495097567963924,0.0,100.0
52,18,[226   6   5],[220   0   0],9.848857801796104,0.0,100.0,[  7 234  12],[  0 220   0],19.72308292331602,0.0,100.0,[ 10  11 232],[  0   0 220],19.1049731745428,0.0,100.0
52,19,[231   4   3],[220   0   0],12.083045973594572,0.0,100.0,[ 16 218   9],[  0 220   0],18.466185312619388,0.0,100.0,[  2   4 239],[  0   0 220],19.519221295943137,0.0,100.0
52,20,[223   9   1],[220   0   0],9.539392014169456,0.0,100.0,[ 17 219   4],[  0 220   0],17.4928556845359,0.0,100.0,[ 17  15 207],[  0   0 220],26.13426869074396,0.0,100.0
52,21,[212   5  14],[220   0   0],16.881943016134134,0.0,100.0,[  0 218   6],[  0 220   0],6.324555320336759,0.0,100.0,[ 12   4 204],[  0   0 220],20.396078054371138,0.0,100.0
52,22,[212   8   6],[220   0   0],12.806248474865697,0.0,100.0,[  7 221   5],[  0 220   0],8.660254037844387,0.0,100.0,[  5   6 201],[  0   0 220],20.54263858417414,0.0,100.0
52,23,[232   9   9],[220   0   0],17.4928556845359,0.0,100.0,[  1 216   1],[  0 220   0],4.242640687119285,0.0,100.0,[ 15  10 226],[  0   0 220],19.0,0.0,100.0
52,24,[205  15  10],[220   0   0],23.45207879911715,0.0,100.0,[  9 217  14],[  0 220   0],16.911534525287763,0.0,100.0,[ 11  11 229],[  0   0 220],17.97220075561143,0.0,100.0
52,25,[239  17  10],[220   0   0],27.386127875258307,0.0,100.0,[  6 235  11],[  0 220   0],19.544820285692065,0.0,100.0,[  0  15 228],[  0   0 220],17.0,0.0,100.0
52,26,[232   8   5],[220   0   0],15.264337522473747,0.0,100.0,[  8 208  12],[  0 220   0],18.76166303929372,0.0,100.0,[ 19   9 234],[  0   0 220],25.25866188063018,0.0,100.0
52,27,[223   8   5],[220   0   0],9.899494936611665,0.0,100.0,[  0 200  18],[  0 220   0],26.90724809414742,0.0,100.0,[  8  18 211],[  0   0 220],21.656407827707714,0.0,100.0
52,28,[204   1  16],[220   0   0],22.64950330581225,0.0,100.0,[  1 227  15],[  0 220   0],16.583123951777,0.0,100.0,[ 15   3 205],[  0   0 220],21.42428528562855,0.0,100.0
52,29,[229   5  11],[220   0   0],15.066519173319364,0.0,100.0,[  2 226  11],[  0 220   0],12.68857754044952,0.0,100.0,[ 13   6 237],[  0   0 220],22.22611077089287,0.0,100.0
52,30,[217   4  10],[220   0   0],11.180339887498949,0.0,100.0,[ 18 216  15],[  0 220   0],23.769728648009426,0.0,100.0,[  1   8 205],[  0   0 220],17.029386365926403,0.0,100.0
52,31,[217  18  19],[220   0   0],26.343879744638983,0.0,100.0,[ 19 209  19],[  0 220   0],29.03446228191595,0.0,100.0,[ 12  12 231],[  0   0 220],20.223748416156685,0.0,100.0
52,32,[234  16   9],[220   0   0],23.08679276123039,0.0,100.0,[  6 216  10],[  0 220   0],12.328828005937952,0.0,100.0,[  5   1 229],[  0   0 220],10.344080432788601,0.0,100.0
52,33,[231   4   6],[220   0   0],13.152946437965905,0.0,100.0,[  9 233   4],[  0 220   0],16.30950643030009,0.0,100.0,[  0   5 203],[  0   0 220],17.72004514666935,0.0,100.0
52,34,[220   9   5],[220   0   0],10.295630140987,0.0,100.0,[  2 208  16],[  0 220   0],20.09975124224178,0.0,100.0,[ 14   4 214],[  0   0 220],15.748015748023622,0.0,100.0
52,35,[236   3  16],[220   0   0],22.825424421026653,0.0,100.0,[  8 235   5],[  0 220   0],17.72004514666935,0.0,100.0,[ 10  18 232],[  0   0 220],23.83275057562597,0.0,100.0
52,36,[210  19   6],[220   0   0],22.293496809607955,0.0,100.0,[ 12 215  16],[  0 220   0],20.615528128088304,0.0,100.0,[  0  13 224],[  0   0 220],13.601470508735444,0.0,100.0
52,37,[226   4  19],[220   0   0],20.322401432901575,0.0,100.0,[  4 206   0],[  0 220   0],14.560219778561036,0.0,100.0,[ 10  11 211],[  0   0 220],17.378147196982766,0.0,100.0
52,38,[212   4   9],[220   0   0],12.68857754044952,0.0,100.0,[  9 218   6],[  0 220   0],11.0,0.0,100.0,[  6  16 220],[  0   0 220],17.08800749063506,0.0,100.0
52,39,[217  12  14],[220   0   0],18.681541692269406,0.0,100.0,[  5 202   4],[  0 220   0],19.1049731745428,0.0,100.0,[  0  12 203],[  0   0 220],20.808652046684813,0.0,100.0
52,40,[202   0   4],[220   0   0],18.439088914585774,0.0,100.0,[ 18 201  12],[  0 220   0],28.792360097775937,0.0,100.0,[  4   7 236],[  0   0 220],17.916472867168917,0.0,100.0
52,41,[236  12  19],[220   0   0],27.586228448267445,0.0,100.0,[ 10 207   6],[  0 220   0],17.46424919657298,0.0,100.0,[  7   7 200],[  0   0 220],22.315913604421397,0.0,100.0
52,42,[219  17  15],[220   0   0],22.693611435820433,0.0,100.0,[ 11 237  11],[  0 220   0],23.043437243605826,0.0,100.0,[ 17   8 234],[  0   0 220],23.430749027719962,0.0,100.0
52,43,[214  11   0],[220   0   0],12.529964086141668,0.0,100.0,[  6 217   0],[  0 220   0],6.708203932499369,0.0,100.0,[  9   0 201],[  0   0 220],21.02379604162864,0.0,100.0
52,44,[212   1   6],[220   0   0],10.04987562112089,0.0,100.0,[ 11 235  16],[  0 220   0],24.535688292770594,0.0,100.0,[  5   9 209],[  0   0 220],15.066519173319364,0.0,100.0
52,45,[228  13  17],[220   0   0],22.847319317591726,0.0,100.0,[ 19 226   0],[  0 220   0],19.924858845171276,0.0,100.0,[  1   5 223],[  0   0 220],5.916079783099616,0.0,100.0
52,46,[216  11  18],[220   0   0],21.470910553583888,0.0,100.0,[  4 231   7],[  0 220   0],13.638181696985855,0.0,100.0,[  0   3 233],[  0   0 220],13.341664064126334,0.0,100.0
52,47,[236   3   0],[220   0   0],16.278820596099706,0.0,100.0,[  6 234   5],[  0 220   0],16.0312195418814,0.0,100.0,[  7  19 210],[  0   0 220],22.58317958127243,0.0,100.0
52,48,[235   1  16],[220   0   0],21.95449840010015,0.0,100.0,[  0 219  14],[  0 220   0],14.035668847618199,0.0,100.0,[  2  19 203],[  0   0 220],25.573423705088842,0.0,100.0
52,49,[213   5   5],[220   0   0],9.9498743710662,0.0,100.0,[  4 206  12],[  0 220   0],18.867962264113206,0.0,100.0,[ 11  15 231],[  0   0 220],21.61018278497431,0.0,100.0
52,50,[229  16   8],[220   0   0],20.024984394500787,0.0,100.0,[ 17 207  17],[  0 220   0],27.331300737432898,0.0,100.0,[ 16  16 206],[  0   0 220],26.60826939130014,0.0,100.0
52,51,[221  18  16],[220   0   0],24.1039415863879,0.0,100.0,[ 18 205  11],[  0 220   0],25.88435821108957,0.0,100.0,[  4  11 222],[  0   0 220],11.874342087037917,0.0,100.0
52,52,[233  19  16],[220   0   0],28.035691537752374,0.0,100.0,[  9 207   4],[  0 220   0],16.30950643030009,0.0,100.0,[  5  12 229],[  0   0 220],15.811388300841896,0.0,100.0
52,53,[223   4   1],[220   0   0],5.0990195135927845,0.0,100.0,[ 13 224  10],[  0 220   0],16.881943016134134,0.0,100.0,[ 12   6 200],[  0   0 220],24.08318915758459,0.0,100.0
52,54,[207   9   4],[220   0   0],16.30950643030009,0.0,100.0,[ 12 219  18],[  0 220   0],21.656407827707714,0.0,100.0,[  7  17 212],[  0   0 220],20.049937655763422,0.0,100.0
52,55,[200  10   4],[220   0   0],22.715633383201094,0.0,100.0,[  5 211  10],[  0 220   0],14.352700094407323,0.0,100.0,[ 18   8 209],[  0   0 220],22.561028345356956,0.0,100.0
52,56,[227   3  13],[220   0   0],15.066519173319364,0.0,100.0,[  6 211   4],[  0 220   0],11.532562594670797,0.0,100.0,[ 19   6 221],[  0   0 220],19.949937343260004,0.0,100.0
52,57,[239  18  14],[220   0   0],29.68164415931166,0.0,100.0,[  8 204  10],[  0 220   0],20.493901531919196,0.0,100.0,[ 13  12 230],[  0   0 220],20.322401432901575,0.0,100.0
52,58,[239   8  13],[220   0   0],24.372115213907882,0.0,100.0,[ 14 238  16],[  0 220   0],27.85677655436824,0.0,100.0,[ 10   9 215],[  0   0 220],14.352700094407323,0.0,100.0
52,59,[224  14  13],[220   0   0],19.519221295943137,0.0,100.0,[  9 233   7],[  0 220   0],17.291616465790582,0.0,100.0,[  6   4 233],[  0   0 220],14.866068747318506,0.0,100.0
52,60,[233  10  16],[220   0   0],22.9128784747792,0.0,100.0,[  2 204  10],[  0 220   0],18.973665961010276,0.0,100.0,[ 17   7 227],[  0   0 220],19.672315572906,0.0,100.0
52,61,[228   5   8],[220   0   0],12.36931687685298,0.0,100.0,[ 16 222   8],[  0 220   0],18.0,0.0,100.0,[  0  14 221],[  0   0 220],14.035668847618199,0.0,100.0
52,62,[216   6   9],[220   0   0],11.532562594670797,0.0,100.0,[ 10 208  15],[  0 220   0],21.656407827707714,0.0,100.0,[  8  19 230],[  0   0 220],22.9128784747792,0.0,100.0
52,63,[235   0  19],[220   0   0],24.20743687382041,0.0,100.0,[  2 235  11],[  0 220   0],18.708286933869708,0.0,100.0,[  4  19 218],[  0   0 220],19.519221295943137,0.0,100.0
53,0,[239  10   4],[220   0   0],21.840329667841555,0.0,100.0,[  7 207  10],[  0 220   0],17.832554500127006,0.0,100.0,[ 10   9 229],[  0   0 220],16.186414056238647,0.0,100.0
53,1,[230   7  16],[220   0   0],20.12461179749811,0.0,100.0,[  0 226  11],[  0 220   0],12.529964086141668,0.0,100.0,[ 19   9 238],[  0   0 220],27.676705006196094,0.0,100.0
53,2,[228  19  16],[220   0   0],26.095976701399778,0.0,100.0,[ 10 211   8],[  0 220   0],15.652475842498529,0.0,100.0,[ 16   2 214],[  0   0 220],17.204650534085253,0.0,100.0
53,3,[207   0   6],[220   0   0],14.317821063276353,0.0,100.0,[  7 200   8],[  0 220   0],22.64950330581225,0.0,100.0,[  4   6 236],[  0   0 220],17.549928774784245,0.0,100.0
53,4,[237  17  15],[220   0   0],28.337254630609507,0.0,100.0,[ 15 224  16],[  0 220   0],22.293496809607955,0.0,100.0,[  5  16 209],[  0   0 220],20.049937655763422,0.0,100.0
53,5,[218   7   1],[220   0   0],7.3484692283495345,0.0,100.0,[  8 231  12],[  0 220   0],18.138357147217054,0.0,100.0,[ 17  18 237],[  0   0 220],30.033314835362415,0.0,100.0
53,6,[203  16   6],[220   0   0],24.1039415863879,0.0,100.0,[ 13 236  14],[  0 220   0],24.919871588754223,0.0,100.0,[  9  12 234],[  0   0 220],20.518284528683193,0.0,100.0
53,7,[201   5   1],[220   0   0],19.672315572906,0.0,100.0,[  0 200  18],[  0 220   0],26.90724809414742,0.0,100.0,[  4  12 221],[  0   0 220],12.68857754044952,0.0,100.0
53,8,[232   8  16],[220   0   0],21.540659228538015,0.0,100.0,[ 11 220  19],[  0 220   0],21.95449840010015,0.0,100.0,[ 14   5 239],[  0   0 220],24.124676163629637,0.0,100.0
53,9,[211  13   9],[220   0   0],18.193405398660254,0.0,100.0,[  9 202   4],[  0 220   0],20.518284528683193,0.0,100.0,[  3   2 223],[  0   0 220],4.69041575982343,0.0,100.0
53,10,[211   9  17],[220   0   0],21.236760581595302,0.0,100.0,[  0 222   1],[  0 220   0],2.23606797749979,0.0,100.0,[  6   9 238],[  0   0 220],21.0,0.0,100.0
53,11,[238  19   8],[220   0   0],27.367864366808018,0.0,100.0,[ 12 207  13],[  0 220   0],21.95449840010015,0.0,100.0,[ 10  13 230],[  0   0 220],19.209372712298546,0.0,100.0
53,12,[214  15  12],[220   0   0],20.12461179749811,0.0,100.0,[ 13 212   2],[  0 220   0],15.394804318340652,0.0,100.0,[  7   6 230],[  0   0 220],13.601470508735444,0.0,100.0
53,13,[233   3  16],[220   0   0],20.83266665599966,0.0,100.0,[ 16 224  17],[  0 220   0],23.68543856465402,0.0,100.0,[ 11   5 222],[  0   0 220],12.24744871391589,0.0,100.0
53,14,[233   2   3],[220   0   0],13.490737563232042,0.0,100.0,[  4 212  19],[  0 220   0],21.0,0.0,100.0,[  2  11 230],[  0   0 220],15.0,0.0,100.0
53,15,[215  12  18],[220   0   0],22.20360331117452,0.0,100.0,[ 13 205   9],[  0 220   0],21.79449471770337,0.0,100.0,[  7  16 209],[  0   0 220],20.639767440550294,0.0,100.0
53,16,[235  14  19],[220   0   0],27.964262908219126,0.0,100.0,[  8 226   1],[  0 220   0],10.04987562112089,0.0,100.0,[  4   2 226],[  0   0 220],7.483314773547883,0.0,100.0
53,17,[231  15  15],[220   0   0],23.895606290697042,0.0,100.0,[ 13 229  15],[  0 220   0],21.79449471770337,0.0,100.0,[  4   3 208],[  0   0 220],13.0,0.0,100.0
53,18,[225   4  11],[220   0   0],12.727922061357855,0.0,100.0,[ 19 234  16],[  0 220   0],28.513154858766505,0.0,100.0,[  3   7 210],[  0   0 220],12.569805089976535,0.0,100.0
53,19,[231   6   5],[220   0   0],13.490737563232042,0.0,100.0,[  3 239   1],[  0 220   0],19.261360284258224,0.0,100.0,[  9   4 239],[  0   0 220],21.400934559032695,0.0,100.0
53,20,[215  18  12],[220   0   0],22.20360331117452,0.0,100.0,[  6 224   1],[  0 220   0],7.280109889280518,0.0,100.0,[  0  18 231],[  0   0 220],21.095023109728988,0.0,100.0
53,21,[225   0  19],[220   0   0],19.6468827043885,0.0,100.0,[ 11 236  13],[  0 220   0],23.366642891095847,0.0,100.0,[  7   1 222],[  0   0 220],7.3484692283495345,0.0,100.0
53,22,[206   1   6],[220   0   0],15.264337522473747,0.0,100.0,[ 16 237   4],[  0 220   0],23.68543856465402,0.0,100.0,[ 13   0 224],[  0   0 220],13.601470508735444,0.0,100.0
53,23,[215  16  16],[220   0   0],23.173260452512935,0.0,100.0,[ 15 224  10],[  0 220   0],18.466185312619388,0.0,100.0,[  2  10 230],[  0   0 220],14.2828568570857,0.0,100.0
53,24,[234  12  16],[220   0   0],24.413111231467404,0.0,100.0,[ 10 223   1],[  0 220   0],10.488088481701515,0.0,100.0,[  1  10 216],[  0   0 220],10.816653826391969,0.0,100.0
53,25,[206  13  11],[220   0   0],22.045407685048602,0.0,100.0,[  6 212  10],[  0 220   0],14.142135623730951,0.0,100.0,[  2  11 214],[  0   0 220],12.68857754044952,0.0,100.0
53,26,[207   6   1],[220   0   0],14.352700094407323,0.0,100.0,[ 17 219  13],[  0 220   0],21.42428528562855,0.0,100.0,[  6   5 213],[  0   0 220],10.488088481701515,0.0,100.0
53,27,[228  16   6],[220   0   0],18.867962264113206,0.0,100.0,[ 18 211   5],[  0 220   0],20.73644135332772,0.0,100.0,[ 12  12 239],[  0   0 220],25.475478405713993,0.0,100.0
53,28,[214   2   3],[220   0   0],7.0,0.0,100.0,[  7 209  18],[  0 220   0],22.22611077089287,0.0,100.0,[  9   7 224],[  0   0 220],12.083045973594572,0.0,100.0
53,29,[208   8   9],[220   0   0],17.0,0.0,100.0,[ 14 201   8],[  0 220   0],24.919871588754223,0.0,100.0,[  8   1 221],[  0   0 220],8.12403840463596,0.0,100.0
53,30,[212  19  19],[220   0   0],28.035691537752374,0.0,100.0,[  4 225   0],[  0 220   0],6.4031242374328485,0.0,100.0,[ 17   1 231],[  0   0 220],20.273134932713294,0.0,100.0
53,31,[232  14   8],[220   0   0],20.09975124224178,0.0,100.0,[ 19 228   5],[  0 220   0],21.213203435596427,0.0,100.0,[ 18  18 204],[  0   0 220],30.066592756745816,0.0,100.0
53,32,[212  11  15],[220   0   0],20.248456731316587,0.0,100.0,[  7 200  14],[  0 220   0],25.39685019840059,0.0,100.0,[ 13   8 218],[  0   0 220],15.394804318340652,0.0,100.0
53,33,[234  12   0],[220   0   0],18.439088914585774,0.0,100.0,[ 12 234  18],[  0 220   0],25.768197453450252,0.0,100.0,[ 15   7 200],[  0   0 220],25.96150997149434,0.0,100.0
53,34,[236  19   6],[220   0   0],25.553864678361276,0.0,100.0,[  8 208   7],[  0 220   0],16.0312195418814,0.0,100.0,[ 16  15 232],[  0   0 220],25.0,0.0,100.0
53,35,[236  17   2],[220   0   0],23.430749027719962,0.0,100.0,[ 12 227   9],[  0 220   0],16.55294535724685,0.0,100.0,[ 17  10 204],[  0   0 220],25.39685019840059,0.0,100.0
53,36,[226  10   5],[220   0   0],12.68857754044952,0.0,100.0,[  0 223   7],[  0 220   0],7.615773105863909,0.0,100.0,[ 17   3 203],[  0   0 220],24.228082879171435,0.0,100.0
53,37,[228  15   3],[220   0   0],17.26267650163207,0.0,100.0,[ 13 235   2],[  0 220   0],19.949937343260004,0.0,100.0,[  8  19 211],[  0   0 220],22.494443758403985,0.0,100.0
53,38,[233   2   3],[220   0   0],13.490737563232042,0.0,100.0,[  2 201  12],[  0 220   0],22.561028345356956,0.0,100.0,[  0   4 205],[  0   0 220],15.524174696260024,0.0,100.0
53,39,[220  17  10],[220   0   0],19.72308292331602,0.0,100.0,[ 12 231   8],[  0 220   0],18.138357147217054,0.0,100.0,[  9   6 219],[  0   0 220],10.862780491200215,0.0,100.0
53,40,[232   4  10],[220   0   0],16.1245154965971,0.0,100.0,[  5 217  11],[  0 220   0],12.449899597988733,0.0,100.0,[ 10   0 222],[  0   0 220],10.198039027185569,0.0,100.0
53,41,[224  17   8],[220   0   0],19.209372712298546,0.0,100.0,[  7 212  16],[  0 220   0],19.209372712298546,0.0,100.0,[  5   2 213],[  0   0 220],8.831760866327848,0.0,100.0
53,42,[237   0  13],[220   0   0],21.400934559032695,0.0,100.0,[ 17 211  12],[  0 220   0],22.67156809750927,0.0,100.0,[  5  17 201],[  0   0 220],25.98076211353316,0.0,100.0
53,43,[211   2  15],[220   0   0],17.60681686165901,0.0,100.0,[  2 209   0],[  0 220   0],11.180339887498949,0.0,100.0,[  8  16 200],[  0   0 220],26.832815729997478,0.0,100.0
53,44,[230   7  12],[220   0   0],17.11724276862369,0.0,100.0,[  2 216   4],[  0 220   0],6.0,0.0,100.0,[ 15  10 223],[  0   0 220],18.275666882497067,0.0,100.0
53,45,[226   5   4],[220   0   0],8.774964387392123,0.0,100.0,[  9 228   1],[  0 220   0],12.083045973594572,0.0,100.0,[ 12   0 217],[  0   0 220],12.36931687685298,0.0,100.0
53,46,[236  12  17],[220   0   0],26.248809496813376,0.0,100.0,[  3 227  14],[  0 220   0],15.937377450509228,0.0,100.0,[  0  10 228],[  0   0 220],12.806248474865697,0.0,100.0
53,47,[215   3   3],[220   0   0],6.557438524302,0.0,100.0,[  2 222   9],[  0 220   0],9.433981132056603,0.0,100.0,[  6  17 226],[  0   0 220],19.0,0.0,100.0
53,48,[231   8   4],[220   0   0],14.177446878757825,0.0,100.0,[  1 205  12],[  0 220   0],19.235384061671343,0.0,100.0,[ 19  11 232],[  0   0 220],25.019992006393608,0.0,100.0
53,49,[209   9  16],[220   0   0],21.400934559032695,0.0,100.0,[ 18 226   2],[  0 220   0],19.078784028338912,0.0,100.0,[ 10  17 204],[  0   0 220],25.39685019840059,0.0,100.0
53,50,[217   5  16],[220   0   0],17.029386365926403,0.0,100.0,[ 17 201  10],[  0 220   0],27.386127875258307,0.0,100.0,[ 16   6 231],[  0   0 220],20.322401432901575,0.0,100.0
53,51,[208   9  10],[220   0   0],18.027756377319946,0.0,100.0,[  3 232  16],[  0 220   0],20.223748416156685,0.0,100.0,[  2  15 228],[  0   0 220],17.11724276862369,0.0,100.0
53,52,[235  19   6],[220   0   0],24.939927826679853,0.0,100.0,[  5 233   4],[  0 220   0],14.491376746189438,0.0,100.0,[ 15  13 226],[  0   0 220],20.73644135332772,0.0,100.0
53,53,[216  14   7],[220   0   0],16.15549442140351,0.0,100.0,[ 15 218   3],[  0 220   0],15.427248620541512,0.0,100.0,[ 19  16 221],[  0   0 220],24.859605789312106,0.0,100.0
53,54,[226   0  13],[220   0   0],14.317821063276353,0.0,100.0,[ 13 202  12],[  0 220   0],25.238858928247925,0.0,100.0,[ 11  14 216],[  0   0 220],18.24828759089466,0.0,100.0
53,55,[202   3   1],[220   0   0],18.275666882497067,0.0,100.0,[ 15 233  11],[  0 220   0],22.693611435820433,0.0,100.0,[  3   9 205],[  0   0 220],17.74823934929885,0.0,100.0
53,56,[220   2  18],[220   0   0],18.110770276274835,0.0,100.0,[  7 216   7],[  0 220   0],10.677078252031311,0.0,100.0,[ 10   9 233],[  0   0 220],18.708286933869708,0.0,100.0
53,57,[223   2   0],[220   0   0],3.605551275463989,0.0,100.0,[  5 232  19],[  0 220   0],23.021728866442675,0.0,100.0,[ 11  10 216],[  0   0 220],15.394804318340652,0.0,100.0
53,58,[234  18  12],[220   0   0],25.768197453450252,0.0,100.0,[  5 203  10],[  0 220   0],20.346989949375804,0.0,100.0,[ 10   2 202],[  0   0 220],20.688160865577203,0.0,100.0
53,59,[219   9  10],[220   0   0],13.490737563232042,0.0,100.0,[ 15 206   6],[  0 220   0],21.37755832643195,0.0,100.0,[  0  16 235],[  0   0 220],21.93171219946131,0.0,100.0
53,60,[232  16   0],[220   0   0],20.0,0.0,100.0,[ 10 221  17],[  0 220   0],19.748417658131498,0.0,100.0,[  6   8 212],[  0   0 220],12.806248474865697,0.0,100.0
53,61,[236   8  10],[220   0   0],20.493901531919196,0.0,100.0,[ 14 206  11],[  0 220   0],22.64950330581225,0.0,100.0,[  9  16 210],[  0   0 220],20.904544960366874,0.0,100.0
53,62,[221   5  16],[220   0   0],16.792855623746664,0.0,100.0,[ 13 224   0],[  0 220   0],13.601470508735444,0.0,100.0,[ 13   3 206],[  0   0 220],19.339079605813716,0.0,100.0
53,63,[229  15  13],[220   0   0],21.79449471770337,0.0,100.0,[ 10 236   4],[  0 220   0],19.28730152198591,0.0,100.0,[  5  19 215],[  0   0 220],20.273134932713294,0.0,100.0
54,0,[208  15  19],[220   0   0],27.018512172212592,0.0,100.0,[ 11 229  12],[  0 220   0],18.601075237738275,0.0,100.0,[ 14  18 220],[  0   0 220],22.80350850198276,0.0,100.0
54,1,[200  16  14],[220   0   0],29.189039038652847,0.0,100.0,[ 16 206   8],[  0 220   0],22.715633383201094,0.0,100.0,[  9   0 210],[  0   0 220],13.45362404707371,0.0,100.0
54,2,[225   6  17],[220   0   0],18.708286933869708,0.0,100.0,[ 15 212   4],[  0 220   0],17.46424919657298,0.0,100.0,[  3   0 236],[  0   0 220],16.278820596099706,0.0,100.0
54,3,[227   6  19],[220   0   0],21.118712081942874,0.0,100.0,[  0 211  13],[  0 220   0],15.811388300841896,0.0,100.0,[  3  18 233],[  0   0 220],22.40535650240808,0.0,100.0
54,4,[218   4  19],[220   0   0],19.519221295943137,0.0,100.0,[ 19 213  11],[  0 220   0],23.043437243605826,0.0,100.0,[  7  10 227],[  0   0 220],14.071247279470288,0.0,100.0
54,5,[215  10  15],[220   0   0],18.708286933869708,0.0,100.0,[ 17 239  18],[  0 220   0],31.20897306865447,0.0,100.0,[  2   5 224],[  0   0 220],6.708203932499369,0.0,100.0
54,6,[233   8   7],[220   0   0],16.792855623746664,0.0,100.0,[ 13 208   6],[  0 220   0],18.681541692269406,0.0,100.0,[ 10   9 226],[  0   0 220],14.730919862656235,0.0,100.0
54,7,[228   4   5],[220   0   0],10.246950765959598,0.0,100.0,[ 14 219  17],[  0 220   0],22.045407685048602,0.0,100.0,[ 18  16 200],[  0   0 220],31.304951684997057,0.0,100.0
54,8,[213   2   9],[220   0   0],11.575836902790225,0.0,100.0,[ 19 202  16],[  0 220   0],30.675723300355934,0.0,100.0,[ 12  12 233],[  0   0 220],21.37755832643195,0.0,100.0
54,9,[232   3  17],[220   0   0],21.02379604162864,0.0,100.0,[ 18 207   7],[  0 220   0],23.280893453645632,0.0,100.0,[  6   4 219],[  0   0 220],7.280109889280518,0.0,100.0
54,10,[235  13   6],[220   0   0],20.73644135332772,0.0,100.0,[ 13 230  10],[  0 220   0],19.209372712298546,0.0,100.0,[  0  15 232],[  0   0 220],19.209372712298546,0.0,100.0
54,11,[213   9  12],[220   0   0],16.55294535724685,0.0,100.0,[  9 231  12],[  0 220   0],18.601075237738275,0.0,100.0,[ 10   0 214],[  0   0 220],11.661903789690601,0.0,100.0
54,12,[239   7  10],[220   0   0],22.58317958127243,0.0,100.0,[ 14 236   0],[  0 220   0],21.2602916254693,0.0,100.0,[  3   2 227],[  0   0 220],7.874007874011811,0.0,100.0
54,13,[203   1   1],[220   0   0],17.05872210923198,0.0,100.0,[ 18 238   4],[  0 220   0],25.768197453450252,0.0,100.0,[  0  14 218],[  0   0 220],14.142135623730951,0.0,100.0
54,14,[212  15   5],[220   0   0],17.72004514666935,0.0,100.0,[ 12 230  18],[  0 220   0],23.83275057562597,0.0,100.0,[  4   7 229],[  0   0 220],12.083045973594572,0.0,100.0
54,15,[230   2   1],[220   0   0],10.246950765959598,0.0,100.0,[  1 238  12],[  0 220   0],21.656407827707714,0.0,100.0,[  9   5 203],[  0   0 220],19.87460691435179,0.0,100.0
54,16,[216   0  14],[220   0   0],14.560219778561036,0.0,100.0,[  8 223  11],[  0 220   0],13.92838827718412,0.0,100.0,[  7   0 235],[  0   0 220],16.55294535724685,0.0,100.0
54,17,[223  15   7],[220   0   0],16.822603841260722,0.0,100.0,[  4 216  14],[  0 220   0],15.0996688705415,0.0,100.0,[ 15   7 226],[  0   0 220],17.60681686165901,0.0,100.0
54,18,[225  17   0],[220   0   0],17.72004514666935,0.0,100.0,[  9 200   2],[  0 220   0],22.02271554554524,0.0,100.0,[  4   1 223],[  0   0 220],5.0990195135927845,0.0,100.0
54,19,[218  12   0],[220   0   0],12.165525060596439,0.0,100.0,[  7 233   6],[  0 220   0],15.937377450509228,0.0,100.0,[  1   3 225],[  0   0 220],5.916079783099616,0.0,100.0
54,20,[221  17  12],[220   0   0],20.83266665599966,0.0,100.0,[  2 205  11],[  0 220   0],18.708286933869708,0.0,100.0,[  2  14 228],[  0   0 220],16.24807680927192,0.0,100.0
54,21,[211   9  14],[220   0   0],18.920887928424502,0.0,100.0,[ 12 215   7],[  0 220   0],14.7648230602334,0.0,100.0,[  2   9 209],[  0   0 220],14.352700094407323,0.0,100.0
54,22,[207   8  16],[220   0   0],22.11334438749598,0.0,100.0,[ 10 209  17],[  0 220   0],22.58317958127243,0.0,100.0,[  9   2 200],[  0   0 220],22.02271554554524,0.0,100.0
54,23,[229   5   2],[220   0   0],10.488088481701515,0.0,100.0,[ 16 210  12],[  0 220   0],22.360679774997898,0.0,100.0,[ 19  11 204],[  0   0 220],27.16615541441225,0.0,100.0
54,24,[229  15  19],[220   0   0],25.826343140289914,0.0,100.0,[  1 219  11],[  0 220   0],11.090536506409418,0.0,100.0,[  1   8 238],[  0   0 220],19.72308292331602,0.0,100.0
54,25,[202   8   4],[220   0   0],20.09975124224178,0.0,100.0,[  7 230  16],[  0 220   0],20.12461179749811,0.0,100.0,[ 16   5 206],[  0   0 220],21.840329667841555,0.0,100.0
54,26,[229  12  18],[220   0   0],23.430749027719962,0.0,100.0,[ 10 228   7],[  0 220   0],14.594519519326424,0.0,100.0,[ 18   0 207],[  0   0 220],22.20360331117452,0.0,100.0
54,27,[223   1  14],[220   0   0],14.352700094407323,0.0,100.0,[  7 218  19],[  0 220   0],20.346989949375804,0.0,100.0,[  8  10 224],[  0   0 220],13.416407864998739,0.0,100.0
54,28,[223   9   7],[220   0   0],11.789826122551595,0.0,100.0,[ 14 231  14],[  0 220   0],22.64950330581225,0.0,100.0,[  1  14 239],[  0   0 220],23.62202362203543,0.0,100.0
54,29,[205  15  17],[220   0   0],27.184554438136374,0.0,100.0,[  3 237   9],[  0 220   0],19.467922333931785,0.0,100.0,[  4  14 205],[  0   0 220],20.904544960366874,0.0,100.0
54,30,[210   5  10],[220   0   0],15.0,0.0,100.0,[ 18 224  10],[  0 220   0],20.97617696340303,0.0,100.0,[ 17   1 227],[  0   0 220],18.411952639521967,0.0,100.0
54,31,[202  19  12],[220   0   0],28.792360097775937,0.0,100.0,[ 12 227  16],[  0 220   0],21.18962010041709,0.0,100.0,[  5  19 219],[  0   0 220],19.672315572906,0.0,100.0
54,32,[201   5   6],[220   0   0],20.54263858417414,0.0,100.0,[ 11 204  17],[  0 220   0],25.80697580112788,0.0,100.0,[ 10  10 215],[  0   0 220],15.0,0.0,100.0
54,33,[217  16   2],[220   0   0],16.401219466856727,0.0,100.0,[  2 231  11],[  0 220   0],15.684387141358123,0.0,100.0,[ 10   9 215],[  0   0 220],14.352700094407323,0.0,100.0
54,34,[209  11  18],[220   0   0],23.790754506740637,0.0,100.0,[ 14 203   1],[  0 220   0],22.045407685048602,0.0,100.0,[  5   7 239],[  0   0 220],20.85665361461421,0.0,100.0
54,35,[208  15   4],[220   0   0],19.621416870348583,0.0,100.0,[  4 234  12],[  0 220   0],18.867962264113206,0.0,100.0,[  2  14 235],[  0   0 220],20.615528128088304,0.0,100.0
54,36,[212  10   8],[220   0   0],15.0996688705415,0.0,100.0,[ 10 205  11],[  0 220   0],21.118712081942874,0.0,100.0,[ 16  12 202],[  0   0 220],26.90724809414742,0.0,100.0
54,37,[209  11   7],[220   0   0],17.05872210923198,0.0,100.0,[  8 228  10],[  0 220   0],15.0996688705415,0.0,100.0,[  3   1 217],[  0   0 220],4.358898943540674,0.0,100.0
54,38,[227  10   0],[220   0   0],12.206555615733702,0.0,100.0,[  7 221  12],[  0 220   0],13.92838827718412,0.0,100.0,[  4   2 212],[  0   0 220],9.16515138991168,0.0,100.0
54,39,[216   2  17],[220   0   0],17.578395831246947,0.0,100.0,[ 11 208  18],[  0 220   0],24.269322199023193,0.0,100.0,[ 15   3 206],[  0   0 220],20.73644135332772,0.0,100.0
54,40,[211   0  12],[220   0   0],15.0,0.0,100.0,[ 18 215   6],[  0 220   0],19.621416870348583,0.0,100.0,[  3   0 213],[  0   0 220],7.615773105863909,0.0,100.0
54,41,[211   8  14],[220   0   0],18.466185312619388,0.0,100.0,[ 10 234   5],[  0 220   0],17.916472867168917,0.0,100.0,[  1  14 233],[  0   0 220],19.131126469708992,0.0,100.0
54,42,[202  15   7],[220   0   0],24.454038521274967,0.0,100.0,[ 12 202  15],[  0 220   0],26.324893162176366,0.0,100.0,[  9   8 213],[  0   0 220],13.92838827718412,0.0,100.0
54,43,[237  18  12],[220   0   0],27.51363298439521,0.0,100.0,[  2 227   4],[  0 220   0],8.306623862918075,0.0,100.0,[  8  10 223],[  0   0 220],13.152946437965905,0.0,100.0
54,44,[205  18   9],[220   0   0],25.099800796022265,0.0,100.0,[ 10 208   8],[  0 220   0],17.549928774784245,0.0,100.0,[ 14  14 239],[  0   0 220],27.440845468024488,0.0,100.0
54,45,[212   3  11],[220   0   0],13.92838827718412,0.0,100.0,[  8 200  10],[  0 220   0],23.748684174075834,0.0,100.0,[ 14  17 221],[  0   0 220],22.045407685048602,0.0,100.0
54,46,[204  14   8],[220   0   0],22.715633383201094,0.0,100.0,[  6 203   2],[  0 220   0],18.138357147217054,0.0,100.0,[  9   7 230],[  0   0 220],15.165750888103101,0.0,100.0
54,47,[226   2  10],[220   0   0],11.832159566199232,0.0,100.0,[  5 215   8],[  0 220   0],10.677078252031311,0.0,100.0,[ 14   5 237],[  0   0 220],22.58317958127243,0.0,100.0
54,48,[215   2  15],[220   0   0],15.937377450509228,0.0,100.0,[  2 205  13],[  0 220   0],19.949937343260004,0.0,100.0,[  3  16 213],[  0   0 220],17.72004514666935,0.0,100.0
54,49,[210  19  14],[220   0   0],25.632011235952593,0.0,100.0,[  4 200  12],[  0 220   0],23.664319132398465,0.0,100.0,[  2   3 211],[  0   0 220],9.695359714832659,0.0,100.0
54,50,[223  19  11],[220   0   0],22.15851980616034,0.0,100.0,[  9 209   6],[  0 220   0],15.427248620541512,0.0,100.0,[ 19  13 234],[  0   0 220],26.94438717061496,0.0,100.0
54,51,[209   5   9],[220   0   0],15.066519173319364,0.0,100.0,[ 17 210  11],[  0 220   0],22.58317958127243,0.0,100.0,[  1   1 229],[  0   0 220],9.1104335791443,0.0,100.0
54,52,[219  18  18],[220   0   0],25.475478405713993,0.0,100.0,[ 14 207   7],[  0 220   0],20.346989949375804,0.0,100.0,[  0  14 201],[  0   0 220],23.600847442411894,0.0,100.0
54,53,[220   5   4],[220   0   0],6.4031242374328485,0.0,100.0,[ 11 234  16],[  0 220   0],23.93741840717165,0.0,100.0,[ 13  16 234],[  0   0 220],24.919871588754223,0.0,100.0
54,54,[227   8   5],[220   0   0],11.74734012447073,0.0,100.0,[  7 221   0],[  0 220   0],7.0710678118654755,0.0,100.0,[  1   1 218],[  0   0 220],2.449489742783178,0.0,100.0
54,55,[231   9  11],[220   0   0],17.97220075561143,0.0,100.0,[ 10 213   5],[  0 220   0],13.19090595827292,0.0,100.0,[ 11   2 206],[  0   0 220],17.916472867168917,0.0,100.0
54,56,[237  18  14],[220   0   0],28.442925306655784,0.0,100.0,[  3 207   2],[  0 220   0],13.490737563232042,0.0,100.0,[  4   3 226],[  0   0 220],7.810249675906654,0.0,100.0
54,57,[231  19  12],[220   0   0],25.019992006393608,0.0,100.0,[  0 209   5],[  0 220   0],12.083045973594572,0.0,100.0,[  0   6 202],[  0   0 220],18.973665961010276,0.0,100.0
54,58,[212  16  18],[220   0   0],25.37715508089904,0.0,100.0,[ 12 235   6],[  0 220   0],20.12461179749811,0.0,100.0,[  3   5 205],[  0   0 220],16.09347693943108,0.0,100.0
54,59,[238   6  10],[220   0   0],21.447610589527216,0.0,100.0,[ 11 209   1],[  0 220   0],15.588457268119896,0.0,100.0,[ 14   2 227],[  0   0 220],15.7797338380595,0.0,100.0
54,60,[225  15   4],[220   0   0],16.30950643030009,0.0,100.0,[ 16 220  16],[  0 220   0],22.627416997969522,0.0,100.0,[ 18   9 230],[  0   0 220],22.47220505424423,0.0,100.0
54,61,[233  11  14],[220   0   0],22.045407685048602,0.0,100.0,[  6 220   3],[  0 220   0],6.708203932499369,0.0,100.0,[ 15   6 220],[  0   0 220],16.15549442140351,0.0,100.0
54,62,[237   1  12],[220   0   0],20.83266665599966,0.0,100.0,[ 13 231  10],[  0 220   0],19.748417658131498,0.0,100.0,[ 14   2 225],[  0   0 220],15.0,0.0,100.0
54,63,[212  16   9],[220   0   0],20.024984394500787,0.0,100.0,[  2 238  13],[  0 220   0],22.293496809607955,0.0,100.0,[  4  19 202],[  0   0 220],26.476404589747453,0.0,100.0
55,0,[228  18  11],[220   0   0],22.561028345356956,0.0,100.0,[ 17 232  12],[  0 220   0],24.020824298928627,0.0,100.0,[ 17  13 236],[  0   0 220],26.720778431774775,0.0,100.0
55,1,[205  16   9],[220   0   0],23.706539182259394,0.0,100.0,[ 14 214  12],[  0 220   0],19.390719429665317,0.0,100.0,[ 14  18 239],[  0   0 220],29.68164415931166,0.0,100.0
55,2,[213   5   6],[220   0   0],10.488088481701515,0.0,100.0,[ 14 220  16],[  0 220   0],21.2602916254693,0.0,100.0,[ 12  10 214],[  0   0 220],16.73320053068151,0.0,100.0
55,3,[232  11   2],[220   0   0],16.401219466856727,0.0,100.0,[  4 209  13],[  0 220   0],17.4928556845359,0.0,100.0,[  2  17 216],[  0   0 220],17.578395831246947,0.0,100.0
55,4,[223   7  10],[220   0   0],12.569805089976535,0.0,100.0,[ 12 211   5],[  0 220   0],15.811388300841896,0.0,100.0,[ 17   4 225],[  0   0 220],18.16590212458495,0.0,100.0
55,5,[211  14  13],[220   0   0],21.118712081942874,0.0,100.0,[  9 219   4],[  0 220   0],9.899494936611665,0.0,100.0,[  8   6 201],[  0   0 220],21.470910553583888,0.0,100.0
55,6,[203   8   3],[220   0   0],19.026297590440446,0.0,100.0,[ 17 233  17],[  0 220   0],27.331300737432898,0.0,100.0,[ 13   1 236],[  0   0 220],20.639767440550294,0.0,100.0
55,7,[211  15  12],[220   0   0],21.213203435596427,0.0,100.0,[  2 232  16],[  0 220   0],20.09975124224178,0.0,100.0,[ 15  14 200],[  0   0 220],28.653097563788805,0.0,100.0
55,8,[220   9  15],[220   0   0],17.4928556845359,0.0,100.0,[  3 234   6],[  0 220   0],15.524174696260024,0.0,100.0,[ 18  19 222],[  0   0 220],26.248809496813376,0.0,100.0
55,9,[212   6  14],[220   0   0],17.204650534085253,0.0,100.0,[ 16 232  14],[  0 220   0],24.413111231467404,0.0,100.0,[ 12  18 223],[  0   0 220],21.840329667841555,0.0,100.0
55,10,[218   2   9],[220   0   0],9.433981132056603,0.0,100.0,[ 12 239  19],[  0 220   0],29.427877939124322,0.0,100.0,[ 13  19 216],[  0   0 220],23.366642891095847,0.0,100.0
55,11,[231   2   4],[220   0   0],11.874342087037917,0.0,100.0,[  6 238  13],[  0 220   0],23.0,0.0,100.0,[  9  15 233],[  0   0 220],21.79449471770337,0.0,100.0
55,12,[203  13  11],[220   0   0],24.06241883103193,0.0,100.0,[  2 202  12],[  0 220   0],21.72556098240043,0.0,100.0,[  9   6 224],[  0   0 220],11.532562594670797,0.0,100.0
55,13,[232  19  13],[220   0   0],25.96150997149434,0.0,100.0,[ 15 230  15],[  0 220   0],23.45207879911715,0.0,100.0,[  9   7 236],[  0   0 220],19.6468827043885,0.0,100.0
55,14,[225  14   7],[220   0   0],16.431676725154983,0.0,100.0,[ 10 202   8],[  0 220   0],22.090722034374522,0.0,100.0,[  6  13 202],[  0   0 220],23.0,0.0,100.0
55,15,[206  18  13],[220   0   0],26.248809496813376,0.0,100.0,[  8 229  16],[  0 220   0],20.024984394500787,0.0,100.0,[ 14   7 230],[  0   0 220],18.57417562100671,0.0,100.0
55,16,[214  14   1],[220   0   0],15.264337522473747,0.0,100.0,[  0 234  13],[  0 220   0],19.1049731745428,0.0,100.0,[ 10   4 212],[  0   0 220],13.416407864998739,0.0,100.0
55,17,[239  13   0],[220   0   0],23.021728866442675,0.0,100.0,[ 14 201   9],[  0 220   0],25.25866188063018,0.0,100.0,[  1  10 202],[  0   0 220],20.615528128088304,0.0,100.0
55,18,[222  11  16],[220   0   0],19.519221295943137,0.0,100.0,[ 10 216  11],[  0 220   0],15.394804318340652,0.0,100.0,[ 13  10 231],[  0   0 220],19.748417658131498,0.0,100.0
55,19,[221  10  14],[220   0   0],17.233687939614086,0.0,100.0,[  7 226  11],[  0 220   0],14.352700094407323,0.0,100.0,[ 11   0 226],[  0   0 220],12.529964086141668,0.0,100.0
55,20,[236  17  13],[220   0   0],26.720778431774775,0.0,100.0,[ 19 212  14],[  0 220   0],24.919871588754223,0.0,100.0,[ 11   2 229],[  0   0 220],14.352700094407323,0.0,100.0
55,21,[202  14   4],[220   0   0],23.15167380558045,0.0,100.0,[  9 224   1],[  0 220   0],9.899494936611665,0.0,100.0,[ 12   5 209],[  0   0 220],17.029386365926403,0.0,100.0
55,22,[227  17   2],[220   0   0],18.49324200890693,0.0,100.0,[ 10 234   8],[  0 220   0],18.973665961010276,0.0,100.0,[ 15   4 228],[  0   0 220],17.46424919657298,0.0,100.0
55,23,[235  10   8],[220   0   0],19.72308292331602,0.0,100.0,[  8 202  16],[  0 220   0],25.37715508089904,0.0,100.0,[ 10  13 222],[  0   0 220],16.522711641858304,0.0,100.0
55,24,[216   8  11],[220   0   0],14.177446878757825,0.0,100.0,[ 18 207  13],[  0 220   0],25.729360660537214,0.0,100.0,[ 11  15 234],[  0   0 220],23.280893453645632,0.0,100.0
55,25,[230  13  11],[220   0   0],19.748417658131498,0.0,100.0,[ 13 238   4],[  0 220   0],22.561028345356956,0.0,100.0,[ 18   4 232],[  0   0 220],22.0,0.0,100.0
55,26,[236   4   9],[220   0   0],18.788294228055936,0.0,100.0,[  0 212   2],[  0 220   0],8.246211251235321,0.0,100.0,[ 11   2 216],[  0   0 220],11.874342087037917,0.0,100.0
55,27,[206   9   5],[220   0   0],17.378147196982766,0.0,100.0,[  5 201  16],[  0 220   0],25.337718918639855,0.0,100.0,[ 14   0 205],[  0   0 220],20.518284528683193,0.0,100.0
55,28,[200  15   1],[220   0   0],25.019992006393608,0.0,100.0,[  2 227   1],[  0 220   0],7.3484692283495345,0.0,100.0,[  8   7 234],[  0   0 220],17.578395831246947,0.0,100.0
55,29,[217  11  18],[220   0   0],21.307275752662516,0.0,100.0,[ 15 230  13],[  0 220   0],22.22611077089287,0.0,100.0,[ 11  15 226],[  0   0 220],19.544820285692065,0.0,100.0
55,30,[231  13   1],[220   0   0],17.05872210923198,0.0,100.0,[  6 232   7],[  0 220   0],15.132745950421556,0.0,100.0,[ 14  13 205],[  0   0 220],24.289915602982237,0.0,100.0
55,31,[216  18  13],[220   0   0],22.561028345356956,0.0,100.0,[  9 232  14],[  0 220   0],20.518284528683193,0.0,100.0,[ 11   5 229],[  0   0 220],15.066519173319364,0.0,100.0
55,32,[203  12   0],[220   0   0],20.808652046684813,0.0,100.0,[ 14 220   1],[  0 220   0],14.035668847618199,0.0,100.0,[ 17  10 212],[  0   0 220],21.283796653792763,0.0,100.0
55,33,[215  12  13],[220   0   0],18.384776310850235,0.0,100.0,[  7 235  16],[  0 220   0],23.021728866442675,0.0,100.0,[  7   6 227],[  0   0 220],11.575836902790225,0.0,100.0
55,34,[200   8  16],[220   0   0],26.832815729997478,0.0,100.0,[ 17 234   2],[  0 220   0],22.11334438749598,0.0,100.0,[  2  15 204],[  0   0 220],22.02271554554524,0.0,100.0
55,35,[212  17  16],[220   0   0],24.677925358506133,0.0,100.0,[  1 207  11],[  0 220   0],17.05872210923198,0.0,100.0,[ 18  12 200],[  0   0 220],29.46183972531247,0.0,100.0
55,36,[215   1   7],[220   0   0],8.660254037844387,0.0,100.0,[  0 212  11],[  0 220   0],13.601470508735444,0.0,100.0,[ 12  15 215],[  0   0 220],19.849433241279208,0.0,100.0
55,37,[226  11   2],[220   0   0],12.68857754044952,0.0,100.0,[ 11 231  10],[  0 220   0],18.49324200890693,0.0,100.0,[ 17   5 228],[  0   0 220],19.44222209522358,0.0,100.0
55,38,[232   4  11],[220   0   0],16.76305461424021,0.0,100.0,[  9 229  19],[  0 220   0],22.869193252058544,0.0,100.0,[ 10   4 207],[  0   0 220],16.881943016134134,0.0,100.0
55,39,[214   3   6],[220   0   0],9.0,0.0,100.0,[ 16 227   2],[  0 220   0],17.578395831246947,0.0,100.0,[  0   3 203],[  0   0 220],17.26267650163207,0.0,100.0
55,40,[210   5   7],[220   0   0],13.19090595827292,0.0,100.0,[ 19 226  16],[  0 220   0],25.553864678361276,0.0,100.0,[ 19   5 205],[  0   0 220],24.71841418861655,0.0,100.0
55,41,[220  16  19],[220   0   0],24.839484696748443,0.0,100.0,[ 14 234  10],[  0 220   0],22.181073012818835,0.0,100.0,[ 19  18 208],[  0   0 220],28.792360097775937,0.0,100.0
55,42,[216   0   8],[220   0   0],8.94427190999916,0.0,100.0,[  2 202   9],[  0 220   0],20.223748416156685,0.0,100.0,[  1   1 204],[  0   0 220],16.06237840420901,0.0,100.0
55,43,[203   2  17],[220   0   0],24.124676163629637,0.0,100.0,[  8 239  11],[  0 220   0],23.366642891095847,0.0,100.0,[ 19   7 228],[  0   0 220],21.77154105707724,0.0,100.0
55,44,[235   9  12],[220   0   0],21.213203435596427,0.0,100.0,[  4 230   8],[  0 220   0],13.416407864998739,0.0,100.0,[  1   8 223],[  0   0 220],8.602325267042627,0.0,100.0
55,45,[203   0   8],[220   0   0],18.788294228055936,0.0,100.0,[ 15 207   7],[  0 220   0],21.047565179849187,0.0,100.0,[  3   2 217],[  0   0 220],4.69041575982343,0.0,100.0
55,46,[228  16  11],[220   0   0],21.0,0.0,100.0,[  3 220   9],[  0 220   0],9.486832980505138,0.0,100.0,[  2  12 200],[  0   0 220],23.40939982143925,0.0,100.0
55,47,[202  10  14],[220   0   0],24.899799195977465,0.0,100.0,[ 10 227  16],[  0 220   0],20.12461179749811,0.0,100.0,[ 13   0 232],[  0   0 220],17.69180601295413,0.0,100.0
55,48,[203   5  19],[220   0   0],25.98076211353316,0.0,100.0,[ 14 229   3],[  0 220   0],16.911534525287763,0.0,100.0,[  8   2 230],[  0   0 220],12.96148139681572,0.0,100.0
55,49,[210   5  16],[220   0   0],19.519221295943137,0.0,100.0,[  0 229   5],[  0 220   0],10.295630140987,0.0,100.0,[ 14   1 201],[  0   0 220],23.62202362203543,0.0,100.0
55,50,[229   8   4],[220   0   0],12.68857754044952,0.0,100.0,[  4 218   7],[  0 220   0],8.306623862918075,0.0,100.0,[ 16  12 216],[  0   0 220],20.396078054371138,0.0,100.0
55,51,[210   2   5],[220   0   0],11.357816691600547,0.0,100.0,[  1 236   7],[  0 220   0],17.4928556845359,0.0,100.0,[  4  10 232],[  0   0 220],16.1245154965971,0.0,100.0
55,52,[217   1  10],[220   0   0],10.488088481701515,0.0,100.0,[  7 204  17],[  0 220   0],24.372115213907882,0.0,100.0,[  6  19 228],[  0   0 220],21.470910553583888,0.0,100.0
55,53,[201  11   4],[220   0   0],22.315913604421397,0.0,100.0,[  6 208   3],[  0 220   0],13.74772708486752,0.0,100.0,[ 16   3 222],[  0   0 220],16.401219466856727,0.0,100.0
55,54,[224  12   1],[220   0   0],12.68857754044952,0.0,100.0,[  3 232  13],[  0 220   0],17.944358444926362,0.0,100.0,[ 14   9 238],[  0   0 220],24.515301344262525,0.0,100.0
55,55,[201  18  17],[220   0   0],31.20897306865447,0.0,100.0,[  3 222   7],[  0 220   0],7.874007874011811,0.0,100.0,[ 17   1 228],[  0   0 220],18.81488772222678,0.0,100.0
55,56,[203  12   4],[220   0   0],21.18962010041709,0.0,100.0,[  2 222   5],[  0 220   0],5.744562646538029,0.0,100.0,[ 14  18 204],[  0   0 220],27.85677655436824,0.0,100.0
55,57,[220   4   9],[220   0   0],9.848857801796104,0.0,100.0,[ 13 237  16],[  0 220   0],26.720778431774775,0.0,100.0,[ 13   8 207],[  0   0 220],20.049937655763422,0.0,100.0
55,58,[234  12  14],[220   0   0],23.15167380558045,0.0,100.0,[  5 218   4],[  0 220   0],6.708203932499369,0.0,100.0,[  8  12 207],[  0   0 220],19.4164878389476,0.0,100.0
55,59,[214  14  12],[220   0   0],19.390719429665317,0.0,100.0,[  5 220  17],[  0 220   0],17.72004514666935,0.0,100.0,[ 10  14 235],[  0   0 220],22.825424421026653,0.0,100.0
55,60,[238   7   0],[220   0   0],19.313207915827967,0.0,100.0,[  7 230  11],[  0 220   0],16.431676725154983,0.0,100.0,[  1  18 224],[  0   0 220],18.466185312619388,0.0,100.0
55,61,[208   5  17],[220   0   0],21.400934559032695,0.0,100.0,[  3 231   8],[  0 220   0],13.92838827718412,0.0,100.0,[ 17   8 226],[  0   0 220],19.72308292331602,0.0,100.0
55,62,[234  10   3],[220   0   0],17.46424919657298,0.0,100.0,[  1 229  14],[  0 220   0],16.673332000533065,0.0,100.0,[ 10   3 221],[  0   0 220],10.488088481701515,0.0,100.0
55,63,[220  19  15],[220   0   0],24.20743687382041,0.0,100.0,[ 16 233   7],[  0 220   0],21.77154105707724,0.0,100.0,[ 15   2 229],[  0   0 220],17.60681686165901,0.0,100.0
56,0,[224   9   6],[220   0   0],11.532562594670797,0.0,100.0,[ 19 203   9],[  0 220   0],27.03701166919155,0.0,100.0,[ 16   1 205],[  0   0 220],21.95449840010015,0.0,100.0
56,1,[222   9  15],[220   0   0],17.60681686165901,0.0,100.0,[  7 206  17],[  0 220   0],23.108440016582687,0.0,100.0,[ 14   6 221],[  0   0 220],15.264337522473747,0.0,100.0
56,2,[238  18  14],[220   0   0],29.0516780926679,0.0,100.0,[  5 233   2],[  0 220   0],14.071247279470288,0.0,100.0,[ 13   2 235],[  0   0 220],19.949937343260004,0.0,100.0
56,3,[206   9   2],[220   0   0],16.76305461424021,0.0,100.0,[ 15 204  16],[  0 220   0],27.147743920996454,0.0,100.0,[  3  10 214],[  0   0 220],12.041594578792296,0.0,100.0
56,4,[211   2   1],[220   0   0],9.273618495495704,0.0,100.0,[  5 216  18],[  0 220   0],19.1049731745428,0.0,100.0,[ 13   9 224],[  0   0 220],16.30950643030009,0.0,100.0
56,5,[232  11  17],[220   0   0],23.53720459187964,0.0,100.0,[ 17 226  17],[  0 220   0],24.779023386727733,0.0,100.0,[ 14  14 210],[  0   0 220],22.181073012818835,0.0,100.0
56,6,[226   2   6],[220   0   0],8.717797887081348,0.0,100.0,[ 10 204   1],[  0 220   0],18.894443627691185,0.0,100.0,[  7  16 211],[  0   0 220],19.6468827043885,0.0,100.0
56,7,[223   8   3],[220   0   0],9.055385138137417,0.0,100.0,[ 12 206  12],[  0 220   0],22.0,0.0,100.0,[  1  15 215],[  0   0 220],15.84297951775486,0.0,100.0
56,8,[200  17  16],[220   0   0],30.740852297878796,0.0,100.0,[  4 205   0],[  0 220   0],15.524174696260024,0.0,100.0,[ 14  14 202],[  0   0 220],26.758176320519304,0.0,100.0
56,9,[225  17   1],[220   0   0],17.74823934929885,0.0,100.0,[ 17 204   7],[  0 220   0],24.372115213907882,0.0,100.0,[ 19   4 202],[  0   0 220],26.476404589747453,0.0,100.0
56,10,[233  13  13],[220   0   0],22.516660498395403,0.0,100.0,[  6 228   5],[  0 220   0],11.180339887498949,0.0,100.0,[  0   4 230],[  0   0 220],10.770329614269007,0.0,100.0
56,11,[231   3   2],[220   0   0],11.575836902790225,0.0,100.0,[  6 200   9],[  0 220   0],22.737634001804146,0.0,100.0,[ 14   3 208],[  0   0 220],18.681541692269406,0.0,100.0
56,12,[223   3   2],[220   0   0],4.69041575982343,0.0,100.0,[ 15 211   7],[  0 220   0],18.841443681416774,0.0,100.0,[  6  18 220],[  0   0 220],18.973665961010276,0.0,100.0
56,13,[235  19   5],[220   0   0],24.71841418861655,0.0,100.0,[ 14 204   9],[  0 220   0],23.08679276123039,0.0,100.0,[ 16   9 225],[  0   0 220],19.026297590440446,0.0,100.0
56,14,[223   5   7],[220   0   0],9.1104335791443,0.0,100.0,[  2 218   2],[  0 220   0],3.4641016151377544,0.0,100.0,[  0  10 215],[  0   0 220],11.180339887498949,0.0,100.0
56,15,[239  17  15],[220   0   0],29.58039891549808,0.0,100.0,[ 13 227   8],[  0 220   0],16.792855623746664,0.0,100.0,[ 15   4 207],[  0   0 220],20.248456731316587,0.0,100.0
56,16,[221   3  16],[220   0   0],16.30950643030009,0.0,100.0,[ 13 210  12],[  0 220   0],20.322401432901575,0.0,100.0,[ 16   3 208],[  0   0 220],20.223748416156685,0.0,100.0
56,17,[237  19   1],[220   0   0],25.514701644346147,0.0,100.0,[ 10 236  13],[  0 220   0],22.9128784747792,0.0,100.0,[  3  13 233],[  0   0 220],18.627936010197157,0.0,100.0
56,18,[211  19   8],[220   0   0],22.494443758403985,0.0,100.0,[  6 225   7],[  0 220   0],10.488088481701515,0.0,100.0,[  0   8 206],[  0   0 220],16.1245154965971,0.0,100.0
56,19,[228  11  13],[220   0   0],18.81488772222678,0.0,100.0,[  8 215  14],[  0 220   0],16.881943016134134,0.0,100.0,[ 11  17 229],[  0   0 220],22.15851980616034,0.0,100.0
56,20,[229  15  18],[220   0   0],25.099800796022265,0.0,100.0,[ 10 205  19],[  0 220   0],26.19160170741759,0.0,100.0,[ 11  16 204],[  0   0 220],25.15949125081825,0.0,100.0
56,21,[232  18   6],[220   0   0],22.44994432064365,0.0,100.0,[ 14 239   6],[  0 220   0],24.351591323771842,0.0,100.0,[  4   9 228],[  0   0 220],12.68857754044952,0.0,100.0
56,22,[220  10   7],[220   0   0],12.206555615733702,0.0,100.0,[  9 205  16],[  0 220   0],23.706539182259394,0.0,100.0,[ 14   8 205],[  0   0 220],22.02271554554524,0.0,100.0
56,23,[225  18   0],[220   0   0],18.681541692269406,0.0,100.0,[ 16 222  19],[  0 220   0],24.919871588754223,0.0,100.0,[  0   8 225],[  0   0 220],9.433981132056603,0.0,100.0
56,24,[238   8  10],[220   0   0],22.090722034374522,0.0,100.0,[  5 226   7],[  0 220   0],10.488088481701515,0.0,100.0,[  5   6 237],[  0   0 220],18.708286933869708,0.0,100.0
56,25,[204   2  13],[220   0   0],20.71231517720798,0.0,100.0,[  1 215  10],[  0 220   0],11.224972160321824,0.0,100.0,[  5  13 235],[  0   0 220],20.46948949045872,0.0,100.0
56,26,[223  12  13],[220   0   0],17.944358444926362,0.0,100.0,[  7 238   9],[  0 220   0],21.307275752662516,0.0,100.0,[  5  18 207],[  0   0 220],22.759613353482084,0.0,100.0
56,27,[232  16   5],[220   0   0],20.615528128088304,0.0,100.0,[ 15 211   9],[  0 220   0],19.672315572906,0.0,100.0,[  4  18 236],[  0   0 220],24.413111231467404,0.0,100.0
56,28,[202   9   5],[220   0   0],20.73644135332772,0.0,100.0,[  6 208  11],[  0 220   0],17.349351572897472,0.0,100.0,[ 19   9 216],[  0   0 220],21.400934559032695,0.0,100.0
56,29,[238  16   9],[220   0   0],25.709920264364882,0.0,100.0,[  8 213   6],[  0 220   0],12.206555615733702,0.0,100.0,[  2  10 219],[  0   0 220],10.246950765959598,0.0,100.0
56,30,[214  17   5],[220   0   0],18.708286933869708,0.0,100.0,[ 12 237  16],[  0 220   0],26.248809496813376,0.0,100.0,[ 16   8 208],[  0   0 220],21.540659228538015,0.0,100.0
56,31,[209   4   6],[220   0   0],13.152946437965905,0.0,100.0,[ 17 229   8],[  0 220   0],20.83266665599966,0.0,100.0,[  6   9 228],[  0   0 220],13.45362404707371,0.0,100.0
56,32,[223   0  13],[220   0   0],13.341664064126334,0.0,100.0,[ 16 210  13],[  0 220   0],22.9128784747792,0.0,100.0,[ 10  16 223],[  0   0 220],19.1049731745428,0.0,100.0
56,33,[238  12   9],[220   0   0],23.430749027719962,0.0,100.0,[ 13 239  12],[  0 220   0],25.96150997149434,0.0,100.0,[  0   8 204],[  0   0 220],17.88854381999832,0.0,100.0
56,34,[208   2   3],[220   0   0],12.529964086141668,0.0,100.0,[ 18 224  17],[  0 220   0],25.079872407968907,0.0,100.0,[  7  15 221],[  0   0 220],16.583123951777,0.0,100.0
56,35,[220  14   0],[220   0   0],14.0,0.0,100.0,[ 18 218   2],[  0 220   0],18.2208671582886,0.0,100.0,[ 15   0 237],[  0   0 220],22.67156809750927,0.0,100.0
56,36,[213  19   0],[220   0   0],20.248456731316587,0.0,100.0,[ 13 237  16],[  0 220   0],26.720778431774775,0.0,100.0,[ 16  13 202],[  0   0 220],27.367864366808018,0.0,100.0
56,37,[228   5  15],[220   0   0],17.72004514666935,0.0,100.0,[  6 207   5],[  0 220   0],15.165750888103101,0.0,100.0,[ 13  16 235],[  0   0 220],25.495097567963924,0.0,100.0
56,38,[214  18   5],[220   0   0],19.621416870348583,0.0,100.0,[  5 239  19],[  0 220   0],27.331300737432898,0.0,100.0,[  9   5 210],[  0   0 220],14.352700094407323,0.0,100.0
56,39,[238  10   0],[220   0   0],20.591260281974,0.0,100.0,[  4 212   5],[  0 220   0],10.246950765959598,0.0,100.0,[ 17   2 215],[  0   0 220],17.832554500127006,0.0,100.0
56,40,[223  17  14],[220   0   0],22.22611077089287,0.0,100.0,[ 10 226  18],[  0 220   0],21.447610589527216,0.0,100.0,[ 19  11 215],[  0   0 220],22.516660498395403,0.0,100.0
56,41,[224   5  19],[220   0   0],20.049937655763422,0.0,100.0,[  7 208  11],[  0 220   0],17.72004514666935,0.0,100.0,[  7   0 201],[  0   0 220],20.248456731316587,0.0,100.0
56,42,[221   7   1],[220   0   0],7.14142842854285,0.0,100.0,[  2 221  18],[  0 220   0],18.138357147217054,0.0,100.0,[  9   2 223],[  0   0 220],9.695359714832659,0.0,100.0
56,43,[226  19   6],[220   0   0],20.808652046684813,0.0,100.0,[ 10 224  13],[  0 220   0],16.881943016134134,0.0,100.0,[ 15  18 221],[  0   0 220],23.45207879911715,0.0,100.0
56,44,[203  17   2],[220   0   0],24.124676163629637,0.0,100.0,[  7 224   2],[  0 220   0],8.306623862918075,0.0,100.0,[ 17  16 221],[  0   0 220],23.366642891095847,0.0,100.0
56,45,[204   8  15],[220   0   0],23.345235059857504,0.0,100.0,[ 15 220   3],[  0 220   0],15.297058540778355,0.0,100.0,[ 11  13 233],[  0   0 220],21.42428528562855,0.0,100.0
56,46,[218   7  15],[220   0   0],16.673332000533065,0.0,100.0,[  4 202  16],[  0 220   0],24.413111231467404,0.0,100.0,[  7   8 200],[  0   0 220],22.64950330581225,0.0,100.0
56,47,[233   4  15],[220   0   0],20.248456731316587,0.0,100.0,[  1 234   6],[  0 220   0],15.264337522473747,0.0,100.0,[  9  11 215],[  0   0 220],15.066519173319364,0.0,100.0
56,48,[206   8  15],[220   0   0],22.02271554554524,0.0,100.0,[ 16 209   2],[  0 220   0],19.519221295943137,0.0,100.0,[  2  15 236],[  0   0 220],22.02271554554524,0.0,100.0
56,49,[211   5   4],[220   0   0],11.045361017187261,0.0,100.0,[ 11 231  15],[  0 220   0],21.61018278497431,0.0,100.0,[ 11   6 207],[  0   0 220],18.05547008526779,0.0,100.0
56,50,[220  12  15],[220   0   0],19.209372712298546,0.0,100.0,[  6 203  14],[  0 220   0],22.825424421026653,0.0,100.0,[ 13   1 208],[  0   0 220],17.72004514666935,0.0,100.0
56,51,[200  16   0],[220   0   0],25.612496949731394,0.0,100.0,[  7 212   1],[  0 220   0],10.677078252031311,0.0,100.0,[  7  15 232],[  0   0 220],20.445048300260872,0.0,100.0
56,52,[215  13   8],[220   0   0],16.06237840420901,0.0,100.0,[  6 222  12],[  0 220   0],13.564659966250536,0.0,100.0,[  8   8 228],[  0   0 220],13.856406460551018,0.0,100.0
56,53,[205  17   8],[220   0   0],24.041630560342615,0.0,100.0,[ 19 239   5],[  0 220   0],27.331300737432898,0.0,100.0,[ 15  11 206],[  0   0 220],23.280893453645632,0.0,100.0
56,54,[231  12   9],[220   0   0],18.601075237738275,0.0,100.0,[  1 209   5],[  0 220   0],12.12435565298214,0.0,100.0,[  1   9 211],[  0   0 220],12.767145334803704,0.0,100.0
56,55,[212   9   2],[220   0   0],12.206555615733702,0.0,100.0,[ 11 205   8],[  0 220   0],20.248456731316587,0.0,100.0,[ 13   4 219],[  0   0 220],13.638181696985855,0.0,100.0
56,56,[228   6   6],[220   0   0],11.661903789690601,0.0,100.0,[  5 225  10],[  0 220   0],12.24744871391589,0.0,100.0,[  1  14 209],[  0   0 220],17.832554500127006,0.0,100.0
56,57,[225   5   3],[220   0   0],7.681145747868608,0.0,100.0,[ 11 201   1],[  0 220   0],21.97726097583591,0.0,100.0,[  9   3 200],[  0   0 220],22.135943621178654,0.0,100.0
56,58,[232  16   3],[220   0   0],20.223748416156685,0.0,100.0,[  0 207  10],[  0 220   0],16.401219466856727,0.0,100.0,[  8  10 235],[  0   0 220],19.72308292331602,0.0,100.0
56,59,[225   6   9],[220   0   0],11.916375287812984,0.0,100.0,[  1 218   0],[  0 220   0],2.23606797749979,0.0,100.0,[  4  10 200],[  0   0 220],22.715633383201094,0.0,100.0
56,60,[224  12   6],[220   0   0],14.0,0.0,100.0,[ 14 227  12],[  0 220   0],19.72308292331602,0.0,100.0,[ 15   1 239],[  0   0 220],24.228082879171435,0.0,100.0
56,61,[206  14   8],[220   0   0],21.354156504062622,0.0,100.0,[  2 239  15],[  0 220   0],24.289915602982237,0.0,100.0,[ 10   4 201],[  0   0 220],21.840329667841555,0.0,100.0
56,62,[231   3  11],[220   0   0],15.84297951775486,0.0,100.0,[  7 230   0],[  0 220   0],12.206555615733702,0.0,100.0,[  6  10 239],[  0   0 220],22.293496809607955,0.0,100.0
56,63,[216   5   3],[220   0   0],7.0710678118654755,0.0,100.0,[ 17 238   7],[  0 220   0],25.729360660537214,0.0,100.0,[  2   1 220],[  0   0 220],2.23606797749979,0.0,100.0
57,0,[230  13   8],[220   0   0],18.24828759089466,0.0,100.0,[  8 207  13],[  0 220   0],20.049937655763422,0.0,100.0,[ 11  14 208],[  0   0 220],21.470910553583888,0.0,100.0
57,1,[224  19  15],[220   0   0],24.535688292770594,0.0,100.0,[  0 218  10],[  0 220   0],10.198039027185569,0.0,100.0,[  6   8 237],[  0   0 220],19.72308292331602,0.0,100.0
57,2,[209  14  14],[220   0   0],22.64950330581225,0.0,100.0,[  0 219  13],[  0 220   0],13.038404810405298,0.0,100.0,[ 19  19 204],[  0   0 220],31.272991542223778,0.0,100.0
57,3,[232   8  15],[220   0   0],20.808652046684813,0.0,100.0,[  5 212   9],[  0 220   0],13.038404810405298,0.0,100.0,[  9  10 217],[  0   0 220],13.784048752090222,0.0,100.0
57,4,[233  18  14],[220   0   0],26.248809496813376,0.0,100.0,[  4 201   1],[  0 220   0],19.44222209522358,0.0,100.0,[ 18  14 213],[  0   0 220],23.853720883753127,0.0,100.0
57,5,[219  12   8],[220   0   0],14.45683229480096,0.0,100.0,[  5 225   0],[  0 220   0],7.0710678118654755,0.0,100.0,[ 12   4 238],[  0   0 220],22.0,0.0,100.0
57,6,[204   1   3],[220   0   0],16.30950643030009,0.0,100.0,[ 19 212   8],[  0 220   0],22.11334438749598,0.0,100.0,[  1   3 222],[  0   0 220],3.7416573867739413,0.0,100.0
57,7,[236   7  17],[220   0   0],24.372115213907882,0.0,100.0,[ 14 236  17],[  0 220   0],27.2213151776324,0.0,100.0,[  3  10 232],[  0   0 220],15.905973720586866,0.0,100.0
57,8,[233  11  19],[220   0   0],25.514701644346147,0.0,100.0,[  4 209   6],[  0 220   0],13.152946437965905,0.0,100.0,[  2   7 201],[  0   0 220],20.346989949375804,0.0,100.0
57,9,[204   7  13],[220   0   0],21.77154105707724,0.0,100.0,[  6 205  11],[  0 220   0],19.544820285692065,0.0,100.0,[  2  17 211],[  0   0 220],19.339079605813716,0.0,100.0
57,10,[234   7  11],[220   0   0],19.131126469708992,0.0,100.0,[  8 205   4],[  0 220   0],17.46424919657298,0.0,100.0,[ 16  14 226],[  0   0 220],22.090722034374522,0.0,100.0
57,11,[209  19   5],[220   0   0],22.516660498395403,0.0,100.0,[  0 219   2],[  0 220   0],2.23606797749979,0.0,100.0,[ 17   1 217],[  0   0 220],17.291616465790582,0.0,100.0
57,12,[237  15  14],[220   0   0],26.645825188948457,0.0,100.0,[  6 236  16],[  0 220   0],23.40939982143925,0.0,100.0,[  5   5 220],[  0   0 220],7.0710678118654755,0.0,100.0
57,13,[216   7  11],[220   0   0],13.638181696985855,0.0,100.0,[ 10 205   3],[  0 220   0],18.275666882497067,0.0,100.0,[  8   2 232],[  0   0 220],14.560219778561036,0.0,100.0
57,14,[234  17   4],[220   0   0],22.38302928559939,0.0,100.0,[ 13 231  18],[  0 220   0],24.779023386727733,0.0,100.0,[  1   1 201],[  0   0 220],19.05255888325765,0.0,100.0
57,15,[223  19  11],[220   0   0],22.15851980616034,0.0,100.0,[  4 226   4],[  0 220   0],8.246211251235321,0.0,100.0,[  8   4 201],[  0   0 220],21.0,0.0,100.0
57,16,[212  17   1],[220   0   0],18.81488772222678,0.0,100.0,[ 12 219  18],[  0 220   0],21.656407827707714,0.0,100.0,[  4   7 210],[  0   0 220],12.84523257866513,0.0,100.0
57,17,[228   2   6],[220   0   0],10.198039027185569,0.0,100.0,[ 12 234   6],[  0 220   0],19.390719429665317,0.0,100.0,[ 13  19 200],[  0   0 220],30.495901363953813,0.0,100.0
57,18,[234   4  19],[220   0   0],23.93741840717165,0.0,100.0,[ 14 200  13],[  0 220   0],27.65863337187866,0.0,100.0,[ 18   5 201],[  0   0 220],26.645825188948457,0.0,100.0
57,19,[226   4  18],[220   0   0],19.390719429665317,0.0,100.0,[ 14 236   6],[  0 220   0],22.090722034374522,0.0,100.0,[  5  16 206],[  0   0 220],21.840329667841555,0.0,100.0
57,20,[226   7  14],[220   0   0],16.76305461424021,0.0,100.0,[ 10 219   6],[  0 220   0],11.704699910719626,0.0,100.0,[  8  10 226],[  0   0 220],14.142135623730951,0.0,100.0
57,21,[238  19  14],[220   0   0],29.68164415931166,0.0,100.0,[  7 211   6],[  0 220   0],12.884098726725126,0.0,100.0,[  2  15 237],[  0   0 220],22.759613353482084,0.0,100.0
57,22,[206   9  17],[220   0   0],23.790754506740637,0.0,100.0,[ 17 237   5],[  0 220   0],24.55605831561735,0.0,100.0,[ 15   5 227],[  0   0 220],17.291616465790582,0.0,100.0
57,23,[203  15  16],[220   0   0],27.748873851023216,0.0,100.0,[  7 212  17],[  0 220   0],20.049937655763422,0.0,100.0,[ 11  11 225],[  0   0 220],16.34013463836819,0.0,100.0
57,24,[220  15   1],[220   0   0],15.033296378372908,0.0,100.0,[ 11 225  16],[  0 220   0],20.049937655763422,0.0,100.0,[ 12  14 218],[  0   0 220],18.547236990991408,0.0,100.0
57,25,[223  16   7],[220   0   0],17.72004514666935,0.0,100.0,[  4 211  19],[  0 220   0],21.400934559032695,0.0,100.0,[  4  15 210],[  0   0 220],18.466185312619388,0.0,100.0
57,26,[209  19  13],[220   0   0],25.514701644346147,0.0,100.0,[  8 235   5],[  0 220   0],17.72004514666935,0.0,100.0,[ 14   4 228],[  0   0 220],16.61324772583615,0.0,100.0
57,27,[226  16   0],[220   0   0],17.08800749063506,0.0,100.0,[ 19 218   4],[  0 220   0],19.519221295943137,0.0,100.0,[  4   8 207],[  0   0 220],15.7797338380595,0.0,100.0
57,28,[202   6  18],[220   0   0],26.153393661244042,0.0,100.0,[  3 223  15],[  0 220   0],15.588457268119896,0.0,100.0,[  3   3 211],[  0   0 220],9.9498743710662,0.0,100.0
57,29,[218   5  13],[220   0   0],14.071247279470288,0.0,100.0,[ 19 204   9],[  0 220   0],26.419689627245813,0.0,100.0,[ 13  16 239],[  0   0 220],28.035691537752374,0.0,100.0
57,30,[205   1  17],[220   0   0],22.693611435820433,0.0,100.0,[  2 211  16],[  0 220   0],18.466185312619388,0.0,100.0,[  9  17 232],[  0   0 220],22.67156809750927,0.0,100.0
57,31,[234   8  13],[220   0   0],20.71231517720798,0.0,100.0,[ 18 217   2],[  0 220   0],18.35755975068582,0.0,100.0,[  2  14 221],[  0   0 220],14.177446878757825,0.0,100.0
57,32,[218  19  11],[220   0   0],22.045407685048602,0.0,100.0,[  6 236  19],[  0 220   0],25.553864678361276,0.0,100.0,[  8  18 213],[  0   0 220],20.904544960366874,0.0,100.0
57,33,[238  13  13],[220   0   0],25.729360660537214,0.0,100.0,[  8 220  14],[  0 220   0],16.1245154965971,0.0,100.0,[ 11   0 210],[  0   0 220],14.866068747318506,0.0,100.0
57,34,[238   4   0],[220   0   0],18.439088914585774,0.0,100.0,[ 14 220   9],[  0 220   0],16.64331697709324,0.0,100.0,[  1   6 202],[  0   0 220],19.0,0.0,100.0
57,35,[238  18  10],[220   0   0],27.349588662354687,0.0,100.0,[  3 216   8],[  0 220   0],9.433981132056603,0.0,100.0,[  0   4 233],[  0   0 220],13.601470508735444,0.0,100.0
57,36,[233  17   8],[220   0   0],22.847319317591726,0.0,100.0,[  3 200   8],[  0 220   0],21.748563170931547,0.0,100.0,[  3   6 238],[  0   0 220],19.209372712298546,0.0,100.0
57,37,[223   2   6],[220   0   0],7.0,0.0,100.0,[  1 200  16],[  0 220   0],25.632011235952593,0.0,100.0,[  1   9 206],[  0   0 220],16.673332000533065,0.0,100.0
57,38,[228  16   6],[220   0   0],18.867962264113206,0.0,100.0,[ 10 217   3],[  0 220   0],10.862780491200215,0.0,100.0,[  9  11 216],[  0   0 220],14.7648230602334,0.0,100.0
57,39,[224  12   8],[220   0   0],14.966629547095765,0.0,100.0,[  2 227   7],[  0 220   0],10.099504938362077,0.0,100.0,[  2   0 206],[  0   0 220],14.142135623730951,0.0,100.0
57,40,[231  16   7],[220   0   0],20.639767440550294,0.0,100.0,[ 18 201   5],[  0 220   0],26.645825188948457,0.0,100.0,[  4   2 202],[  0   0 220],18.547236990991408,0.0,100.0
57,41,[208   8   7],[220   0   0],16.0312195418814,0.0,100.0,[ 15 204   0],[  0 220   0],21.93171219946131,0.0,100.0,[  7   0 233],[  0   0 220],14.7648230602334,0.0,100.0
57,42,[204  19  10],[220   0   0],26.77685567799177,0.0,100.0,[ 10 210  10],[  0 220   0],17.320508075688775,0.0,100.0,[  0  13 216],[  0   0 220],13.601470508735444,0.0,100.0
57,43,[200  15   7],[220   0   0],25.96150997149434,0.0,100.0,[ 12 226  12],[  0 220   0],18.0,0.0,100.0,[ 15  11 220],[  0   0 220],18.601075237738275,0.0,100.0
57,44,[236   8   5],[220   0   0],18.57417562100671,0.0,100.0,[ 10 214   6],[  0 220   0],13.114877048604,0.0,100.0,[ 12  10 219],[  0   0 220],15.652475842498529,0.0,100.0
57,45,[204  10  16],[220   0   0],24.73863375370596,0.0,100.0,[  4 212   2],[  0 220   0],9.16515138991168,0.0,100.0,[ 12  19 237],[  0   0 220],28.178005607210743,0.0,100.0
57,46,[201   3   9],[220   0   0],21.236760581595302,0.0,100.0,[  6 200   2],[  0 220   0],20.97617696340303,0.0,100.0,[  4   6 234],[  0   0 220],15.748015748023622,0.0,100.0
57,47,[208   0   7],[220   0   0],13.892443989449804,0.0,100.0,[ 15 210   6],[  0 220   0],19.0,0.0,100.0,[  4  16 239],[  0   0 220],25.15949125081825,0.0,100.0
57,48,[201   0   9],[220   0   0],21.02379604162864,0.0,100.0,[  2 201  15],[  0 220   0],24.289915602982237,0.0,100.0,[ 11  12 208],[  0   0 220],20.223748416156685,0.0,100.0
57,49,[217   2  15],[220   0   0],15.427248620541512,0.0,100.0,[ 15 228  11],[  0 220   0],20.248456731316587,0.0,100.0,[ 16   1 234],[  0   0 220],21.283796653792763,0.0,100.0
57,50,[228  17   9],[220   0   0],20.83266665599966,0.0,100.0,[  2 218  13],[  0 220   0],13.30413469565007,0.0,100.0,[ 15  13 203],[  0   0 220],26.13426869074396,0.0,100.0
57,51,[232   5   8],[220   0   0],15.264337522473747,0.0,100.0,[  8 237  18],[  0 220   0],26.019223662515376,0.0,100.0,[ 19   4 210],[  0   0 220],21.840329667841555,0.0,100.0
57,52,[230   9   3],[220   0   0],13.784048752090222,0.0,100.0,[ 14 219   5],[  0 220   0],14.89966442575134,0.0,100.0,[ 18   3 231],[  0   0 220],21.307275752662516,0.0,100.0
57,53,[200  13  14],[220   0   0],27.65863337187866,0.0,100.0,[  6 211  19],[  0 220   0],21.863211109075447,0.0,100.0,[  3   9 236],[  0   0 220],18.601075237738275,0.0,100.0
57,54,[209   6  11],[220   0   0],16.673332000533065,0.0,100.0,[ 17 220   7],[  0 220   0],18.384776310850235,0.0,100.0,[  2  14 233],[  0   0 220],19.209372712298546,0.0,100.0
57,55,[218   8   0],[220   0   0],8.246211251235321,0.0,100.0,[  0 219  10],[  0 220   0],10.04987562112089,0.0,100.0,[  6  19 216],[  0   0 220],20.322401432901575,0.0,100.0
57,56,[208   8   2],[220   0   0],14.560219778561036,0.0,100.0,[  2 237   1],[  0 220   0],17.146428199482248,0.0,100.0,[ 10  19 200],[  0   0 220],29.34280150224242,0.0,100.0
57,57,[218  10  11],[220   0   0],15.0,0.0,100.0,[ 11 228  14],[  0 220   0],19.519221295943137,0.0,100.0,[ 11  18 202],[  0   0 220],27.730849247724095,0.0,100.0
57,58,[220   8   7],[220   0   0],10.63014581273465,0.0,100.0,[  9 225   5],[  0 220   0],11.445523142259598,0.0,100.0,[  2   6 216],[  0   0 220],7.483314773547883,0.0,100.0
57,59,[223  13  16],[220   0   0],20.83266665599966,0.0,100.0,[ 16 207  16],[  0 220   0],26.095976701399778,0.0,100.0,[  6  18 207],[  0   0 220],23.0,0.0,100.0
57,60,[212  10   1],[220   0   0],12.84523257866513,0.0,100.0,[ 19 238   3],[  0 220   0],26.343879744638983,0.0,100.0,[  0   2 231],[  0   0 220],11.180339887498949,0.0,100.0
57,61,[213  14   7],[220   0   0],17.146428199482248,0.0,100.0,[  4 226  19],[  0 220   0],20.322401432901575,0.0,100.0,[  7  15 237],[  0   0 220],23.727621035409346,0.0,100.0
57,62,[223   8   1],[220   0   0],8.602325267042627,0.0,100.0,[ 19 228   2],[  0 220   0],20.71231517720798,0.0,100.0,[  3  11 232],[  0   0 220],16.55294535724685,0.0,100.0
57,63,[221   7  17],[220   0   0],18.411952639521967,0.0,100.0,[ 13 206  12],[  0 220   0],22.561028345356956,0.0,100.0,[  4   6 218],[  0   0 220],7.483314773547883,0.0,100.0
58,0,[208   2   9],[220   0   0],15.132745950421556,0.0,100.0,[  1 209   1],[  0 220   0],11.090536506409418,0.0,100.0,[ 18  14 220],[  0   0 220],22.80350850198276,0.0,100.0
58,1,[222   7   4],[220   0   0],8.306623862918075,0.0,100.0,[  9 209   0],[  0 220   0],14.212670403551895,0.0,100.0,[ 12  17 212],[  0   0 220],22.293496809607955,0.0,100.0
58,2,[209  10   0],[220   0   0],14.866068747318506,0.0,100.0,[  8 206   0],[  0 220   0],16.1245154965971,0.0,100.0,[  2   6 222],[  0   0 220],6.6332495807108,0.0,100.0
58,3,[223  16   1],[220   0   0],16.30950643030009,0.0,100.0,[ 19 206  15],[  0 220   0],27.964262908219126,0.0,100.0,[ 13  11 211],[  0   0 220],19.261360284258224,0.0,100.0
58,4,[225  10   6],[220   0   0],12.68857754044952,0.0,100.0,[  4 211  12],[  0 220   0],15.524174696260024,0.0,100.0,[  5   1 207],[  0   0 220],13.96424004376894,0.0,100.0
58,5,[201   3   4],[220   0   0],19.6468827043885,0.0,100.0,[ 13 236  16],[  0 220   0],26.095976701399778,0.0,100.0,[ 18  14 206],[  0   0 220],26.758176320519304,0.0,100.0
58,6,[231   1   1],[220   0   0],11.090536506409418,0.0,100.0,[  0 237   3],[  0 220   0],17.26267650163207,0.0,100.0,[  9  12 221],[  0   0 220],15.033296378372908,0.0,100.0
58,7,[220  16   8],[220   0   0],17.88854381999832,0.0,100.0,[ 11 217   1],[  0 220   0],11.445523142259598,0.0,100.0,[ 10   7 207],[  0   0 220],17.832554500127006,0.0,100.0
58,8,[203   6  14],[220   0   0],22.825424421026653,0.0,100.0,[  5 201  14],[  0 220   0],24.124676163629637,0.0,100.0,[ 18  10 206],[  0   0 220],24.899799195977465,0.0,100.0
58,9,[220  16   0],[220   0   0],16.0,0.0,100.0,[ 10 232  12],[  0 220   0],19.697715603592208,0.0,100.0,[  8  16 234],[  0   0 220],22.715633383201094,0.0,100.0
58,10,[227   8  10],[220   0   0],14.594519519326424,0.0,100.0,[ 12 235  16],[  0 220   0],25.0,0.0,100.0,[ 18   8 215],[  0   0 220],20.322401432901575,0.0,100.0
58,11,[222   3   7],[220   0   0],7.874007874011811,0.0,100.0,[  6 205   1],[  0 220   0],16.186414056238647,0.0,100.0,[  4   3 204],[  0   0 220],16.76305461424021,0.0,100.0
58,12,[201  14   7],[220   0   0],24.61706725018234,0.0,100.0,[ 11 216   7],[  0 220   0],13.638181696985855,0.0,100.0,[  3  10 227],[  0   0 220],12.569805089976535,0.0,100.0
58,13,[218  11  17],[220   0   0],20.346989949375804,0.0,100.0,[  7 212  10],[  0 220   0],14.594519519326424,0.0,100.0,[ 11   5 219],[  0   0 220],12.12435565298214,0.0,100.0
58,14,[208  13  15],[220   0   0],23.194827009486403,0.0,100.0,[  7 238  19],[  0 220   0],27.09243436828813,0.0,100.0,[  7   4 205],[  0   0 220],17.029386365926403,0.0,100.0
58,15,[239   7  19],[220   0   0],27.76688675382964,0.0,100.0,[  1 228  11],[  0 220   0],13.638181696985855,0.0,100.0,[ 18   0 228],[  0   0 220],19.697715603592208,0.0,100.0
58,16,[222   4  15],[220   0   0],15.652475842498529,0.0,100.0,[  8 209   7],[  0 220   0],15.297058540778355,0.0,100.0,[ 19   9 200],[  0   0 220],29.017236257093817,0.0,100.0
58,17,[206  10   4],[220   0   0],17.663521732655695,0.0,100.0,[ 17 216   3],[  0 220   0],17.72004514666935,0.0,100.0,[ 18  16 205],[  0   0 220],28.372521918222215,0.0,100.0
58,18,[206   0  15],[220   0   0],20.518284528683193,0.0,100.0,[ 18 220  16],[  0 220   0],24.08318915758459,0.0,100.0,[  4  18 208],[  0   0 220],22.0,0.0,100.0
58,19,[217   5  11],[220   0   0],12.449899597988733,0.0,100.0,[  4 228   2],[  0 220   0],9.16515138991168,0.0,100.0,[  8   5 227],[  0   0 220],11.74734012447073,0.0,100.0
58,20,[224  16  19],[220   0   0],25.15949125081825,0.0,100.0,[  6 215  15],[  0 220   0],16.911534525287763,0.0,100.0,[ 19   2 207],[  0   0 220],23.108440016582687,0.0,100.0
58,21,[218   3   4],[220   0   0],5.385164807134504,0.0,100.0,[  7 209   1],[  0 220   0],13.076696830622021,0.0,100.0,[ 16   3 219],[  0   0 220],16.30950643030009,0.0,100.0
58,22,[230   8   2],[220   0   0],12.96148139681572,0.0,100.0,[ 18 222   5],[  0 220   0],18.788294228055936,0.0,100.0,[ 19  15 200],[  0   0 220],31.400636936215164,0.0,100.0
58,23,[230  19   6],[220   0   0],22.293496809607955,0.0,100.0,[  5 214  11],[  0 220   0],13.490737563232042,0.0,100.0,[ 19  18 230],[  0   0 220],28.0178514522438,0.0,100.0
58,24,[203  14   4],[220   0   0],22.38302928559939,0.0,100.0,[  5 223  16],[  0 220   0],17.029386365926403,0.0,100.0,[  2   7 202],[  0   0 220],19.4164878389476,0.0,100.0
58,25,[216  17  15],[220   0   0],23.021728866442675,0.0,100.0,[  4 200   2],[  0 220   0],20.493901531919196,0.0,100.0,[ 17  13 226],[  0   0 220],22.22611077089287,0.0,100.0
58,26,[231  16  19],[220   0   0],27.16615541441225,0.0,100.0,[ 19 232   7],[  0 220   0],23.53720459187964,0.0,100.0,[  0  16 224],[  0   0 220],16.492422502470642,0.0,100.0
58,27,[205   9   3],[220   0   0],17.74823934929885,0.0,100.0,[  3 238  12],[  0 220   0],21.840329667841555,0.0,100.0,[ 19   9 209],[  0   0 220],23.727621035409346,0.0,100.0
58,28,[230  13   0],[220   0   0],16.401219466856727,0.0,100.0,[  9 214   6],[  0 220   0],12.36931687685298,0.0,100.0,[  8  13 239],[  0   0 220],24.372115213907882,0.0,100.0
58,29,[215   6  15],[220   0   0],16.911534525287763,0.0,100.0,[ 15 207  13],[  0 220   0],23.727621035409346,0.0,100.0,[ 19  19 203],[  0   0 220],31.796226191169293,0.0,100.0
58,30,[201  11   2],[220   0   0],22.045407685048602,0.0,100.0,[ 12 215   6],[  0 220   0],14.317821063276353,0.0,100.0,[  8  14 220],[  0   0 220],16.1245154965971,0.0,100.0
58,31,[226   5  13],[220   0   0],15.165750888103101,0.0,100.0,[ 14 239   9],[  0 220   0],25.25866188063018,0.0,100.0,[  6   8 202],[  0   0 220],20.591260281974,0.0,100.0
58,32,[215   1  15],[220   0   0],15.84297951775486,0.0,100.0,[  9 225  12],[  0 220   0],15.811388300841896,0.0,100.0,[  5  18 224],[  0   0 220],19.1049731745428,0.0,100.0
58,33,[216   5  16],[220   0   0],17.233687939614086,0.0,100.0,[ 12 230   0],[  0 220   0],15.620499351813308,0.0,100.0,[ 18   3 229],[  0   0 220],20.346989949375804,0.0,100.0
58,34,[200  11   2],[220   0   0],22.9128784747792,0.0,100.0,[ 17 235   6],[  0 220   0],23.45207879911715,0.0,100.0,[ 12   5 227],[  0   0 220],14.7648230602334,0.0,100.0
58,35,[235   3  15],[220   0   0],21.42428528562855,0.0,100.0,[  3 230   6],[  0 220   0],12.041594578792296,0.0,100.0,[ 13  10 231],[  0   0 220],19.748417658131498,0.0,100.0
58,36,[203   7   6],[220   0   0],19.339079605813716,0.0,100.0,[  2 203   5],[  0 220   0],17.832554500127006,0.0,100.0,[ 13   5 203],[  0   0 220],21.97726097583591,0.0,100.0
58,37,[230  19  16],[220   0   0],26.77685567799177,0.0,100.0,[ 13 230  17],[  0 220   0],23.62202362203543,0.0,100.0,[ 17  16 228],[  0   0 220],24.677925358506133,0.0,100.0
58,38,[226  15  11],[220   0   0],19.544820285692065,0.0,100.0,[  4 232  13],[  0 220   0],18.138357147217054,0.0,100.0,[ 15   0 208],[  0   0 220],19.209372712298546,0.0,100.0
58,39,[215   7  15],[220   0   0],17.291616465790582,0.0,100.0,[ 15 224   1],[  0 220   0],15.556349186104045,0.0,100.0,[ 14   2 212],[  0   0 220],16.24807680927192,0.0,100.0
58,40,[213   3  16],[220   0   0],17.72004514666935,0.0,100.0,[ 18 214  19],[  0 220   0],26.851443164195103,0.0,100.0,[ 15  18 218],[  0   0 220],23.515952032609693,0.0,100.0
58,41,[231   0  10],[220   0   0],14.866068747318506,0.0,100.0,[  6 202   2],[  0 220   0],19.078784028338912,0.0,100.0,[  9  15 217],[  0   0 220],17.74823934929885,0.0,100.0
58,42,[236   0  11],[220   0   0],19.4164878389476,0.0,100.0,[  9 231   0],[  0 220   0],14.212670403551895,0.0,100.0,[  3   4 215],[  0   0 220],7.0710678118654755,0.0,100.0
58,43,[222  18   5],[220   0   0],18.788294228055936,0.0,100.0,[ 13 225   2],[  0 220   0],14.071247279470288,0.0,100.0,[ 12   3 207],[  0   0 220],17.944358444926362,0.0,100.0
58,44,[218  16  11],[220   0   0],19.519221295943137,0.0,100.0,[ 14 226  13],[  0 220   0],20.024984394500787,0.0,100.0,[ 10   0 212],[  0   0 220],12.806248474865697,0.0,100.0
58,45,[210   7   5],[220   0   0],13.19090595827292,0.0,100.0,[  5 237  15],[  0 220   0],23.2163735324878,0.0,100.0,[  8  13 215],[  0   0 220],16.06237840420901,0.0,100.0
58,46,[223  18  11],[220   0   0],21.307275752662516,0.0,100.0,[ 18 217  10],[  0 220   0],20.808652046684813,0.0,100.0,[  2   6 218],[  0   0 220],6.6332495807108,0.0,100.0
58,47,[227   2  14],[220   0   0],15.7797338380595,0.0,100.0,[ 13 210  17],[  0 220   0],23.62202362203543,0.0,100.0,[ 11   7 222],[  0   0 220],13.19090595827292,0.0,100.0
58,48,[211  11   1],[220   0   0],14.247806848775006,0.0,100.0,[  5 231  11],[  0 220   0],16.34013463836819,0.0,100.0,[  5  14 233],[  0   0 220],19.748417658131498,0.0,100.0
58,49,[203  18  16],[220   0   0],29.478805945967352,0.0,100.0,[ 18 229   4],[  0 220   0],20.518284528683193,0.0,100.0,[  4   5 231],[  0   0 220],12.727922061357855,0.0,100.0
58,50,[206   4  17],[220   0   0],22.38302928559939,0.0,100.0,[ 11 222  19],[  0 220   0],22.045407685048602,0.0,100.0,[  8  19 213],[  0   0 220],21.77154105707724,0.0,100.0
58,51,[235   3  12],[220   0   0],19.44222209522358,0.0,100.0,[  9 203   5],[  0 220   0],19.87460691435179,0.0,100.0,[  5  18 211],[  0   0 220],20.73644135332772,0.0,100.0
58,52,[218   2  18],[220   0   0],18.2208671582886,0.0,100.0,[  7 230   8],[  0 220   0],14.594519519326424,0.0,100.0,[  0  12 237],[  0   0 220],20.808652046684813,0.0,100.0
58,53,[208  13  12],[220   0   0],21.37755832643195,0.0,100.0,[  6 214  12],[  0 220   0],14.696938456699069,0.0,100.0,[ 11   3 214],[  0   0 220],12.884098726725126,0.0,100.0
58,54,[220   4   2],[220   0   0],4.47213595499958,0.0,100.0,[ 19 229   8],[  0 220   0],22.494443758403985,0.0,100.0,[ 10  12 233],[  0   0 220],20.322401432901575,0.0,100.0
58,55,[220  18  15],[220   0   0],23.430749027719962,0.0,100.0,[ 10 222   3],[  0 220   0],10.63014581273465,0.0,100.0,[ 11  10 230],[  0   0 220],17.916472867168917,0.0,100.0
58,56,[216  11  12],[220   0   0],16.76305461424021,0.0,100.0,[ 14 214  10],[  0 220   0],18.2208671582886,0.0,100.0,[ 11  14 205],[  0   0 220],23.280893453645632,0.0,100.0
58,57,[215   6   9],[220   0   0],11.916375287812984,0.0,100.0,[ 18 214   4],[  0 220   0],19.390719429665317,0.0,100.0,[ 16  19 202],[  0   0 220],30.675723300355934,0.0,100.0
58,58,[212  18   1],[220   0   0],19.72308292331602,0.0,100.0,[  8 222   2],[  0 220   0],8.48528137423857,0.0,100.0,[ 16   6 216],[  0   0 220],17.549928774784245,0.0,100.0
58,59,[211   5  19],[220   0   0],21.61018278497431,0.0,100.0,[ 15 234  16],[  0 220   0],26.019223662515376,0.0,100.0,[ 11   2 200],[  0   0 220],22.9128784747792,0.0,100.0
58,60,[208  12   2],[220   0   0],17.08800749063506,0.0,100.0,[  1 211  16],[  0 220   0],18.384776310850235,0.0,100.0,[  9  18 205],[  0   0 220],25.099800796022265,0.0,100.0
58,61,[223   5  10],[220   0   0],11.575836902790225,0.0,100.0,[ 13 211  12],[  0 220   0],19.849433241279208,0.0,100.0,[  3   3 223],[  0   0 220],5.196152422706632,0.0,100.0
58,62,[222  11   4],[220   0   0],11.874342087037917,0.0,100.0,[  7 226  18],[  0 220   0],20.223748416156685,0.0,100.0,[ 10  16 237],[  0   0 220],25.39685019840059,0.0,100.0
58,63,[203   6  12],[220   0   0],21.656407827707714,0.0,100.0,[  8 212   4],[  0 220   0],12.0,0.0,100.0,[  4   8 224],[  0   0 220],9.797958971132712,0.0,100.0
59,0,[213  12   6],[220   0   0],15.132745950421556,0.0,100.0,[  1 215   8],[  0 220   0],9.486832980505138,0.0,100.0,[ 15  14 204],[  0   0 220],26.019223662515376,0.0,100.0
59,1,[203   1  15],[220   0   0],22.693611435820433,0.0,100.0,[ 14 223   6],[  0 220   0],15.524174696260024,0.0,100.0,[ 11  17 233],[  0   0 220],24.06241883103193,0.0,100.0
59,2,[212   2   8],[220   0   0],11.489125293076057,0.0,100.0,[ 18 222  15],[  0 220   0],23.515952032609693,0.0,100.0,[ 17   5 221],[  0   0 220],17.74823934929885,0.0,100.0
59,3,[206  18   2],[220   0   0],22.891046284519195,0.0,100.0,[  8 216   1],[  0 220   0],9.0,0.0,100.0,[  9  13 205],[  0   0 220],21.79449471770337,0.0,100.0
59,4,[218  14  19],[220   0   0],23.68543856465402,0.0,100.0,[  7 235  19],[  0 220   0],25.199206336708304,0.0,100.0,[ 14  12 216],[  0   0 220],18.867962264113206,0.0,100.0
59,5,[214  12  13],[220   0   0],18.681541692269406,0.0,100.0,[  7 213   8],[  0 220   0],12.727922061357855,0.0,100.0,[ 14  15 214],[  0   0 220],21.37755832643195,0.0,100.0
59,6,[233   3   1],[220   0   0],13.379088160259652,0.0,100.0,[  7 219   9],[  0 220   0],11.445523142259598,0.0,100.0,[ 19   9 205],[  0   0 220],25.826343140289914,0.0,100.0
59,7,[209   9   1],[220   0   0],14.247806848775006,0.0,100.0,[  8 204   7],[  0 220   0],19.209372712298546,0.0,100.0,[  5   0 226],[  0   0 220],7.810249675906654,0.0,100.0
59,8,[223   6  16],[220   0   0],17.349351572897472,0.0,100.0,[  2 237  14],[  0 220   0],22.11334438749598,0.0,100.0,[  1   1 203],[  0   0 220],17.05872210923198,0.0,100.0
59,9,[218   8   3],[220   0   0],8.774964387392123,0.0,100.0,[  7 200  13],[  0 220   0],24.859605789312106,0.0,100.0,[ 16  16 237],[  0   0 220],28.30194339616981,0.0,100.0
59,10,[234   3   1],[220   0   0],14.352700094407323,0.0,100.0,[  4 219   1],[  0 220   0],4.242640687119285,0.0,100.0,[  2   5 202],[  0   0 220],18.788294228055936,0.0,100.0
59,11,[215  13   5],[220   0   0],14.798648586948742,0.0,100.0,[ 16 234  18],[  0 220   0],27.85677655436824,0.0,100.0,[  8  16 223],[  0   0 220],18.138357147217054,0.0,100.0
59,12,[224   4  18],[220   0   0],18.867962264113206,0.0,100.0,[ 10 238   1],[  0 220   0],20.615528128088304,0.0,100.0,[  5   3 210],[  0   0 220],11.575836902790225,0.0,100.0
59,13,[208   1   6],[220   0   0],13.45362404707371,0.0,100.0,[ 13 232  14],[  0 220   0],22.561028345356956,0.0,100.0,[ 14   0 213],[  0   0 220],15.652475842498529,0.0,100.0
59,14,[223  16  19],[220   0   0],25.019992006393608,0.0,100.0,[  4 227  17],[  0 220   0],18.81488772222678,0.0,100.0,[ 13   7 223],[  0   0 220],15.066519173319364,0.0,100.0
59,15,[210  13  14],[220   0   0],21.563858652847824,0.0,100.0,[  7 223  15],[  0 220   0],16.822603841260722,0.0,100.0,[ 10   3 220],[  0   0 220],10.44030650891055,0.0,100.0
59,16,[227   6  12],[220   0   0],15.132745950421556,0.0,100.0,[  1 226   8],[  0 220   0],10.04987562112089,0.0,100.0,[ 19   0 222],[  0   0 220],19.1049731745428,0.0,100.0
59,17,[213   8  19],[220   0   0],21.77154105707724,0.0,100.0,[ 18 204   9],[  0 220   0],25.709920264364882,0.0,100.0,[  7   1 239],[  0   0 220],20.273134932713294,0.0,100.0
59,18,[220   0   4],[220   0   0],4.0,0.0,100.0,[  9 239   2],[  0 220   0],21.118712081942874,0.0,100.0,[  9  12 228],[  0   0 220],17.0,0.0,100.0
59,19,[212   6  18],[220   0   0],20.591260281974,0.0,100.0,[  5 207   7],[  0 220   0],15.588457268119896,0.0,100.0,[  0  10 204],[  0   0 220],18.867962264113206,0.0,100.0
59,20,[203   2   1],[220   0   0],17.146428199482248,0.0,100.0,[  6 214   5],[  0 220   0],9.848857801796104,0.0,100.0,[ 12   2 212],[  0   0 220],14.560219778561036,0.0,100.0
59,21,[210  10   6],[220   0   0],15.362291495737216,0.0,100.0,[  0 214   2],[  0 220   0],6.324555320336759,0.0,100.0,[  1  10 228],[  0   0 220],12.84523257866513,0.0,100.0
59,22,[213  14  19],[220   0   0],24.61706725018234,0.0,100.0,[  1 220   0],[  0 220   0],1.0,0.0,100.0,[  6  15 201],[  0   0 220],24.939927826679853,0.0,100.0
59,23,[230   1   3],[220   0   0],10.488088481701515,0.0,100.0,[  3 202   5],[  0 220   0],18.920887928424502,0.0,100.0,[ 18   5 213],[  0   0 220],19.949937343260004,0.0,100.0
59,24,[207  12  17],[220   0   0],24.535688292770594,0.0,100.0,[ 10 224  19],[  0 220   0],21.840329667841555,0.0,100.0,[  1  14 221],[  0   0 220],14.071247279470288,0.0,100.0
59,25,[223   0   9],[220   0   0],9.486832980505138,0.0,100.0,[  6 206   0],[  0 220   0],15.231546211727817,0.0,100.0,[  4  18 209],[  0   0 220],21.470910553583888,0.0,100.0
59,26,[208   9   8],[220   0   0],17.0,0.0,100.0,[ 17 236   1],[  0 220   0],23.366642891095847,0.0,100.0,[  1   8 205],[  0   0 220],17.029386365926403,0.0,100.0
59,27,[219  17   5],[220   0   0],17.74823934929885,0.0,100.0,[  0 209  11],[  0 220   0],15.556349186104045,0.0,100.0,[  0  10 217],[  0   0 220],10.44030650891055,0.0,100.0
59,28,[202  11  17],[220   0   0],27.09243436828813,0.0,100.0,[ 12 229   2],[  0 220   0],15.132745950421556,0.0,100.0,[ 19  12 236],[  0   0 220],27.586228448267445,0.0,100.0
59,29,[217   5   9],[220   0   0],10.723805294763608,0.0,100.0,[ 13 202  17],[  0 220   0],27.964262908219126,0.0,100.0,[ 12  19 213],[  0   0 220],23.53720459187964,0.0,100.0
59,30,[228  17  19],[220   0   0],26.720778431774775,0.0,100.0,[  4 233  12],[  0 220   0],18.138357147217054,0.0,100.0,[ 15  18 237],[  0   0 220],28.948229652260256,0.0,100.0
59,31,[201  15   3],[220   0   0],24.392621835300936,0.0,100.0,[  1 229  18],[  0 220   0],20.149441679609886,0.0,100.0,[ 12  11 205],[  0   0 220],22.135943621178654,0.0,100.0
59,32,[239  12  17],[220   0   0],28.178005607210743,0.0,100.0,[ 19 202  14],[  0 220   0],29.68164415931166,0.0,100.0,[ 17   9 220],[  0   0 220],19.235384061671343,0.0,100.0
59,33,[214  18  16],[220   0   0],24.819347291981714,0.0,100.0,[ 19 229   1],[  0 220   0],21.047565179849187,0.0,100.0,[  2   4 203],[  0   0 220],17.578395831246947,0.0,100.0
59,34,[211   5  19],[220   0   0],21.61018278497431,0.0,100.0,[ 11 200   2],[  0 220   0],22.9128784747792,0.0,100.0,[  1   2 219],[  0   0 220],2.449489742783178,0.0,100.0
59,35,[233  10   1],[220   0   0],16.431676725154983,0.0,100.0,[  5 208  18],[  0 220   0],22.20360331117452,0.0,100.0,[  8   2 233],[  0   0 220],15.394804318340652,0.0,100.0
59,36,[205   6   6],[220   0   0],17.233687939614086,0.0,100.0,[ 13 212   1],[  0 220   0],15.297058540778355,0.0,100.0,[  1   6 220],[  0   0 220],6.082762530298219,0.0,100.0
59,37,[209   2   5],[220   0   0],12.24744871391589,0.0,100.0,[  5 207  19],[  0 220   0],23.558437978779494,0.0,100.0,[ 19  13 200],[  0   0 220],30.495901363953813,0.0,100.0
59,38,[230   8  17],[220   0   0],21.283796653792763,0.0,100.0,[  5 206   8],[  0 220   0],16.881943016134134,0.0,100.0,[ 12  14 202],[  0   0 220],25.768197453450252,0.0,100.0
59,39,[206   8  19],[220   0   0],24.919871588754223,0.0,100.0,[ 15 231  16],[  0 220   0],24.535688292770594,0.0,100.0,[ 10   0 211],[  0   0 220],13.45362404707371,0.0,100.0
59,40,[238  12   8],[220   0   0],23.065125189341593,0.0,100.0,[ 17 209   3],[  0 220   0],20.46948949045872,0.0,100.0,[ 19  11 210],[  0   0 220],24.124676163629637,0.0,100.0
59,41,[201  11   4],[220   0   0],22.315913604421397,0.0,100.0,[  0 222  16],[  0 220   0],16.1245154965971,0.0,100.0,[ 19   6 202],[  0   0 220],26.851443164195103,0.0,100.0
59,42,[210   5  14],[220   0   0],17.916472867168917,0.0,100.0,[  9 224  11],[  0 220   0],14.7648230602334,0.0,100.0,[  9   5 224],[  0   0 220],11.045361017187261,0.0,100.0
59,43,[224  13  19],[220   0   0],23.366642891095847,0.0,100.0,[ 10 221  15],[  0 220   0],18.05547008526779,0.0,100.0,[  5   3 211],[  0   0 220],10.723805294763608,0.0,100.0
59,44,[220  14   8],[220   0   0],16.1245154965971,0.0,100.0,[ 17 232   8],[  0 220   0],22.293496809607955,0.0,100.0,[  2  10 210],[  0   0 220],14.2828568570857,0.0,100.0
59,45,[237   8  16],[220   0   0],24.677925358506133,0.0,100.0,[ 10 219  10],[  0 220   0],14.177446878757825,0.0,100.0,[  6  13 221],[  0   0 220],14.352700094407323,0.0,100.0
59,46,[215  17   0],[220   0   0],17.72004514666935,0.0,100.0,[ 15 203   5],[  0 220   0],23.2163735324878,0.0,100.0,[  4  10 227],[  0   0 220],12.84523257866513,0.0,100.0
59,47,[221  14  12],[220   0   0],18.466185312619388,0.0,100.0,[  0 218   3],[  0 220   0],3.605551275463989,0.0,100.0,[  0   8 238],[  0   0 220],19.697715603592208,0.0,100.0
59,48,[213   6  12],[220   0   0],15.132745950421556,0.0,100.0,[  6 237  12],[  0 220   0],21.656407827707714,0.0,100.0,[ 15   2 225],[  0   0 220],15.937377450509228,0.0,100.0
59,49,[213   7  14],[220   0   0],17.146428199482248,0.0,100.0,[ 10 235  18],[  0 220   0],25.475478405713993,0.0,100.0,[ 13  10 212],[  0   0 220],18.24828759089466,0.0,100.0
59,50,[230   2   0],[220   0   0],10.198039027185569,0.0,100.0,[ 15 221  13],[  0 220   0],19.87460691435179,0.0,100.0,[ 17   6 205],[  0   0 220],23.45207879911715,0.0,100.0
59,51,[213   5   8],[220   0   0],11.74734012447073,0.0,100.0,[ 10 222  14],[  0 220   0],17.320508075688775,0.0,100.0,[ 10  14 217],[  0   0 220],17.46424919657298,0.0,100.0
59,52,[206  14  19],[220   0   0],27.440845468024488,0.0,100.0,[  3 228  17],[  0 220   0],19.026297590440446,0.0,100.0,[ 14  19 234],[  0   0 220],27.440845468024488,0.0,100.0
59,53,[206   5  10],[220   0   0],17.916472867168917,0.0,100.0,[ 19 209  18],[  0 220   0],28.39013913315678,0.0,100.0,[  8  12 208],[  0   0 220],18.76166303929372,0.0,100.0
59,54,[208   7   0],[220   0   0],13.892443989449804,0.0,100.0,[ 19 211   4],[  0 220   0],21.400934559032695,0.0,100.0,[  3   3 211],[  0   0 220],9.9498743710662,0.0,100.0
59,55,[214   3   8],[220   0   0],10.44030650891055,0.0,100.0,[  2 212  12],[  0 220   0],14.560219778561036,0.0,100.0,[  9   6 232],[  0   0 220],16.15549442140351,0.0,100.0
59,56,[205   6  14],[220   0   0],21.37755832643195,0.0,100.0,[ 18 211   6],[  0 220   0],21.0,0.0,100.0,[  0  18 207],[  0   0 220],22.20360331117452,0.0,100.0
59,57,[211   6   8],[220   0   0],13.45362404707371,0.0,100.0,[ 18 236   8],[  0 220   0],25.37715508089904,0.0,100.0,[ 13   8 235],[  0   0 220],21.400934559032695,0.0,100.0
59,58,[206   7   4],[220   0   0],16.15549442140351,0.0,100.0,[  5 214  11],[  0 220   0],13.490737563232042,0.0,100.0,[  4   4 238],[  0   0 220],18.867962264113206,0.0,100.0
59,59,[222  15   1],[220   0   0],15.165750888103101,0.0,100.0,[ 12 216  12],[  0 220   0],17.435595774162696,0.0,100.0,[ 17   6 225],[  0   0 220],18.708286933869708,0.0,100.0
59,60,[214   0  13],[220   0   0],14.317821063276353,0.0,100.0,[ 12 225  13],[  0 220   0],18.384776310850235,0.0,100.0,[  7   5 200],[  0   0 220],21.77154105707724,0.0,100.0
59,61,[230  10  13],[220   0   0],19.209372712298546,0.0,100.0,[ 13 208  17],[  0 220   0],24.535688292770594,0.0,100.0,[ 19  13 231],[  0   0 220],25.514701644346147,0.0,100.0
59,62,[207  11   3],[220   0   0],17.291616465790582,0.0,100.0,[ 18 214   4],[  0 220   0],19.390719429665317,0.0,100.0,[  9  16 200],[  0   0 220],27.147743920996454,0.0,100.0
59,63,[222  11  16],[220   0   0],19.519221295943137,0.0,100.0,[  1 227  10],[  0 220   0],12.24744871391589,0.0,100.0,[ 11  15 235],[  0   0 220],23.895606290697042,0.0,100.0
60,0,[204   2  16],[220   0   0],22.715633383201094,0.0,100.0,[ 19 236   7],[  0 220   0],25.80697580112788,0.0,100.0,[ 17   5 216],[  0   0 220],18.16590212458495,0.0,100.0
60,1,[211   3   2],[220   0   0],9.695359714832659,0.0,100.0,[  4 227  12],[  0 220   0],14.45683229480096,0.0,100.0,[ 12  19 219],[  0   0 220],22.494443758403985,0.0,100.0
60,2,[225   9  14],[220   0   0],17.378147196982766,0.0,100.0,[  0 233   1],[  0 220   0],13.038404810405298,0.0,100.0,[  5   7 205],[  0   0 220],17.291616465790582,0.0,100.0
60,3,[206  10   4],[220   0   0],17.663521732655695,0.0,100.0,[ 18 216  18],[  0 220   0],25.768197453450252,0.0,100.0,[  5  14 230],[  0   0 220],17.916472867168917,0.0,100.0
60,4,[207  18  10],[220   0   0],24.351591323771842,0.0,100.0,[  1 232   0],[  0 220   0],12.041594578792296,0.0,100.0,[  9   1 238],[  0   0 220],20.149441679609886,0.0,100.0
60,5,[204  14   8],[220   0   0],22.715633383201094,0.0,100.0,[ 15 231  18],[  0 220   0],25.88435821108957,0.0,100.0,[ 11   8 207],[  0   0 220],18.81488772222678,0.0,100.0
60,6,[226  17  18],[220   0   0],25.475478405713993,0.0,100.0,[  5 226  16],[  0 220   0],17.804493814764857,0.0,100.0,[  8  15 232],[  0   0 220],20.808652046684813,0.0,100.0
60,7,[229  12  10],[220   0   0],18.027756377319946,0.0,100.0,[ 11 214   2],[  0 220   0],12.68857754044952,0.0,100.0,[ 10  16 234],[  0   0 220],23.49468024894146,0.0,100.0
60,8,[203  14  18],[220   0   0],28.442925306655784,0.0,100.0,[  7 238  18],[  0 220   0],26.40075756488817,0.0,100.0,[ 10  13 229],[  0   0 220],18.708286933869708,0.0,100.0
60,9,[217  11   9],[220   0   0],14.52583904633395,0.0,100.0,[  8 219   7],[  0 220   0],10.677078252031311,0.0,100.0,[ 14   8 234],[  0   0 220],21.354156504062622,0.0,100.0
60,10,[235  16  11],[220   0   0],24.535688292770594,0.0,100.0,[  9 215  12],[  0 220   0],15.811388300841896,0.0,100.0,[ 17  19 223],[  0   0 220],25.67099530598687,0.0,100.0
60,11,[215  17   1],[220   0   0],17.74823934929885,0.0,100.0,[  3 220   4],[  0 220   0],5.0,0.0,100.0,[  0  12 201],[  0   0 220],22.47220505424423,0.0,100.0
60,12,[229  11  18],[220   0   0],22.93468988235943,0.0,100.0,[  9 208  10],[  0 220   0],18.027756377319946,0.0,100.0,[  5  12 217],[  0   0 220],13.341664064126334,0.0,100.0
60,13,[213   6  10],[220   0   0],13.601470508735444,0.0,100.0,[ 19 213   3],[  0 220   0],20.46948949045872,0.0,100.0,[  4  14 202],[  0   0 220],23.15167380558045,0.0,100.0
60,14,[221  15  10],[220   0   0],18.05547008526779,0.0,100.0,[  7 202   5],[  0 220   0],19.949937343260004,0.0,100.0,[ 13  18 227],[  0   0 220],23.280893453645632,0.0,100.0
60,15,[215  10   6],[220   0   0],12.68857754044952,0.0,100.0,[ 19 205   3],[  0 220   0],24.392621835300936,0.0,100.0,[ 12  18 228],[  0   0 220],23.065125189341593,0.0,100.0
60,16,[227  11  11],[220   0   0],17.05872210923198,0.0,100.0,[  4 233  17],[  0 220   0],21.77154105707724,0.0,100.0,[  0   5 203],[  0   0 220],17.72004514666935,0.0,100.0
60,17,[215   2  14],[220   0   0],15.0,0.0,100.0,[  5 231  17],[  0 220   0],20.85665361461421,0.0,100.0,[ 18  18 228],[  0   0 220],26.68332812825267,0.0,100.0
60,18,[239   1  14],[220   0   0],23.62202362203543,0.0,100.0,[ 13 220   0],[  0 220   0],13.0,0.0,100.0,[  4   7 232],[  0   0 220],14.45683229480096,0.0,100.0
60,19,[207   3  11],[220   0   0],17.291616465790582,0.0,100.0,[  6 224   3],[  0 220   0],7.810249675906654,0.0,100.0,[ 16  18 222],[  0   0 220],24.166091947189145,0.0,100.0
60,20,[229  18   0],[220   0   0],20.12461179749811,0.0,100.0,[ 15 200  19],[  0 220   0],31.400636936215164,0.0,100.0,[ 16  14 233],[  0   0 220],24.919871588754223,0.0,100.0
60,21,[204  10  14],[220   0   0],23.49468024894146,0.0,100.0,[  2 208  13],[  0 220   0],17.804493814764857,0.0,100.0,[ 12   4 225],[  0   0 220],13.601470508735444,0.0,100.0
60,22,[219   2   9],[220   0   0],9.273618495495704,0.0,100.0,[  6 208   0],[  0 220   0],13.416407864998739,0.0,100.0,[ 13   6 208],[  0   0 220],18.681541692269406,0.0,100.0
60,23,[200  11  11],[220   0   0],25.337718918639855,0.0,100.0,[ 13 231  17],[  0 220   0],24.06241883103193,0.0,100.0,[  5   9 223],[  0   0 220],10.723805294763608,0.0,100.0
60,24,[206   0  11],[220   0   0],17.804493814764857,0.0,100.0,[  6 227   1],[  0 220   0],9.273618495495704,0.0,100.0,[  9  17 239],[  0   0 220],27.03701166919155,0.0,100.0
60,25,[217   1   8],[220   0   0],8.602325267042627,0.0,100.0,[ 15 204   6],[  0 220   0],22.737634001804146,0.0,100.0,[ 17  19 239],[  0   0 220],31.796226191169293,0.0,100.0
60,26,[218   3   8],[220   0   0],8.774964387392123,0.0,100.0,[  8 231  14],[  0 220   0],19.519221295943137,0.0,100.0,[  7   2 217],[  0   0 220],7.874007874011811,0.0,100.0
60,27,[233  10  12],[220   0   0],20.322401432901575,0.0,100.0,[ 15 200  17],[  0 220   0],30.23243291566195,0.0,100.0,[  4   7 208],[  0   0 220],14.45683229480096,0.0,100.0
60,28,[221  13   1],[220   0   0],13.076696830622021,0.0,100.0,[  0 236  11],[  0 220   0],19.4164878389476,0.0,100.0,[  1   1 238],[  0   0 220],18.05547008526779,0.0,100.0
60,29,[200   6  16],[220   0   0],26.30589287593181,0.0,100.0,[ 10 238  13],[  0 220   0],24.351591323771842,0.0,100.0,[ 13  12 234],[  0   0 220],22.561028345356956,0.0,100.0
60,30,[220   1  15],[220   0   0],15.033296378372908,0.0,100.0,[ 13 227  13],[  0 220   0],19.672315572906,0.0,100.0,[  6  13 224],[  0   0 220],14.866068747318506,0.0,100.0
60,31,[236   2   7],[220   0   0],17.578395831246947,0.0,100.0,[ 14 213  13],[  0 220   0],20.346989949375804,0.0,100.0,[ 15   0 230],[  0   0 220],18.027756377319946,0.0,100.0
60,32,[233  17   8],[220   0   0],22.847319317591726,0.0,100.0,[ 18 218   0],[  0 220   0],18.110770276274835,0.0,100.0,[  4  11 228],[  0   0 220],14.177446878757825,0.0,100.0
60,33,[215  15  17],[220   0   0],23.2163735324878,0.0,100.0,[ 12 225   5],[  0 220   0],13.92838827718412,0.0,100.0,[ 12   2 239],[  0   0 220],22.561028345356956,0.0,100.0
60,34,[202   6  12],[220   0   0],22.44994432064365,0.0,100.0,[ 16 210  17],[  0 220   0],25.39685019840059,0.0,100.0,[  7   6 222],[  0   0 220],9.433981132056603,0.0,100.0
60,35,[228   2   6],[220   0   0],10.198039027185569,0.0,100.0,[  3 226  13],[  0 220   0],14.628738838327793,0.0,100.0,[ 16  13 230],[  0   0 220],22.9128784747792,0.0,100.0
60,36,[227   2  10],[220   0   0],12.36931687685298,0.0,100.0,[  7 200  15],[  0 220   0],25.96150997149434,0.0,100.0,[  8   4 222],[  0   0 220],9.16515138991168,0.0,100.0
60,37,[220   3   4],[220   0   0],5.0,0.0,100.0,[ 14 219   0],[  0 220   0],14.035668847618199,0.0,100.0,[ 12   4 236],[  0   0 220],20.396078054371138,0.0,100.0
60,38,[215  11   0],[220   0   0],12.083045973594572,0.0,100.0,[ 17 205  18],[  0 220   0],28.948229652260256,0.0,100.0,[  2  16 201],[  0   0 220],24.919871588754223,0.0,100.0
60,39,[213  10  14],[220   0   0],18.57417562100671,0.0,100.0,[  4 225   4],[  0 220   0],7.54983443527075,0.0,100.0,[ 19  17 234],[  0   0 220],29.086079144497972,0.0,100.0
60,40,[220  17   2],[220   0   0],17.11724276862369,0.0,100.0,[ 10 206  14],[  0 220   0],22.181073012818835,0.0,100.0,[ 11   4 227],[  0   0 220],13.638181696985855,0.0,100.0
60,41,[212  11  12],[220   0   0],18.138357147217054,0.0,100.0,[ 13 228   5],[  0 220   0],16.06237840420901,0.0,100.0,[ 12   1 208],[  0   0 220],17.0,0.0,100.0
60,42,[233  14   6],[220   0   0],20.024984394500787,0.0,100.0,[  5 228  14],[  0 220   0],16.881943016134134,0.0,100.0,[  6  18 211],[  0   0 220],21.0,0.0,100.0
60,43,[232  19   8],[220   0   0],23.853720883753127,0.0,100.0,[ 11 209  16],[  0 220   0],22.315913604421397,0.0,100.0,[ 14   4 238],[  0   0 220],23.15167380558045,0.0,100.0
60,44,[233  14  14],[220   0   0],23.68543856465402,0.0,100.0,[ 10 207   6],[  0 220   0],17.46424919657298,0.0,100.0,[ 14   0 234],[  0   0 220],19.79898987322333,0.0,100.0
60,45,[228  18  13],[220   0   0],23.600847442411894,0.0,100.0,[  1 237   6],[  0 220   0],18.05547008526779,0.0,100.0,[ 14   2 208],[  0   0 220],18.547236990991408,0.0,100.0
60,46,[220  19  14],[220   0   0],23.600847442411894,0.0,100.0,[  9 226   5],[  0 220   0],11.916375287812984,0.0,100.0,[ 19   8 212],[  0   0 220],22.11334438749598,0.0,100.0
60,47,[214  11  10],[220   0   0],16.0312195418814,0.0,100.0,[  9 230  17],[  0 220   0],21.6794833886788,0.0,100.0,[ 13   4 213],[  0   0 220],15.297058540778355,0.0,100.0
60,48,[201   1  15],[220   0   0],24.228082879171435,0.0,100.0,[ 18 230  14],[  0 220   0],24.899799195977465,0.0,100.0,[ 17  16 238],[  0   0 220],29.478805945967352,0.0,100.0
60,49,[223   1   6],[220   0   0],6.782329983125268,0.0,100.0,[  5 238  14],[  0 220   0],23.345235059857504,0.0,100.0,[ 19  13 231],[  0   0 220],25.514701644346147,0.0,100.0
60,50,[230   4   5],[220   0   0],11.874342087037917,0.0,100.0,[  6 216  14],[  0 220   0],15.748015748023622,0.0,100.0,[ 16   1 237],[  0   0 220],23.366642891095847,0.0,100.0
60,51,[201   0  16],[220   0   0],24.839484696748443,0.0,100.0,[  5 222   6],[  0 220   0],8.06225774829855,0.0,100.0,[ 17   9 210],[  0   0 220],21.6794833886788,0.0,100.0
60,52,[220  11  14],[220   0   0],17.804493814764857,0.0,100.0,[  5 204  18],[  0 220   0],24.596747752497688,0.0,100.0,[  4  12 219],[  0   0 220],12.68857754044952,0.0,100.0
60,53,[224   0  18],[220   0   0],18.439088914585774,0.0,100.0,[ 10 219   0],[  0 220   0],10.04987562112089,0.0,100.0,[  5   8 222],[  0   0 220],9.643650760992955,0.0,100.0
60,54,[215  12  16],[220   0   0],20.615528128088304,0.0,100.0,[  9 208  19],[  0 220   0],24.20743687382041,0.0,100.0,[  3  14 222],[  0   0 220],14.45683229480096,0.0,100.0
60,55,[220  16   8],[220   0   0],17.88854381999832,0.0,100.0,[  4 230  14],[  0 220   0],17.663521732655695,0.0,100.0,[  4   8 219],[  0   0 220],9.0,0.0,100.0
60,56,[225   9   1],[220   0   0],10.344080432788601,0.0,100.0,[ 16 221   1],[  0 220   0],16.06237840420901,0.0,100.0,[  3   7 225],[  0   0 220],9.1104335791443,0.0,100.0
60,57,[239   5   4],[220   0   0],20.049937655763422,0.0,100.0,[ 17 230  18],[  0 220   0],26.70205984563738,0.0,100.0,[ 15   2 228],[  0   0 220],17.11724276862369,0.0,100.0
60,58,[225   9   4],[220   0   0],11.045361017187261,0.0,100.0,[  7 205  17],[  0 220   0],23.727621035409346,0.0,100.0,[  9   9 203],[  0   0 220],21.236760581595302,0.0,100.0
60,59,[205  13   4],[220   0   0],20.248456731316587,0.0,100.0,[  7 237  10],[  0 220   0],20.92844953645635,0.0,100.0,[  8  12 210],[  0   0 220],17.549928774784245,0.0,100.0
60,60,[211   1   1],[220   0   0],9.1104335791443,0.0,100.0,[ 18 210  16],[  0 220   0],26.076809620810597,0.0,100.0,[  8   4 234],[  0   0 220],16.61324772583615,0.0,100.0
60,61,[209   1   0],[220   0   0],11.045361017187261,0.0,100.0,[  0 237   1],[  0 220   0],17.029386365926403,0.0,100.0,[ 17   9 205],[  0   0 220],24.392621835300936,0.0,100.0
60,62,[239  12   4],[220   0   0],22.825424421026653,0.0,100.0,[ 14 223  10],[  0 220   0],17.46424919657298,0.0,100.0,[ 18   5 222],[  0   0 220],18.788294228055936,0.0,100.0
60,63,[215   6  15],[220   0   0],16.911534525287763,0.0,100.0,[ 18 233   0],[  0 220   0],22.20360331117452,0.0,100.0,[  2  14 223],[  0   0 220],14.45683229480096,0.0,100.0
61,0,[201  16  12],[220   0   0],27.586228448267445,0.0,100.0,[ 18 213  14],[  0 220   0],23.853720883753127,0.0,100.0,[  4  10 224],[  0   0 220],11.489125293076057,0.0,100.0
61,1,[202   1  17],[220   0   0],24.779023386727733,0.0,100.0,[ 12 223  15],[  0 220   0],19.44222209522358,0.0,100.0,[ 14   4 230],[  0   0 220],17.663521732655695,0.0,100.0
61,2,[235   4   3],[220   0   0],15.811388300841896,0.0,100.0,[  7 234   0],[  0 220   0],15.652475842498529,0.0,100.0,[  3   3 235],[  0   0 220],15.588457268119896,0.0,100.0
61,3,[232  14   7],[220   0   0],19.72308292331602,0.0,100.0,[  0 218  15],[  0 220   0],15.132745950421556,0.0,100.0,[ 11   1 215],[  0   0 220],12.12435565298214,0.0,100.0
61,4,[215   6   1],[220   0   0],7.874007874011811,0.0,100.0,[ 16 209  15],[  0 220   0],24.535688292770594,0.0,100.0,[ 12   0 229],[  0   0 220],15.0,0.0,100.0
61,5,[224  10   2],[220   0   0],10.954451150103322,0.0,100.0,[  3 235   1],[  0 220   0],15.329709716755891,0.0,100.0,[  4  12 213],[  0   0 220],14.45683229480096,0.0,100.0
61,6,[202   9  11],[220   0   0],22.93468988235943,0.0,100.0,[  0 200  15],[  0 220   0],25.0,0.0,100.0,[  1  19 200],[  0   0 220],27.60434748368452,0.0,100.0
61,7,[223   1   3],[220   0   0],4.358898943540674,0.0,100.0,[  5 217  11],[  0 220   0],12.449899597988733,0.0,100.0,[ 11   5 230],[  0   0 220],15.684387141358123,0.0,100.0
61,8,[211  19   4],[220   0   0],21.400934559032695,0.0,100.0,[  5 210   0],[  0 220   0],11.180339887498949,0.0,100.0,[  0   8 205],[  0   0 220],17.0,0.0,100.0
61,9,[210   4  12],[220   0   0],16.1245154965971,0.0,100.0,[ 11 227   1],[  0 220   0],13.076696830622021,0.0,100.0,[  2   7 232],[  0   0 220],14.035668847618199,0.0,100.0
61,10,[220   0  11],[220   0   0],11.0,0.0,100.0,[ 18 210  11],[  0 220   0],23.345235059857504,0.0,100.0,[  9   9 222],[  0   0 220],12.884098726725126,0.0,100.0
61,11,[206   0   3],[220   0   0],14.317821063276353,0.0,100.0,[ 17 217   8],[  0 220   0],19.026297590440446,0.0,100.0,[  3   8 233],[  0   0 220],15.556349186104045,0.0,100.0
61,12,[238  15   3],[220   0   0],23.62202362203543,0.0,100.0,[  9 202  14],[  0 220   0],24.515301344262525,0.0,100.0,[ 13   3 224],[  0   0 220],13.92838827718412,0.0,100.0
61,13,[235  19  10],[220   0   0],26.19160170741759,0.0,100.0,[ 14 215   4],[  0 220   0],15.394804318340652,0.0,100.0,[  6  18 227],[  0   0 220],20.223748416156685,0.0,100.0
61,14,[237   7  12],[220   0   0],21.95449840010015,0.0,100.0,[ 11 216  11],[  0 220   0],16.06237840420901,0.0,100.0,[  1  12 221],[  0   0 220],12.083045973594572,0.0,100.0
61,15,[204  15   7],[220   0   0],23.021728866442675,0.0,100.0,[ 16 226   8],[  0 220   0],18.867962264113206,0.0,100.0,[ 19  18 214],[  0   0 220],26.851443164195103,0.0,100.0
61,16,[214  19  15],[220   0   0],24.939927826679853,0.0,100.0,[ 14 224   4],[  0 220   0],15.0996688705415,0.0,100.0,[  8  15 200],[  0   0 220],26.248809496813376,0.0,100.0
61,17,[231   9   3],[220   0   0],14.52583904633395,0.0,100.0,[ 14 207   1],[  0 220   0],19.131126469708992,0.0,100.0,[ 15   9 224],[  0   0 220],17.944358444926362,0.0,100.0
61,18,[228  19  17],[220   0   0],26.720778431774775,0.0,100.0,[  0 227  19],[  0 220   0],20.248456731316587,0.0,100.0,[ 13   7 209],[  0   0 220],18.411952639521967,0.0,100.0
61,19,[213   3  12],[220   0   0],14.212670403551895,0.0,100.0,[ 15 238   5],[  0 220   0],23.958297101421877,0.0,100.0,[  7  17 226],[  0   0 220],19.339079605813716,0.0,100.0
61,20,[209  18  10],[220   0   0],23.345235059857504,0.0,100.0,[ 13 228  11],[  0 220   0],18.81488772222678,0.0,100.0,[  1  18 201],[  0   0 220],26.19160170741759,0.0,100.0
61,21,[203  12  12],[220   0   0],24.020824298928627,0.0,100.0,[ 18 212  17],[  0 220   0],26.019223662515376,0.0,100.0,[ 12  13 221],[  0   0 220],17.72004514666935,0.0,100.0
61,22,[226  14  14],[220   0   0],20.688160865577203,0.0,100.0,[  3 232   2],[  0 220   0],12.529964086141668,0.0,100.0,[ 15  14 213],[  0   0 220],21.6794833886788,0.0,100.0
61,23,[218   9  11],[220   0   0],14.352700094407323,0.0,100.0,[  6 210  16],[  0 220   0],19.79898987322333,0.0,100.0,[ 10  14 223],[  0   0 220],17.46424919657298,0.0,100.0
61,24,[217   1  10],[220   0   0],10.488088481701515,0.0,100.0,[  5 210  12],[  0 220   0],16.401219466856727,0.0,100.0,[ 18  12 200],[  0   0 220],29.46183972531247,0.0,100.0
61,25,[236  11  13],[220   0   0],23.366642891095847,0.0,100.0,[  3 221   8],[  0 220   0],8.602325267042627,0.0,100.0,[ 19  14 201],[  0   0 220],30.298514815086232,0.0,100.0
61,26,[208  19   0],[220   0   0],22.47220505424423,0.0,100.0,[ 16 223   7],[  0 220   0],17.72004514666935,0.0,100.0,[  2  18 225],[  0   0 220],18.788294228055936,0.0,100.0
61,27,[215  13   4],[220   0   0],14.491376746189438,0.0,100.0,[ 12 201   8],[  0 220   0],23.853720883753127,0.0,100.0,[ 18  18 200],[  0   0 220],32.37282811247729,0.0,100.0
61,28,[213  12   1],[220   0   0],13.92838827718412,0.0,100.0,[ 12 233   9],[  0 220   0],19.849433241279208,0.0,100.0,[  9  16 213],[  0   0 220],19.6468827043885,0.0,100.0
61,29,[219   4   4],[220   0   0],5.744562646538029,0.0,100.0,[  7 213   1],[  0 220   0],9.9498743710662,0.0,100.0,[ 10  10 202],[  0   0 220],22.891046284519195,0.0,100.0
61,30,[220   5  18],[220   0   0],18.681541692269406,0.0,100.0,[ 15 214   3],[  0 220   0],16.431676725154983,0.0,100.0,[  1   2 228],[  0   0 220],8.306623862918075,0.0,100.0
61,31,[220  15   0],[220   0   0],15.0,0.0,100.0,[  8 231  11],[  0 220   0],17.4928556845359,0.0,100.0,[ 14  14 201],[  0   0 220],27.440845468024488,0.0,100.0
61,32,[213   8   2],[220   0   0],10.816653826391969,0.0,100.0,[ 17 238  14],[  0 220   0],28.442925306655784,0.0,100.0,[ 16   8 234],[  0   0 220],22.715633383201094,0.0,100.0
61,33,[239   5   7],[220   0   0],20.85665361461421,0.0,100.0,[  7 232  14],[  0 220   0],19.72308292331602,0.0,100.0,[ 18  18 226],[  0   0 220],26.153393661244042,0.0,100.0
61,34,[220  15  16],[220   0   0],21.93171219946131,0.0,100.0,[  4 208   0],[  0 220   0],12.649110640673518,0.0,100.0,[ 11  19 200],[  0   0 220],29.698484809834994,0.0,100.0
61,35,[212   9  11],[220   0   0],16.30950643030009,0.0,100.0,[  2 218  13],[  0 220   0],13.30413469565007,0.0,100.0,[ 18   3 218],[  0   0 220],18.35755975068582,0.0,100.0
61,36,[230   3  17],[220   0   0],19.949937343260004,0.0,100.0,[ 13 201   4],[  0 220   0],23.366642891095847,0.0,100.0,[  7   2 238],[  0   0 220],19.4164878389476,0.0,100.0
61,37,[224   2   3],[220   0   0],5.385164807134504,0.0,100.0,[  8 232  19],[  0 220   0],23.853720883753127,0.0,100.0,[ 17   0 234],[  0   0 220],22.02271554554524,0.0,100.0
61,38,[224   2   8],[220   0   0],9.16515138991168,0.0,100.0,[ 10 213   3],[  0 220   0],12.569805089976535,0.0,100.0,[ 19  19 211],[  0   0 220],28.337254630609507,0.0,100.0
61,39,[231  16  10],[220   0   0],21.840329667841555,0.0,100.0,[  5 220   8],[  0 220   0],9.433981132056603,0.0,100.0,[  4  19 211],[  0   0 220],21.400934559032695,0.0,100.0
61,40,[219   4  18],[220   0   0],18.466185312619388,0.0,100.0,[ 10 202   1],[  0 220   0],20.615528128088304,0.0,100.0,[  7  16 204],[  0   0 220],23.68543856465402,0.0,100.0
61,41,[237  15  18],[220   0   0],28.948229652260256,0.0,100.0,[  5 225   2],[  0 220   0],7.3484692283495345,0.0,100.0,[  5  18 220],[  0   0 220],18.681541692269406,0.0,100.0
61,42,[212  16  18],[220   0   0],25.37715508089904,0.0,100.0,[ 18 209   9],[  0 220   0],22.93468988235943,0.0,100.0,[ 17   9 207],[  0   0 220],23.2163735324878,0.0,100.0
61,43,[229   9  15],[220   0   0],19.672315572906,0.0,100.0,[ 11 206  15],[  0 220   0],23.280893453645632,0.0,100.0,[ 13  19 220],[  0   0 220],23.021728866442675,0.0,100.0
61,44,[224  13  14],[220   0   0],19.519221295943137,0.0,100.0,[ 18 228   6],[  0 220   0],20.591260281974,0.0,100.0,[ 17   5 209],[  0   0 220],20.85665361461421,0.0,100.0
61,45,[206  18  11],[220   0   0],25.317977802344327,0.0,100.0,[ 16 201   9],[  0 220   0],26.419689627245813,0.0,100.0,[  7   1 229],[  0   0 220],11.445523142259598,0.0,100.0
61,46,[214  19   3],[220   0   0],20.149441679609886,0.0,100.0,[ 19 222   6],[  0 220   0],20.024984394500787,0.0,100.0,[ 18  19 237],[  0   0 220],31.20897306865447,0.0,100.0
61,47,[204   8   7],[220   0   0],19.209372712298546,0.0,100.0,[ 12 226  15],[  0 220   0],20.12461179749811,0.0,100.0,[ 11  18 204],[  0   0 220],26.476404589747453,0.0,100.0
61,48,[235  14   2],[220   0   0],20.615528128088304,0.0,100.0,[  1 233  15],[  0 220   0],19.87460691435179,0.0,100.0,[  8  15 208],[  0   0 220],20.808652046684813,0.0,100.0
61,49,[204  14   6],[220   0   0],22.090722034374522,0.0,100.0,[  1 207  16],[  0 220   0],20.639767440550294,0.0,100.0,[ 15   1 228],[  0   0 220],17.029386365926403,0.0,100.0
61,50,[223  14  10],[220   0   0],17.46424919657298,0.0,100.0,[ 12 204   8],[  0 220   0],21.540659228538015,0.0,100.0,[ 18   1 207],[  0   0 220],22.22611077089287,0.0,100.0
61,51,[231   8   9],[220   0   0],16.30950643030009,0.0,100.0,[  4 208   1],[  0 220   0],12.68857754044952,0.0,100.0,[  1   6 226],[  0   0 220],8.54400374531753,0.0,100.0
61,52,[234   3   9],[220   0   0],16.911534525287763,0.0,100.0,[ 15 206   4],[  0 220   0],20.904544960366874,0.0,100.0,[ 11  10 231],[  0   0 220],18.49324200890693,0.0,100.0
61,53,[210   6   5],[220   0   0],12.68857754044952,0.0,100.0,[ 15 226   3],[  0 220   0],16.431676725154983,0.0,100.0,[ 10   0 218],[  0   0 220],10.198039027185569,0.0,100.0
61,54,[237  15   9],[220   0   0],24.392621835300936,0.0,100.0,[  6 214   1],[  0 220   0],8.54400374531753,0.0,100.0,[  9   2 209],[  0   0 220],14.352700094407323,0.0,100.0
61,55,[224   7   7],[220   0   0],10.677078252031311,0.0,100.0,[ 16 217  12],[  0 220   0],20.223748416156685,0.0,100.0,[ 19  15 217],[  0   0 220],24.392621835300936,0.0,100.0
61,56,[233  12  12],[220   0   0],21.37755832643195,0.0,100.0,[  4 212   5],[  0 220   0],10.246950765959598,0.0,100.0,[  8   3 222],[  0   0 220],8.774964387392123,0.0,100.0
61,57,[225   3   3],[220   0   0],6.557438524302,0.0,100.0,[ 16 238   8],[  0 220   0],25.37715508089904,0.0,100.0,[ 17  19 225],[  0   0 220],25.98076211353316,0.0,100.0
61,58,[214  15  14],[220   0   0],21.37755832643195,0.0,100.0,[  5 224   0],[  0 220   0],6.4031242374328485,0.0,100.0,[  1   0 214],[  0   0 220],6.082762530298219,0.0,100.0
61,59,[201  16  15],[220   0   0],29.017236257093817,0.0,100.0,[  2 229   4],[  0 220   0],10.04987562112089,0.0,100.0,[  4   8 236],[  0   0 220],18.33030277982336,0.0,100.0
61,60,[228  19  13],[220   0   0],24.372115213907882,0.0,100.0,[ 18 209   8],[  0 220   0],22.561028345356956,0.0,100.0,[  9  11 204],[  0   0 220],21.400934559032695,0.0,100.0
61,61,[217   1   1],[220   0   0],3.3166247903554,0.0,100.0,[ 17 224  15],[  0 220   0],23.021728866442675,0.0,100.0,[ 10   5 213],[  0   0 220],13.19090595827292,0.0,100.0
61,62,[215  14   6],[220   0   0],16.0312195418814,0.0,100.0,[  1 223  13],[  0 220   0],13.379088160259652,0.0,100.0,[ 13  13 227],[  0   0 220],19.672315572906,0.0,100.0
61,63,[212   2  15],[220   0   0],17.11724276862369,0.0,100.0,[ 14 206  13],[  0 220   0],23.68543856465402,0.0,100.0,[  3   8 239],[  0   0 220],20.83266665599966,0.0,100.0
62,0,[227   0   5],[220   0   0],8.602325267042627,0.0,100.0,[ 19 201   0],[  0 220   0],26.870057685088806,0.0,100.0,[  7   9 207],[  0   0 220],17.291616465790582,0.0,100.0
62,1,[220   9   6],[220   0   0],10.816653826391969,0.0,100.0,[ 10 232   9],[  0 220   0],18.027756377319946,0.0,100.0,[ 14  10 226],[  0   0 220],18.2208671582886,0.0,100.0
62,2,[231  19   3],[220   0   0],22.15851980616034,0.0,100.0,[  7 236   0],[  0 220   0],17.46424919657298,0.0,100.0,[  1  16 205],[  0   0 220],21.95449840010015,0.0,100.0
62,3,[216  15   9],[220   0   0],17.944358444926362,0.0,100.0,[  6 224  13],[  0 220   0],14.866068747318506,0.0,100.0,[ 11   9 232],[  0   0 220],18.601075237738275,0.0,100.0
62,4,[200  12   3],[220   0   0],23.515952032609693,0.0,100.0,[  0 237   5],[  0 220   0],17.72004514666935,0.0,100.0,[  7  14 221],[  0   0 220],15.684387141358123,0.0,100.0
62,5,[214  13  11],[220   0   0],18.05547008526779,0.0,100.0,[ 13 218  17],[  0 220   0],21.494185260204677,0.0,100.0,[  8   9 231],[  0   0 220],16.30950643030009,0.0,100.0
62,6,[222   6  13],[220   0   0],14.45683229480096,0.0,100.0,[  5 208   0],[  0 220   0],13.0,0.0,100.0,[ 11   2 229],[  0   0 220],14.352700094407323,0.0,100.0
62,7,[218  11  13],[220   0   0],17.146428199482248,0.0,100.0,[  9 221   8],[  0 220   0],12.083045973594572,0.0,100.0,[ 13  14 203],[  0   0 220],25.573423705088842,0.0,100.0
62,8,[200  12   4],[220   0   0],23.664319132398465,0.0,100.0,[ 14 233   4],[  0 220   0],19.519221295943137,0.0,100.0,[  7   2 215],[  0   0 220],8.831760866327848,0.0,100.0
62,9,[215  15  10],[220   0   0],18.708286933869708,0.0,100.0,[  5 215   8],[  0 220   0],10.677078252031311,0.0,100.0,[  4  13 226],[  0   0 220],14.866068747318506,0.0,100.0
62,10,[233  14  10],[220   0   0],21.563858652847824,0.0,100.0,[ 12 205   9],[  0 220   0],21.213203435596427,0.0,100.0,[  0  17 217],[  0   0 220],17.26267650163207,0.0,100.0
62,11,[218  18   2],[220   0   0],18.2208671582886,0.0,100.0,[ 15 214   8],[  0 220   0],18.027756377319946,0.0,100.0,[ 16  13 236],[  0   0 220],26.095976701399778,0.0,100.0
62,12,[212   3   4],[220   0   0],9.433981132056603,0.0,100.0,[  0 201   4],[  0 220   0],19.4164878389476,0.0,100.0,[  9  13 212],[  0   0 220],17.72004514666935,0.0,100.0
62,13,[204  15   0],[220   0   0],21.93171219946131,0.0,100.0,[  8 220  13],[  0 220   0],15.264337522473747,0.0,100.0,[ 18  19 237],[  0   0 220],31.20897306865447,0.0,100.0
62,14,[204  10   3],[220   0   0],19.1049731745428,0.0,100.0,[ 18 203  10],[  0 220   0],26.70205984563738,0.0,100.0,[ 15  13 233],[  0   0 220],23.727621035409346,0.0,100.0
62,15,[223  17  15],[220   0   0],22.869193252058544,0.0,100.0,[ 16 222   7],[  0 220   0],17.578395831246947,0.0,100.0,[ 14   2 209],[  0   0 220],17.916472867168917,0.0,100.0
62,16,[209   8   2],[220   0   0],13.74772708486752,0.0,100.0,[  9 221   4],[  0 220   0],9.899494936611665,0.0,100.0,[  5  10 212],[  0   0 220],13.74772708486752,0.0,100.0
62,17,[200   8  16],[220   0   0],26.832815729997478,0.0,100.0,[ 13 235   6],[  0 220   0],20.73644135332772,0.0,100.0,[ 11   9 226],[  0   0 220],15.427248620541512,0.0,100.0
62,18,[216   5   3],[220   0   0],7.0710678118654755,0.0,100.0,[  3 208   8],[  0 220   0],14.730919862656235,0.0,100.0,[  9   9 219],[  0   0 220],12.767145334803704,0.0,100.0
62,19,[209  14   5],[220   0   0],18.49324200890693,0.0,100.0,[ 11 215   2],[  0 220   0],12.24744871391589,0.0,100.0,[  3   4 203],[  0   0 220],17.72004514666935,0.0,100.0
62,20,[224   0  12],[220   0   0],12.649110640673518,0.0,100.0,[ 12 212  15],[  0 220   0],20.808652046684813,0.0,100.0,[  7  10 229],[  0   0 220],15.165750888103101,0.0,100.0
62,21,[204  19  17],[220   0   0],30.099833886584822,0.0,100.0,[  2 204   5],[  0 220   0],16.881943016134134,0.0,100.0,[ 16  18 218],[  0   0 220],24.166091947189145,0.0,100.0
62,22,[201   6  11],[220   0   0],22.759613353482084,0.0,100.0,[ 10 220   1],[  0 220   0],10.04987562112089,0.0,100.0,[ 17   5 221],[  0   0 220],17.74823934929885,0.0,100.0
62,23,[201   4  14],[220   0   0],23.93741840717165,0.0,100.0,[ 10 232   6],[  0 220   0],16.73320053068151,0.0,100.0,[ 15  18 236],[  0   0 220],28.372521918222215,0.0,100.0
62,24,[206   5   6],[220   0   0],16.0312195418814,0.0,100.0,[ 14 222  15],[  0 220   0],20.615528128088304,0.0,100.0,[  6  16 226],[  0   0 220],18.110770276274835,0.0,100.0
62,25,[216   3  13],[220   0   0],13.92838827718412,0.0,100.0,[ 17 217   6],[  0 220   0],18.275666882497067,0.0,100.0,[ 14   2 239],[  0   0 220],23.68543856465402,0.0,100.0
62,26,[235   7  13],[220   0   0],21.047565179849187,0.0,100.0,[ 12 212  16],[  0 220   0],21.540659228538015,0.0,100.0,[  2  14 225],[  0   0 220],15.0,0.0,100.0
62,27,[225   7   4],[220   0   0],9.486832980505138,0.0,100.0,[ 16 217  19],[  0 220   0],25.019992006393608,0.0,100.0,[  4  12 212],[  0   0 220],14.966629547095765,0.0,100.0
62,28,[220   0  15],[220   0   0],15.0,0.0,100.0,[  4 216   1],[  0 220   0],5.744562646538029,0.0,100.0,[ 10  10 206],[  0   0 220],19.8997487421324,0.0,100.0
62,29,[209  19  15],[220   0   0],26.589471600616662,0.0,100.0,[ 10 216   9],[  0 220   0],14.035668847618199,0.0,100.0,[  4   9 214],[  0   0 220],11.532562594670797,0.0,100.0
62,30,[210  17  17],[220   0   0],26.038433132583073,0.0,100.0,[  8 204  10],[  0 220   0],20.493901531919196,0.0,100.0,[ 14   3 209],[  0   0 220],18.05547008526779,0.0,100.0
62,31,[203  19   1],[220   0   0],25.514701644346147,0.0,100.0,[ 17 202  11],[  0 220   0],27.09243436828813,0.0,100.0,[ 18  17 200],[  0   0 220],31.827660925679098,0.0,100.0
62,32,[216   5   9],[220   0   0],11.045361017187261,0.0,100.0,[  5 213   6],[  0 220   0],10.488088481701515,0.0,100.0,[  8  18 235],[  0   0 220],24.758836806279895,0.0,100.0
62,33,[239   7   9],[220   0   0],22.15851980616034,0.0,100.0,[ 19 201  13],[  0 220   0],29.8496231131986,0.0,100.0,[ 11   3 206],[  0   0 220],18.05547008526779,0.0,100.0
62,34,[211  17  11],[220   0   0],22.15851980616034,0.0,100.0,[  2 227   0],[  0 220   0],7.280109889280518,0.0,100.0,[  6   1 205],[  0   0 220],16.186414056238647,0.0,100.0
62,35,[220  18  19],[220   0   0],26.1725046566048,0.0,100.0,[  1 206   2],[  0 220   0],14.177446878757825,0.0,100.0,[  2  18 226],[  0   0 220],19.078784028338912,0.0,100.0
62,36,[227   8   3],[220   0   0],11.045361017187261,0.0,100.0,[ 14 225   9],[  0 220   0],17.378147196982766,0.0,100.0,[  7   9 226],[  0   0 220],12.884098726725126,0.0,100.0
62,37,[213   1  10],[220   0   0],12.24744871391589,0.0,100.0,[ 18 234  19],[  0 220   0],29.68164415931166,0.0,100.0,[ 18   8 237],[  0   0 220],26.019223662515376,0.0,100.0
62,38,[206  13  12],[220   0   0],22.561028345356956,0.0,100.0,[ 10 217  10],[  0 220   0],14.45683229480096,0.0,100.0,[  0   8 236],[  0   0 220],17.88854381999832,0.0,100.0
62,39,[234   2   1],[220   0   0],14.177446878757825,0.0,100.0,[  6 228  12],[  0 220   0],15.620499351813308,0.0,100.0,[  5  16 212],[  0   0 220],18.57417562100671,0.0,100.0
62,40,[204  10   5],[220   0   0],19.519221295943137,0.0,100.0,[  7 221  17],[  0 220   0],18.411952639521967,0.0,100.0,[ 16   1 238],[  0   0 220],24.1039415863879,0.0,100.0
62,41,[210   6  19],[220   0   0],22.293496809607955,0.0,100.0,[  2 210   5],[  0 220   0],11.357816691600547,0.0,100.0,[  5  14 225],[  0   0 220],15.684387141358123,0.0,100.0
62,42,[235  16  11],[220   0   0],24.535688292770594,0.0,100.0,[  7 239  18],[  0 220   0],27.09243436828813,0.0,100.0,[  2  12 200],[  0   0 220],23.40939982143925,0.0,100.0
62,43,[227  19   1],[220   0   0],20.273134932713294,0.0,100.0,[ 17 213   7],[  0 220   0],19.672315572906,0.0,100.0,[  0   4 204],[  0   0 220],16.492422502470642,0.0,100.0
62,44,[216   5   0],[220   0   0],6.4031242374328485,0.0,100.0,[  0 210  16],[  0 220   0],18.867962264113206,0.0,100.0,[ 17  14 225],[  0   0 220],22.58317958127243,0.0,100.0
62,45,[236  19   8],[220   0   0],26.095976701399778,0.0,100.0,[ 12 204  11],[  0 220   0],22.825424421026653,0.0,100.0,[ 14  13 239],[  0   0 220],26.94438717061496,0.0,100.0
62,46,[204   9   4],[220   0   0],18.788294228055936,0.0,100.0,[  4 214  14],[  0 220   0],15.748015748023622,0.0,100.0,[ 19  13 207],[  0   0 220],26.43860813280457,0.0,100.0
62,47,[200   3  14],[220   0   0],24.596747752497688,0.0,100.0,[ 17 206   5],[  0 220   0],22.58317958127243,0.0,100.0,[ 16  13 209],[  0   0 220],23.366642891095847,0.0,100.0
62,48,[203   3   3],[220   0   0],17.52141546793523,0.0,100.0,[  0 219   7],[  0 220   0],7.0710678118654755,0.0,100.0,[ 10   7 230],[  0   0 220],15.7797338380595,0.0,100.0
62,49,[204  16   4],[220   0   0],22.978250586152114,0.0,100.0,[  8 239  17],[  0 220   0],26.720778431774775,0.0,100.0,[  2  18 215],[  0   0 220],18.788294228055936,0.0,100.0
62,50,[223   6   8],[220   0   0],10.44030650891055,0.0,100.0,[  6 228   3],[  0 220   0],10.44030650891055,0.0,100.0,[  8   4 226],[  0   0 220],10.770329614269007,0.0,100.0
62,51,[232  16   1],[220   0   0],20.024984394500787,0.0,100.0,[  8 231   6],[  0 220   0],14.866068747318506,0.0,100.0,[  9   8 215],[  0   0 220],13.038404810405298,0.0,100.0
62,52,[220   4   0],[220   0   0],4.0,0.0,100.0,[  6 214  11],[  0 220   0],13.892443989449804,0.0,100.0,[  6   2 204],[  0   0 220],17.204650534085253,0.0,100.0
62,53,[202   5  14],[220   0   0],23.345235059857504,0.0,100.0,[  1 225  14],[  0 220   0],14.89966442575134,0.0,100.0,[ 15   9 207],[  0   0 220],21.79449471770337,0.0,100.0
62,54,[233  14   6],[220   0   0],20.024984394500787,0.0,100.0,[  4 219  12],[  0 220   0],12.68857754044952,0.0,100.0,[ 15   8 212],[  0   0 220],18.788294228055936,0.0,100.0
62,55,[231  16   0],[220   0   0],19.4164878389476,0.0,100.0,[  8 226   4],[  0 220   0],10.770329614269007,0.0,100.0,[ 17  17 238],[  0   0 220],30.033314835362415,0.0,100.0
62,56,[208  19   7],[220   0   0],23.53720459187964,0.0,100.0,[  9 234   9],[  0 220   0],18.920887928424502,0.0,100.0,[  5   5 231],[  0   0 220],13.076696830622021,0.0,100.0
62,57,[208  19  19],[220   0   0],29.427877939124322,0.0,100.0,[ 12 209   5],[  0 220   0],17.029386365926403,0.0,100.0,[  2  19 232],[  0   0 220],22.561028345356956,0.0,100.0
62,58,[232   3   3],[220   0   0],12.727922061357855,0.0,100.0,[  4 223   9],[  0 220   0],10.295630140987,0.0,100.0,[ 13   5 200],[  0   0 220],24.372115213907882,0.0,100.0
62,59,[236   3  11],[220   0   0],19.6468827043885,0.0,100.0,[ 12 237  13],[  0 220   0],24.535688292770594,0.0,100.0,[ 12  10 211],[  0   0 220],18.027756377319946,0.0,100.0
62,60,[214  19  19],[220   0   0],27.53179979587241,0.0,100.0,[  7 234  15],[  0 220   0],21.6794833886788,0.0,100.0,[ 19  16 224],[  0   0 220],25.15949125081825,0.0,100.0
62,61,[219   9   4],[220   0   0],9.899494936611665,0.0,100.0,[  1 201  10],[  0 220   0],21.494185260204677,0.0,100.0,[ 13  14 237],[  0   0 220],25.573423705088842,0.0,100.0
62,62,[226  12   1],[220   0   0],13.45362404707371,0.0,100.0,[  3 208  18],[  0 220   0],21.840329667841555,0.0,100.0,[ 15   9 235],[  0   0 220],23.043437243605826,0.0,100.0
62,63,[202   4   2],[220   0   0],18.547236990991408,0.0,100.0,[  3 215  14],[  0 220   0],15.165750888103101,0.0,100.0,[ 19  11 201],[  0   0 220],29.03446228191595,0.0,100.0
